Fitter report for banco_registros
Thu Oct 24 13:53:42 2024
Quartus Prime Version 22.1std.1 Build 917 02/14/2023 SC Lite Edition


---------------------
; Table of Contents ;
---------------------
  1. Legal Notice
  2. Fitter Summary
  3. Fitter Settings
  4. Parallel Compilation
  5. Incremental Compilation Preservation Summary
  6. Incremental Compilation Partition Settings
  7. Incremental Compilation Placement Preservation
  8. Pin-Out File
  9. Fitter Resource Usage Summary
 10. Fitter Partition Statistics
 11. Input Pins
 12. Output Pins
 13. Dual Purpose and Dedicated Pins
 14. I/O Bank Usage
 15. All Package Pins
 16. I/O Assignment Warnings
 17. Fitter Resource Utilization by Entity
 18. Delay Chain Summary
 19. Pad To Core Delay Chain Fanout
 20. Control Signals
 21. Global & Other Fast Signals
 22. Routing Usage Summary
 23. LAB Logic Elements
 24. LAB-wide Signals
 25. LAB Signals Sourced
 26. LAB Signals Sourced Out
 27. LAB Distinct Inputs
 28. I/O Rules Summary
 29. I/O Rules Details
 30. I/O Rules Matrix
 31. Fitter Device Options
 32. Operating Settings and Conditions
 33. Fitter Messages
 34. Fitter Suppressed Messages



----------------
; Legal Notice ;
----------------
Copyright (C) 2023  Intel Corporation. All rights reserved.
Your use of Intel Corporation's design tools, logic functions 
and other software and tools, and any partner logic 
functions, and any output files from any of the foregoing 
(including device programming or simulation files), and any 
associated documentation or information are expressly subject 
to the terms and conditions of the Intel Program License 
Subscription Agreement, the Intel Quartus Prime License Agreement,
the Intel FPGA IP License Agreement, or other applicable license
agreement, including, without limitation, that your use is for
the sole purpose of programming logic devices manufactured by
Intel and sold by Intel or its authorized distributors.  Please
refer to the applicable agreement for further details, at
https://fpgasoftware.intel.com/eula.



+-------------------------------------------------------------------------------------+
; Fitter Summary                                                                      ;
+------------------------------------+------------------------------------------------+
; Fitter Status                      ; Successful - Thu Oct 24 13:53:42 2024          ;
; Quartus Prime Version              ; 22.1std.1 Build 917 02/14/2023 SC Lite Edition ;
; Revision Name                      ; banco_registros                                ;
; Top-level Entity Name              ; banco_registros                                ;
; Family                             ; MAX 10                                         ;
; Device                             ; 10M50DAF484C7G                                 ;
; Timing Models                      ; Final                                          ;
; Total logic elements               ; 77 / 49,760 ( < 1 % )                          ;
;     Total combinational functions  ; 77 / 49,760 ( < 1 % )                          ;
;     Dedicated logic registers      ; 32 / 49,760 ( < 1 % )                          ;
; Total registers                    ; 32                                             ;
; Total pins                         ; 195 / 360 ( 54 % )                             ;
; Total virtual pins                 ; 0                                              ;
; Total memory bits                  ; 0 / 1,677,312 ( 0 % )                          ;
; Embedded Multiplier 9-bit elements ; 0 / 288 ( 0 % )                                ;
; Total PLLs                         ; 0 / 4 ( 0 % )                                  ;
; UFM blocks                         ; 0 / 1 ( 0 % )                                  ;
; ADC blocks                         ; 0 / 2 ( 0 % )                                  ;
+------------------------------------+------------------------------------------------+


+----------------------------------------------------------------------------------------------------------------------------------------------------+
; Fitter Settings                                                                                                                                    ;
+--------------------------------------------------------------------+---------------------------------------+---------------------------------------+
; Option                                                             ; Setting                               ; Default Value                         ;
+--------------------------------------------------------------------+---------------------------------------+---------------------------------------+
; Device                                                             ; 10M50DAF484C7G                        ;                                       ;
; Minimum Core Junction Temperature                                  ; 0                                     ;                                       ;
; Maximum Core Junction Temperature                                  ; 85                                    ;                                       ;
; Fit Attempts to Skip                                               ; 0                                     ; 0.0                                   ;
; Use smart compilation                                              ; Off                                   ; Off                                   ;
; Enable parallel Assembler and Timing Analyzer during compilation   ; On                                    ; On                                    ;
; Enable compact report table                                        ; Off                                   ; Off                                   ;
; Auto Merge PLLs                                                    ; On                                    ; On                                    ;
; Router Timing Optimization Level                                   ; Normal                                ; Normal                                ;
; Perform Clocking Topology Analysis During Routing                  ; Off                                   ; Off                                   ;
; Placement Effort Multiplier                                        ; 1.0                                   ; 1.0                                   ;
; Router Effort Multiplier                                           ; 1.0                                   ; 1.0                                   ;
; Optimize Hold Timing                                               ; All Paths                             ; All Paths                             ;
; Optimize Multi-Corner Timing                                       ; On                                    ; On                                    ;
; Power Optimization During Fitting                                  ; Normal compilation                    ; Normal compilation                    ;
; SSN Optimization                                                   ; Off                                   ; Off                                   ;
; Optimize Timing                                                    ; Normal compilation                    ; Normal compilation                    ;
; Optimize Timing for ECOs                                           ; Off                                   ; Off                                   ;
; Regenerate Full Fit Report During ECO Compiles                     ; Off                                   ; Off                                   ;
; Optimize IOC Register Placement for Timing                         ; Normal                                ; Normal                                ;
; Final Placement Optimizations                                      ; Automatically                         ; Automatically                         ;
; Fitter Initial Placement Seed                                      ; 1                                     ; 1                                     ;
; Periphery to Core Placement and Routing Optimization               ; Off                                   ; Off                                   ;
; PCI I/O                                                            ; Off                                   ; Off                                   ;
; Weak Pull-Up Resistor                                              ; Off                                   ; Off                                   ;
; Enable Bus-Hold Circuitry                                          ; Off                                   ; Off                                   ;
; Auto Packed Registers                                              ; Auto                                  ; Auto                                  ;
; Auto Delay Chains                                                  ; On                                    ; On                                    ;
; Auto Delay Chains for High Fanout Input Pins                       ; Off                                   ; Off                                   ;
; Allow Single-ended Buffer for Differential-XSTL Input              ; Off                                   ; Off                                   ;
; Treat Bidirectional Pin as Output Pin                              ; Off                                   ; Off                                   ;
; Perform Physical Synthesis for Combinational Logic for Fitting     ; Off                                   ; Off                                   ;
; Perform Physical Synthesis for Combinational Logic for Performance ; Off                                   ; Off                                   ;
; Perform Register Duplication for Performance                       ; Off                                   ; Off                                   ;
; Perform Logic to Memory Mapping for Fitting                        ; Off                                   ; Off                                   ;
; Perform Register Retiming for Performance                          ; Off                                   ; Off                                   ;
; Perform Asynchronous Signal Pipelining                             ; Off                                   ; Off                                   ;
; Fitter Effort                                                      ; Auto Fit                              ; Auto Fit                              ;
; Physical Synthesis Effort Level                                    ; Normal                                ; Normal                                ;
; Logic Cell Insertion - Logic Duplication                           ; Auto                                  ; Auto                                  ;
; Auto Register Duplication                                          ; Auto                                  ; Auto                                  ;
; Auto Global Clock                                                  ; On                                    ; On                                    ;
; Auto Global Register Control Signals                               ; On                                    ; On                                    ;
; Reserve all unused pins                                            ; As input tri-stated with weak pull-up ; As input tri-stated with weak pull-up ;
; Synchronizer Identification                                        ; Auto                                  ; Auto                                  ;
; Enable Beneficial Skew Optimization                                ; On                                    ; On                                    ;
; Optimize Design for Metastability                                  ; On                                    ; On                                    ;
; Force Fitter to Avoid Periphery Placement Warnings                 ; Off                                   ; Off                                   ;
; Enable input tri-state on active configuration pins in user mode   ; Off                                   ; Off                                   ;
+--------------------------------------------------------------------+---------------------------------------+---------------------------------------+


+------------------------------------------+
; Parallel Compilation                     ;
+----------------------------+-------------+
; Processors                 ; Number      ;
+----------------------------+-------------+
; Number detected on machine ; 4           ;
; Maximum allowed            ; 2           ;
;                            ;             ;
; Average used               ; 1.01        ;
; Maximum used               ; 2           ;
;                            ;             ;
; Usage by Processor         ; % Time Used ;
;     Processor 1            ; 100.0%      ;
;     Processor 2            ;   0.8%      ;
+----------------------------+-------------+


+--------------------------------------------------------------------------------------------------+
; Incremental Compilation Preservation Summary                                                     ;
+---------------------+--------------------+----------------------------+--------------------------+
; Type                ; Total [A + B]      ; From Design Partitions [A] ; From Rapid Recompile [B] ;
+---------------------+--------------------+----------------------------+--------------------------+
; Placement (by node) ;                    ;                            ;                          ;
;     -- Requested    ; 0.00 % ( 0 / 519 ) ; 0.00 % ( 0 / 519 )         ; 0.00 % ( 0 / 519 )       ;
;     -- Achieved     ; 0.00 % ( 0 / 519 ) ; 0.00 % ( 0 / 519 )         ; 0.00 % ( 0 / 519 )       ;
;                     ;                    ;                            ;                          ;
; Routing (by net)    ;                    ;                            ;                          ;
;     -- Requested    ; 0.00 % ( 0 / 0 )   ; 0.00 % ( 0 / 0 )           ; 0.00 % ( 0 / 0 )         ;
;     -- Achieved     ; 0.00 % ( 0 / 0 )   ; 0.00 % ( 0 / 0 )           ; 0.00 % ( 0 / 0 )         ;
+---------------------+--------------------+----------------------------+--------------------------+


+----------------------------------------------------------------------------------------------------------------------------------------------------------------------------------------+
; Incremental Compilation Partition Settings                                                                                                                                             ;
+--------------------------------+----------------+-------------------+-------------------------+------------------------+------------------------------+--------------------------------+
; Partition Name                 ; Partition Type ; Netlist Type Used ; Preservation Level Used ; Netlist Type Requested ; Preservation Level Requested ; Contents                       ;
+--------------------------------+----------------+-------------------+-------------------------+------------------------+------------------------------+--------------------------------+
; Top                            ; User-created   ; Source File       ; N/A                     ; Source File            ; N/A                          ;                                ;
; hard_block:auto_generated_inst ; Auto-generated ; Source File       ; N/A                     ; Source File            ; N/A                          ; hard_block:auto_generated_inst ;
+--------------------------------+----------------+-------------------+-------------------------+------------------------+------------------------------+--------------------------------+


+------------------------------------------------------------------------------------------------------------------------------------+
; Incremental Compilation Placement Preservation                                                                                     ;
+--------------------------------+-----------------------+-------------------------+-------------------+---------------------+-------+
; Partition Name                 ; Preservation Achieved ; Preservation Level Used ; Netlist Type Used ; Preservation Method ; Notes ;
+--------------------------------+-----------------------+-------------------------+-------------------+---------------------+-------+
; Top                            ; 0.00 % ( 0 / 503 )    ; N/A                     ; Source File       ; N/A                 ;       ;
; hard_block:auto_generated_inst ; 0.00 % ( 0 / 16 )     ; N/A                     ; Source File       ; N/A                 ;       ;
+--------------------------------+-----------------------+-------------------------+-------------------+---------------------+-------+


+--------------+
; Pin-Out File ;
+--------------+
The pin-out file can be found in D:/Users/JuanDavidMedellinC/Downloads/proyectosQuartus/banco_registros/output_files/banco_registros.pin.


+---------------------------------------------------------------------+
; Fitter Resource Usage Summary                                       ;
+---------------------------------------------+-----------------------+
; Resource                                    ; Usage                 ;
+---------------------------------------------+-----------------------+
; Total logic elements                        ; 77 / 49,760 ( < 1 % ) ;
;     -- Combinational with no register       ; 45                    ;
;     -- Register only                        ; 0                     ;
;     -- Combinational with a register        ; 32                    ;
;                                             ;                       ;
; Logic element usage by number of LUT inputs ;                       ;
;     -- 4 input functions                    ; 10                    ;
;     -- 3 input functions                    ; 1                     ;
;     -- <=2 input functions                  ; 66                    ;
;     -- Register only                        ; 0                     ;
;                                             ;                       ;
; Logic elements by mode                      ;                       ;
;     -- normal mode                          ; 77                    ;
;     -- arithmetic mode                      ; 0                     ;
;                                             ;                       ;
; Total registers*                            ; 32 / 51,509 ( < 1 % ) ;
;     -- Dedicated logic registers            ; 32 / 49,760 ( < 1 % ) ;
;     -- I/O registers                        ; 0 / 1,749 ( 0 % )     ;
;                                             ;                       ;
; Total LABs:  partially or completely used   ; 10 / 3,110 ( < 1 % )  ;
; Virtual pins                                ; 0                     ;
; I/O pins                                    ; 195 / 360 ( 54 % )    ;
;     -- Clock pins                           ; 4 / 8 ( 50 % )        ;
;     -- Dedicated input pins                 ; 1 / 1 ( 100 % )       ;
;                                             ;                       ;
; M9Ks                                        ; 0 / 182 ( 0 % )       ;
; UFM blocks                                  ; 0 / 1 ( 0 % )         ;
; ADC blocks                                  ; 0 / 2 ( 0 % )         ;
; Total block memory bits                     ; 0 / 1,677,312 ( 0 % ) ;
; Total block memory implementation bits      ; 0 / 1,677,312 ( 0 % ) ;
; Embedded Multiplier 9-bit elements          ; 0 / 288 ( 0 % )       ;
; PLLs                                        ; 0 / 4 ( 0 % )         ;
; Global signals                              ; 1                     ;
;     -- Global clocks                        ; 1 / 20 ( 5 % )        ;
; JTAGs                                       ; 0 / 1 ( 0 % )         ;
; CRC blocks                                  ; 0 / 1 ( 0 % )         ;
; Remote update blocks                        ; 0 / 1 ( 0 % )         ;
; Oscillator blocks                           ; 0 / 1 ( 0 % )         ;
; Impedance control blocks                    ; 0 / 1 ( 0 % )         ;
; Average interconnect usage (total/H/V)      ; 0.2% / 0.1% / 0.2%    ;
; Peak interconnect usage (total/H/V)         ; 1.1% / 1.2% / 0.9%    ;
; Maximum fan-out                             ; 32                    ;
; Highest non-global fan-out                  ; 32                    ;
; Total fan-out                               ; 539                   ;
; Average fan-out                             ; 1.04                  ;
+---------------------------------------------+-----------------------+
*  Register count does not include registers inside RAM blocks or DSP blocks.



+-----------------------------------------------------------------------------------------------------+
; Fitter Partition Statistics                                                                         ;
+---------------------------------------------+----------------------+--------------------------------+
; Statistic                                   ; Top                  ; hard_block:auto_generated_inst ;
+---------------------------------------------+----------------------+--------------------------------+
; Difficulty Clustering Region                ; Low                  ; Low                            ;
;                                             ;                      ;                                ;
; Total logic elements                        ; 77 / 49760 ( < 1 % ) ; 0 / 49760 ( 0 % )              ;
;     -- Combinational with no register       ; 45                   ; 0                              ;
;     -- Register only                        ; 0                    ; 0                              ;
;     -- Combinational with a register        ; 32                   ; 0                              ;
;                                             ;                      ;                                ;
; Logic element usage by number of LUT inputs ;                      ;                                ;
;     -- 4 input functions                    ; 10                   ; 0                              ;
;     -- 3 input functions                    ; 1                    ; 0                              ;
;     -- <=2 input functions                  ; 66                   ; 0                              ;
;     -- Register only                        ; 0                    ; 0                              ;
;                                             ;                      ;                                ;
; Logic elements by mode                      ;                      ;                                ;
;     -- normal mode                          ; 77                   ; 0                              ;
;     -- arithmetic mode                      ; 0                    ; 0                              ;
;                                             ;                      ;                                ;
; Total registers                             ; 32                   ; 0                              ;
;     -- Dedicated logic registers            ; 32 / 49760 ( < 1 % ) ; 0 / 49760 ( 0 % )              ;
;     -- I/O registers                        ; 0                    ; 0                              ;
;                                             ;                      ;                                ;
; Total LABs:  partially or completely used   ; 10 / 3110 ( < 1 % )  ; 0 / 3110 ( 0 % )               ;
;                                             ;                      ;                                ;
; Virtual pins                                ; 0                    ; 0                              ;
; I/O pins                                    ; 195                  ; 0                              ;
; Embedded Multiplier 9-bit elements          ; 0 / 288 ( 0 % )      ; 0 / 288 ( 0 % )                ;
; Total memory bits                           ; 0                    ; 0                              ;
; Total RAM block bits                        ; 0                    ; 0                              ;
; Clock control block                         ; 1 / 24 ( 4 % )       ; 0 / 24 ( 0 % )                 ;
; User Flash Memory                           ; 1 / 1 ( 100 % )      ; 0 / 1 ( 0 % )                  ;
; Analog-to-Digital Converter                 ; 2 / 2 ( 100 % )      ; 0 / 2 ( 0 % )                  ;
;                                             ;                      ;                                ;
; Connections                                 ;                      ;                                ;
;     -- Input Connections                    ; 0                    ; 0                              ;
;     -- Registered Input Connections         ; 0                    ; 0                              ;
;     -- Output Connections                   ; 0                    ; 0                              ;
;     -- Registered Output Connections        ; 0                    ; 0                              ;
;                                             ;                      ;                                ;
; Internal Connections                        ;                      ;                                ;
;     -- Total Connections                    ; 545                  ; 8                              ;
;     -- Registered Connections               ; 64                   ; 0                              ;
;                                             ;                      ;                                ;
; External Connections                        ;                      ;                                ;
;     -- Top                                  ; 0                    ; 0                              ;
;     -- hard_block:auto_generated_inst       ; 0                    ; 0                              ;
;                                             ;                      ;                                ;
; Partition Interface                         ;                      ;                                ;
;     -- Input Ports                          ; 131                  ; 0                              ;
;     -- Output Ports                         ; 64                   ; 0                              ;
;     -- Bidir Ports                          ; 0                    ; 0                              ;
;                                             ;                      ;                                ;
; Registered Ports                            ;                      ;                                ;
;     -- Registered Input Ports               ; 0                    ; 0                              ;
;     -- Registered Output Ports              ; 0                    ; 0                              ;
;                                             ;                      ;                                ;
; Port Connectivity                           ;                      ;                                ;
;     -- Input Ports driven by GND            ; 0                    ; 0                              ;
;     -- Output Ports driven by GND           ; 0                    ; 0                              ;
;     -- Input Ports driven by VCC            ; 0                    ; 0                              ;
;     -- Output Ports driven by VCC           ; 0                    ; 0                              ;
;     -- Input Ports with no Source           ; 0                    ; 0                              ;
;     -- Output Ports with no Source          ; 0                    ; 0                              ;
;     -- Input Ports with no Fanout           ; 0                    ; 0                              ;
;     -- Output Ports with no Fanout          ; 0                    ; 0                              ;
+---------------------------------------------+----------------------+--------------------------------+


+---------------------------------------------------------------------------------------------------------------------------------------------------------------------------------------------------------------------------------------------------------------------------------------------+
; Input Pins                                                                                                                                                                                                                                                                                  ;
+------------+-------+----------+--------------+--------------+--------------+-----------------------+--------------------+--------+----------------+---------------+-----------------+----------+--------------+--------------+---------------------------+----------------------+-----------+
; Name       ; Pin # ; I/O Bank ; X coordinate ; Y coordinate ; Z coordinate ; Combinational Fan-Out ; Registered Fan-Out ; Global ; Input Register ; Power Up High ; PCI I/O Enabled ; Bus Hold ; Weak Pull Up ; I/O Standard ; Termination Control Block ; Location assigned by ; Slew Rate ;
+------------+-------+----------+--------------+--------------+--------------+-----------------------+--------------------+--------+----------------+---------------+-----------------+----------+--------------+--------------+---------------------------+----------------------+-----------+
; RegWrite   ; A7    ; 7        ; 49           ; 54           ; 28           ; 1                     ; 0                  ; no     ; no             ; no            ; yes             ; no       ; Off          ; 2.5 V        ; --                        ; User                 ; 0         ;
; addrRa[0]  ; A14   ; 7        ; 58           ; 54           ; 28           ; 32                    ; 0                  ; no     ; no             ; no            ; yes             ; no       ; Off          ; 2.5 V        ; --                        ; User                 ; 0         ;
; addrRa[10] ; Y19   ; 4        ; 62           ; 0            ; 14           ; 0                     ; 0                  ; no     ; no             ; no            ; yes             ; no       ; Off          ; 2.5 V        ; --                        ; Fitter               ; 0         ;
; addrRa[11] ; H12   ; 7        ; 49           ; 54           ; 14           ; 0                     ; 0                  ; no     ; no             ; no            ; yes             ; no       ; Off          ; 2.5 V        ; --                        ; Fitter               ; 0         ;
; addrRa[12] ; F1    ; 1B       ; 0            ; 26           ; 7            ; 0                     ; 0                  ; no     ; no             ; no            ; yes             ; no       ; Off          ; 2.5 V        ; --                        ; Fitter               ; 0         ;
; addrRa[13] ; U6    ; 3        ; 16           ; 0            ; 7            ; 0                     ; 0                  ; no     ; no             ; no            ; yes             ; no       ; Off          ; 2.5 V        ; --                        ; Fitter               ; 0         ;
; addrRa[14] ; F5    ; 1A       ; 0            ; 37           ; 14           ; 0                     ; 0                  ; no     ; no             ; no            ; yes             ; no       ; Off          ; 2.5 V        ; --                        ; Fitter               ; 0         ;
; addrRa[15] ; H21   ; 6        ; 78           ; 29           ; 0            ; 0                     ; 0                  ; no     ; no             ; no            ; yes             ; no       ; Off          ; 2.5 V        ; --                        ; Fitter               ; 0         ;
; addrRa[16] ; P10   ; 3        ; 26           ; 0            ; 7            ; 0                     ; 0                  ; no     ; no             ; no            ; yes             ; no       ; Off          ; 2.5 V        ; --                        ; Fitter               ; 0         ;
; addrRa[17] ; D1    ; 1B       ; 0            ; 29           ; 7            ; 0                     ; 0                  ; no     ; no             ; no            ; yes             ; no       ; Off          ; 2.5 V        ; --                        ; Fitter               ; 0         ;
; addrRa[18] ; AB12  ; 4        ; 40           ; 0            ; 21           ; 0                     ; 0                  ; no     ; no             ; no            ; yes             ; no       ; Off          ; 2.5 V        ; --                        ; Fitter               ; 0         ;
; addrRa[19] ; H20   ; 6        ; 78           ; 45           ; 0            ; 0                     ; 0                  ; no     ; no             ; no            ; yes             ; no       ; Off          ; 2.5 V        ; --                        ; Fitter               ; 0         ;
; addrRa[1]  ; B14   ; 7        ; 56           ; 54           ; 0            ; 0                     ; 0                  ; no     ; no             ; no            ; yes             ; no       ; Off          ; 2.5 V        ; --                        ; User                 ; 0         ;
; addrRa[20] ; R9    ; 3        ; 22           ; 0            ; 28           ; 0                     ; 0                  ; no     ; no             ; no            ; yes             ; no       ; Off          ; 2.5 V        ; --                        ; Fitter               ; 0         ;
; addrRa[21] ; Y10   ; 3        ; 34           ; 0            ; 7            ; 0                     ; 0                  ; no     ; no             ; no            ; yes             ; no       ; Off          ; 2.5 V        ; --                        ; Fitter               ; 0         ;
; addrRa[22] ; AA8   ; 3        ; 31           ; 0            ; 14           ; 0                     ; 0                  ; no     ; no             ; no            ; yes             ; no       ; Off          ; 2.5 V        ; --                        ; Fitter               ; 0         ;
; addrRa[23] ; M14   ; 6        ; 78           ; 33           ; 14           ; 0                     ; 0                  ; no     ; no             ; no            ; yes             ; no       ; Off          ; 2.5 V        ; --                        ; Fitter               ; 0         ;
; addrRa[24] ; AA11  ; 4        ; 40           ; 0            ; 7            ; 0                     ; 0                  ; no     ; no             ; no            ; yes             ; no       ; Off          ; 2.5 V        ; --                        ; Fitter               ; 0         ;
; addrRa[25] ; B1    ; 8        ; 22           ; 39           ; 21           ; 0                     ; 0                  ; no     ; no             ; no            ; yes             ; no       ; Off          ; 2.5 V        ; --                        ; Fitter               ; 0         ;
; addrRa[26] ; AB13  ; 4        ; 40           ; 0            ; 14           ; 0                     ; 0                  ; no     ; no             ; no            ; yes             ; no       ; Off          ; 2.5 V        ; --                        ; Fitter               ; 0         ;
; addrRa[27] ; C19   ; 7        ; 69           ; 54           ; 7            ; 0                     ; 0                  ; no     ; no             ; no            ; yes             ; no       ; Off          ; 2.5 V        ; --                        ; Fitter               ; 0         ;
; addrRa[28] ; U19   ; 5        ; 78           ; 15           ; 14           ; 0                     ; 0                  ; no     ; no             ; no            ; yes             ; no       ; Off          ; 2.5 V        ; --                        ; Fitter               ; 0         ;
; addrRa[29] ; L8    ; 1B       ; 0            ; 27           ; 14           ; 0                     ; 0                  ; no     ; no             ; no            ; yes             ; no       ; Off          ; 2.5 V        ; --                        ; Fitter               ; 0         ;
; addrRa[2]  ; F15   ; 7        ; 69           ; 54           ; 0            ; 0                     ; 0                  ; no     ; no             ; no            ; yes             ; no       ; Off          ; 2.5 V        ; --                        ; User                 ; 0         ;
; addrRa[30] ; AA14  ; 4        ; 51           ; 0            ; 21           ; 0                     ; 0                  ; no     ; no             ; no            ; yes             ; no       ; Off          ; 2.5 V        ; --                        ; Fitter               ; 0         ;
; addrRa[31] ; G4    ; 1A       ; 0            ; 36           ; 0            ; 0                     ; 0                  ; no     ; no             ; no            ; yes             ; no       ; Off          ; 2.5 V        ; --                        ; Fitter               ; 0         ;
; addrRa[3]  ; U2    ; 2        ; 0            ; 12           ; 21           ; 0                     ; 0                  ; no     ; no             ; no            ; yes             ; no       ; Off          ; 2.5 V        ; --                        ; Fitter               ; 0         ;
; addrRa[4]  ; W8    ; 3        ; 24           ; 0            ; 0            ; 0                     ; 0                  ; no     ; no             ; no            ; yes             ; no       ; Off          ; 2.5 V        ; --                        ; Fitter               ; 0         ;
; addrRa[5]  ; G19   ; 6        ; 78           ; 31           ; 14           ; 0                     ; 0                  ; no     ; no             ; no            ; yes             ; no       ; Off          ; 2.5 V        ; --                        ; Fitter               ; 0         ;
; addrRa[6]  ; P9    ; 3        ; 22           ; 0            ; 21           ; 0                     ; 0                  ; no     ; no             ; no            ; yes             ; no       ; Off          ; 2.5 V        ; --                        ; Fitter               ; 0         ;
; addrRa[7]  ; P3    ; 2        ; 0            ; 16           ; 14           ; 0                     ; 0                  ; no     ; no             ; no            ; yes             ; no       ; Off          ; 2.5 V        ; --                        ; Fitter               ; 0         ;
; addrRa[8]  ; E17   ; 6        ; 78           ; 43           ; 14           ; 0                     ; 0                  ; no     ; no             ; no            ; yes             ; no       ; Off          ; 2.5 V        ; --                        ; Fitter               ; 0         ;
; addrRa[9]  ; V8    ; 3        ; 20           ; 0            ; 14           ; 0                     ; 0                  ; no     ; no             ; no            ; yes             ; no       ; Off          ; 2.5 V        ; --                        ; Fitter               ; 0         ;
; addrRb[0]  ; A12   ; 7        ; 54           ; 54           ; 21           ; 32                    ; 0                  ; no     ; no             ; no            ; yes             ; no       ; Off          ; 2.5 V        ; --                        ; User                 ; 0         ;
; addrRb[10] ; K4    ; 1A       ; 0            ; 34           ; 0            ; 0                     ; 0                  ; no     ; no             ; no            ; yes             ; no       ; Off          ; 2.5 V        ; --                        ; Fitter               ; 0         ;
; addrRb[11] ; K8    ; 1B       ; 0            ; 30           ; 14           ; 0                     ; 0                  ; no     ; no             ; no            ; yes             ; no       ; Off          ; 2.5 V        ; --                        ; Fitter               ; 0         ;
; addrRb[12] ; AB18  ; 4        ; 69           ; 0            ; 14           ; 0                     ; 0                  ; no     ; no             ; no            ; yes             ; no       ; Off          ; 2.5 V        ; --                        ; Fitter               ; 0         ;
; addrRb[13] ; A2    ; 8        ; 26           ; 39           ; 0            ; 0                     ; 0                  ; no     ; no             ; no            ; yes             ; no       ; Off          ; 2.5 V        ; --                        ; Fitter               ; 0         ;
; addrRb[14] ; T5    ; 2        ; 0            ; 3            ; 14           ; 0                     ; 0                  ; no     ; no             ; no            ; yes             ; no       ; Off          ; 2.5 V        ; --                        ; Fitter               ; 0         ;
; addrRb[15] ; T6    ; 2        ; 0            ; 3            ; 21           ; 0                     ; 0                  ; no     ; no             ; no            ; yes             ; no       ; Off          ; 2.5 V        ; --                        ; Fitter               ; 0         ;
; addrRb[16] ; Y11   ; 4        ; 36           ; 0            ; 0            ; 0                     ; 0                  ; no     ; no             ; no            ; yes             ; no       ; Off          ; 2.5 V        ; --                        ; Fitter               ; 0         ;
; addrRb[17] ; F16   ; 7        ; 71           ; 54           ; 28           ; 0                     ; 0                  ; no     ; no             ; no            ; yes             ; no       ; Off          ; 2.5 V        ; --                        ; Fitter               ; 0         ;
; addrRb[18] ; B22   ; 6        ; 78           ; 43           ; 7            ; 0                     ; 0                  ; no     ; no             ; no            ; yes             ; no       ; Off          ; 2.5 V        ; --                        ; Fitter               ; 0         ;
; addrRb[19] ; J22   ; 6        ; 78           ; 30           ; 7            ; 0                     ; 0                  ; no     ; no             ; no            ; yes             ; no       ; Off          ; 2.5 V        ; --                        ; Fitter               ; 0         ;
; addrRb[1]  ; B12   ; 7        ; 49           ; 54           ; 0            ; 0                     ; 0                  ; no     ; no             ; no            ; yes             ; no       ; Off          ; 2.5 V        ; --                        ; User                 ; 0         ;
; addrRb[20] ; AA2   ; 3        ; 18           ; 0            ; 21           ; 0                     ; 0                  ; no     ; no             ; no            ; yes             ; no       ; Off          ; 2.5 V        ; --                        ; Fitter               ; 0         ;
; addrRb[21] ; D3    ; 1B       ; 0            ; 30           ; 0            ; 0                     ; 0                  ; no     ; no             ; no            ; yes             ; no       ; Off          ; 2.5 V        ; --                        ; Fitter               ; 0         ;
; addrRb[22] ; A18   ; 7        ; 66           ; 54           ; 28           ; 0                     ; 0                  ; no     ; no             ; no            ; yes             ; no       ; Off          ; 2.5 V        ; --                        ; Fitter               ; 0         ;
; addrRb[23] ; AA3   ; 3        ; 26           ; 0            ; 28           ; 0                     ; 0                  ; no     ; no             ; no            ; yes             ; no       ; Off          ; 2.5 V        ; --                        ; Fitter               ; 0         ;
; addrRb[24] ; AB21  ; 4        ; 62           ; 0            ; 28           ; 0                     ; 0                  ; no     ; no             ; no            ; yes             ; no       ; Off          ; 2.5 V        ; --                        ; Fitter               ; 0         ;
; addrRb[25] ; M3    ; 1B       ; 0            ; 25           ; 21           ; 0                     ; 0                  ; no     ; no             ; no            ; yes             ; no       ; Off          ; 2.5 V        ; --                        ; Fitter               ; 0         ;
; addrRb[26] ; C2    ; 8        ; 20           ; 39           ; 14           ; 0                     ; 0                  ; no     ; no             ; no            ; yes             ; no       ; Off          ; 2.5 V        ; --                        ; Fitter               ; 0         ;
; addrRb[27] ; Y4    ; 3        ; 24           ; 0            ; 14           ; 0                     ; 0                  ; no     ; no             ; no            ; yes             ; no       ; Off          ; 2.5 V        ; --                        ; Fitter               ; 0         ;
; addrRb[28] ; AA5   ; 3        ; 26           ; 0            ; 0            ; 0                     ; 0                  ; no     ; no             ; no            ; yes             ; no       ; Off          ; 2.5 V        ; --                        ; Fitter               ; 0         ;
; addrRb[29] ; AB2   ; 3        ; 22           ; 0            ; 14           ; 0                     ; 0                  ; no     ; no             ; no            ; yes             ; no       ; Off          ; 2.5 V        ; --                        ; Fitter               ; 0         ;
; addrRb[2]  ; A13   ; 7        ; 54           ; 54           ; 14           ; 0                     ; 0                  ; no     ; no             ; no            ; yes             ; no       ; Off          ; 2.5 V        ; --                        ; User                 ; 0         ;
; addrRb[30] ; B21   ; 6        ; 78           ; 43           ; 0            ; 0                     ; 0                  ; no     ; no             ; no            ; yes             ; no       ; Off          ; 2.5 V        ; --                        ; Fitter               ; 0         ;
; addrRb[31] ; L9    ; 1B       ; 0            ; 27           ; 21           ; 0                     ; 0                  ; no     ; no             ; no            ; yes             ; no       ; Off          ; 2.5 V        ; --                        ; Fitter               ; 0         ;
; addrRb[3]  ; E21   ; 6        ; 78           ; 33           ; 0            ; 0                     ; 0                  ; no     ; no             ; no            ; yes             ; no       ; Off          ; 2.5 V        ; --                        ; Fitter               ; 0         ;
; addrRb[4]  ; M9    ; 2        ; 0            ; 18           ; 21           ; 0                     ; 0                  ; no     ; no             ; no            ; yes             ; no       ; Off          ; 2.5 V        ; --                        ; Fitter               ; 0         ;
; addrRb[5]  ; AA10  ; 3        ; 34           ; 0            ; 0            ; 0                     ; 0                  ; no     ; no             ; no            ; yes             ; no       ; Off          ; 2.5 V        ; --                        ; Fitter               ; 0         ;
; addrRb[6]  ; E16   ; 7        ; 74           ; 54           ; 0            ; 0                     ; 0                  ; no     ; no             ; no            ; yes             ; no       ; Off          ; 2.5 V        ; --                        ; Fitter               ; 0         ;
; addrRb[7]  ; AB4   ; 3        ; 26           ; 0            ; 21           ; 0                     ; 0                  ; no     ; no             ; no            ; yes             ; no       ; Off          ; 2.5 V        ; --                        ; Fitter               ; 0         ;
; addrRb[8]  ; K9    ; 1B       ; 0            ; 30           ; 21           ; 0                     ; 0                  ; no     ; no             ; no            ; yes             ; no       ; Off          ; 2.5 V        ; --                        ; Fitter               ; 0         ;
; addrRb[9]  ; AB6   ; 3        ; 29           ; 0            ; 7            ; 0                     ; 0                  ; no     ; no             ; no            ; yes             ; no       ; Off          ; 2.5 V        ; --                        ; Fitter               ; 0         ;
; addrW[0]   ; C11   ; 7        ; 51           ; 54           ; 21           ; 1                     ; 0                  ; no     ; no             ; no            ; yes             ; no       ; Off          ; 2.5 V        ; --                        ; User                 ; 0         ;
; addrW[10]  ; P14   ; 5        ; 78           ; 23           ; 14           ; 1                     ; 0                  ; no     ; no             ; no            ; yes             ; no       ; Off          ; 2.5 V        ; --                        ; Fitter               ; 0         ;
; addrW[11]  ; U20   ; 5        ; 78           ; 17           ; 14           ; 1                     ; 0                  ; no     ; no             ; no            ; yes             ; no       ; Off          ; 2.5 V        ; --                        ; Fitter               ; 0         ;
; addrW[12]  ; R15   ; 5        ; 78           ; 18           ; 21           ; 1                     ; 0                  ; no     ; no             ; no            ; yes             ; no       ; Off          ; 2.5 V        ; --                        ; Fitter               ; 0         ;
; addrW[13]  ; T22   ; 5        ; 78           ; 18           ; 0            ; 1                     ; 0                  ; no     ; no             ; no            ; yes             ; no       ; Off          ; 2.5 V        ; --                        ; Fitter               ; 0         ;
; addrW[14]  ; R14   ; 5        ; 78           ; 18           ; 14           ; 1                     ; 0                  ; no     ; no             ; no            ; yes             ; no       ; Off          ; 2.5 V        ; --                        ; Fitter               ; 0         ;
; addrW[15]  ; T21   ; 5        ; 78           ; 18           ; 7            ; 1                     ; 0                  ; no     ; no             ; no            ; yes             ; no       ; Off          ; 2.5 V        ; --                        ; Fitter               ; 0         ;
; addrW[16]  ; P20   ; 5        ; 78           ; 24           ; 0            ; 1                     ; 0                  ; no     ; no             ; no            ; yes             ; no       ; Off          ; 2.5 V        ; --                        ; Fitter               ; 0         ;
; addrW[17]  ; W19   ; 5        ; 78           ; 16           ; 22           ; 1                     ; 0                  ; no     ; no             ; no            ; yes             ; no       ; Off          ; 2.5 V        ; --                        ; Fitter               ; 0         ;
; addrW[18]  ; T18   ; 5        ; 78           ; 20           ; 14           ; 1                     ; 0                  ; no     ; no             ; no            ; yes             ; no       ; Off          ; 2.5 V        ; --                        ; Fitter               ; 0         ;
; addrW[19]  ; R18   ; 5        ; 78           ; 24           ; 22           ; 1                     ; 0                  ; no     ; no             ; no            ; yes             ; no       ; Off          ; 2.5 V        ; --                        ; Fitter               ; 0         ;
; addrW[1]   ; D12   ; 7        ; 51           ; 54           ; 0            ; 1                     ; 0                  ; no     ; no             ; no            ; yes             ; no       ; Off          ; 2.5 V        ; --                        ; User                 ; 0         ;
; addrW[20]  ; P22   ; 5        ; 78           ; 21           ; 0            ; 1                     ; 0                  ; no     ; no             ; no            ; yes             ; no       ; Off          ; 2.5 V        ; --                        ; Fitter               ; 0         ;
; addrW[21]  ; N21   ; 5        ; 78           ; 25           ; 7            ; 1                     ; 0                  ; no     ; no             ; no            ; yes             ; no       ; Off          ; 2.5 V        ; --                        ; Fitter               ; 0         ;
; addrW[22]  ; P19   ; 5        ; 78           ; 24           ; 7            ; 1                     ; 0                  ; no     ; no             ; no            ; yes             ; no       ; Off          ; 2.5 V        ; --                        ; Fitter               ; 0         ;
; addrW[23]  ; R22   ; 5        ; 78           ; 21           ; 7            ; 1                     ; 0                  ; no     ; no             ; no            ; yes             ; no       ; Off          ; 2.5 V        ; --                        ; Fitter               ; 0         ;
; addrW[24]  ; T20   ; 5        ; 78           ; 20           ; 7            ; 1                     ; 0                  ; no     ; no             ; no            ; yes             ; no       ; Off          ; 2.5 V        ; --                        ; Fitter               ; 0         ;
; addrW[25]  ; V20   ; 5        ; 78           ; 17           ; 21           ; 1                     ; 0                  ; no     ; no             ; no            ; yes             ; no       ; Off          ; 2.5 V        ; --                        ; Fitter               ; 0         ;
; addrW[26]  ; P18   ; 5        ; 78           ; 24           ; 14           ; 1                     ; 0                  ; no     ; no             ; no            ; yes             ; no       ; Off          ; 2.5 V        ; --                        ; Fitter               ; 0         ;
; addrW[27]  ; T19   ; 5        ; 78           ; 20           ; 22           ; 1                     ; 0                  ; no     ; no             ; no            ; yes             ; no       ; Off          ; 2.5 V        ; --                        ; Fitter               ; 0         ;
; addrW[28]  ; M21   ; 5        ; 78           ; 25           ; 21           ; 1                     ; 0                  ; no     ; no             ; no            ; yes             ; no       ; Off          ; 2.5 V        ; --                        ; Fitter               ; 0         ;
; addrW[29]  ; V22   ; 5        ; 78           ; 17           ; 0            ; 1                     ; 0                  ; no     ; no             ; no            ; yes             ; no       ; Off          ; 2.5 V        ; --                        ; Fitter               ; 0         ;
; addrW[2]   ; C12   ; 7        ; 54           ; 54           ; 28           ; 1                     ; 0                  ; no     ; no             ; no            ; yes             ; no       ; Off          ; 2.5 V        ; --                        ; User                 ; 0         ;
; addrW[30]  ; R20   ; 5        ; 78           ; 20           ; 0            ; 1                     ; 0                  ; no     ; no             ; no            ; yes             ; no       ; Off          ; 2.5 V        ; --                        ; Fitter               ; 0         ;
; addrW[31]  ; U21   ; 5        ; 78           ; 21           ; 21           ; 1                     ; 0                  ; no     ; no             ; no            ; yes             ; no       ; Off          ; 2.5 V        ; --                        ; Fitter               ; 0         ;
; addrW[3]   ; D21   ; 6        ; 78           ; 36           ; 7            ; 1                     ; 0                  ; no     ; no             ; no            ; yes             ; no       ; Off          ; 2.5 V        ; --                        ; Fitter               ; 0         ;
; addrW[4]   ; N22   ; 5        ; 78           ; 23           ; 0            ; 1                     ; 0                  ; no     ; no             ; no            ; yes             ; no       ; Off          ; 2.5 V        ; --                        ; Fitter               ; 0         ;
; addrW[5]   ; P15   ; 5        ; 78           ; 23           ; 21           ; 1                     ; 0                  ; no     ; no             ; no            ; yes             ; no       ; Off          ; 2.5 V        ; --                        ; Fitter               ; 0         ;
; addrW[6]   ; M22   ; 5        ; 78           ; 25           ; 0            ; 1                     ; 0                  ; no     ; no             ; no            ; yes             ; no       ; Off          ; 2.5 V        ; --                        ; Fitter               ; 0         ;
; addrW[7]   ; V21   ; 5        ; 78           ; 17           ; 7            ; 1                     ; 0                  ; no     ; no             ; no            ; yes             ; no       ; Off          ; 2.5 V        ; --                        ; Fitter               ; 0         ;
; addrW[8]   ; U22   ; 5        ; 78           ; 21           ; 14           ; 1                     ; 0                  ; no     ; no             ; no            ; yes             ; no       ; Off          ; 2.5 V        ; --                        ; Fitter               ; 0         ;
; addrW[9]   ; P21   ; 5        ; 78           ; 23           ; 7            ; 1                     ; 0                  ; no     ; no             ; no            ; yes             ; no       ; Off          ; 2.5 V        ; --                        ; Fitter               ; 0         ;
; clk        ; P11   ; 3        ; 34           ; 0            ; 28           ; 32                    ; 0                  ; yes    ; no             ; no            ; yes             ; no       ; Off          ; 2.5 V        ; --                        ; User                 ; 0         ;
; datW[0]    ; J13   ; 7        ; 60           ; 54           ; 28           ; 1                     ; 0                  ; no     ; no             ; no            ; yes             ; no       ; Off          ; 2.5 V        ; --                        ; Fitter               ; 0         ;
; datW[10]   ; D15   ; 7        ; 66           ; 54           ; 14           ; 1                     ; 0                  ; no     ; no             ; no            ; yes             ; no       ; Off          ; 2.5 V        ; --                        ; Fitter               ; 0         ;
; datW[11]   ; A19   ; 7        ; 66           ; 54           ; 7            ; 1                     ; 0                  ; no     ; no             ; no            ; yes             ; no       ; Off          ; 2.5 V        ; --                        ; Fitter               ; 0         ;
; datW[12]   ; E12   ; 7        ; 56           ; 54           ; 21           ; 1                     ; 0                  ; no     ; no             ; no            ; yes             ; no       ; Off          ; 2.5 V        ; --                        ; Fitter               ; 0         ;
; datW[13]   ; A16   ; 7        ; 60           ; 54           ; 14           ; 1                     ; 0                  ; no     ; no             ; no            ; yes             ; no       ; Off          ; 2.5 V        ; --                        ; Fitter               ; 0         ;
; datW[14]   ; D13   ; 7        ; 56           ; 54           ; 28           ; 1                     ; 0                  ; no     ; no             ; no            ; yes             ; no       ; Off          ; 2.5 V        ; --                        ; Fitter               ; 0         ;
; datW[15]   ; V15   ; 4        ; 58           ; 0            ; 0            ; 1                     ; 0                  ; no     ; no             ; no            ; yes             ; no       ; Off          ; 2.5 V        ; --                        ; Fitter               ; 0         ;
; datW[16]   ; M15   ; 6        ; 78           ; 33           ; 21           ; 1                     ; 0                  ; no     ; no             ; no            ; yes             ; no       ; Off          ; 2.5 V        ; --                        ; Fitter               ; 0         ;
; datW[17]   ; K14   ; 6        ; 78           ; 41           ; 22           ; 1                     ; 0                  ; no     ; no             ; no            ; yes             ; no       ; Off          ; 2.5 V        ; --                        ; Fitter               ; 0         ;
; datW[18]   ; E19   ; 6        ; 78           ; 40           ; 21           ; 1                     ; 0                  ; no     ; no             ; no            ; yes             ; no       ; Off          ; 2.5 V        ; --                        ; Fitter               ; 0         ;
; datW[19]   ; C22   ; 6        ; 78           ; 35           ; 0            ; 1                     ; 0                  ; no     ; no             ; no            ; yes             ; no       ; Off          ; 2.5 V        ; --                        ; Fitter               ; 0         ;
; datW[1]    ; C15   ; 7        ; 60           ; 54           ; 0            ; 1                     ; 0                  ; no     ; no             ; no            ; yes             ; no       ; Off          ; 2.5 V        ; --                        ; Fitter               ; 0         ;
; datW[20]   ; L22   ; 5        ; 78           ; 25           ; 14           ; 1                     ; 0                  ; no     ; no             ; no            ; yes             ; no       ; Off          ; 2.5 V        ; --                        ; Fitter               ; 0         ;
; datW[21]   ; N18   ; 6        ; 78           ; 34           ; 22           ; 1                     ; 0                  ; no     ; no             ; no            ; yes             ; no       ; Off          ; 2.5 V        ; --                        ; Fitter               ; 0         ;
; datW[22]   ; N19   ; 6        ; 78           ; 34           ; 14           ; 1                     ; 0                  ; no     ; no             ; no            ; yes             ; no       ; Off          ; 2.5 V        ; --                        ; Fitter               ; 0         ;
; datW[23]   ; AB19  ; 4        ; 56           ; 0            ; 7            ; 1                     ; 0                  ; no     ; no             ; no            ; yes             ; no       ; Off          ; 2.5 V        ; --                        ; Fitter               ; 0         ;
; datW[24]   ; W14   ; 4        ; 49           ; 0            ; 21           ; 1                     ; 0                  ; no     ; no             ; no            ; yes             ; no       ; Off          ; 2.5 V        ; --                        ; Fitter               ; 0         ;
; datW[25]   ; V16   ; 4        ; 56           ; 0            ; 14           ; 1                     ; 0                  ; no     ; no             ; no            ; yes             ; no       ; Off          ; 2.5 V        ; --                        ; Fitter               ; 0         ;
; datW[26]   ; Y16   ; 4        ; 54           ; 0            ; 21           ; 1                     ; 0                  ; no     ; no             ; no            ; yes             ; no       ; Off          ; 2.5 V        ; --                        ; Fitter               ; 0         ;
; datW[27]   ; AA19  ; 4        ; 58           ; 0            ; 14           ; 1                     ; 0                  ; no     ; no             ; no            ; yes             ; no       ; Off          ; 2.5 V        ; --                        ; Fitter               ; 0         ;
; datW[28]   ; F18   ; 6        ; 78           ; 40           ; 14           ; 1                     ; 0                  ; no     ; no             ; no            ; yes             ; no       ; Off          ; 2.5 V        ; --                        ; Fitter               ; 0         ;
; datW[29]   ; Y18   ; 4        ; 58           ; 0            ; 7            ; 1                     ; 0                  ; no     ; no             ; no            ; yes             ; no       ; Off          ; 2.5 V        ; --                        ; Fitter               ; 0         ;
; datW[2]    ; A6    ; 8        ; 34           ; 39           ; 28           ; 1                     ; 0                  ; no     ; no             ; no            ; yes             ; no       ; Off          ; 2.5 V        ; --                        ; Fitter               ; 0         ;
; datW[30]   ; B16   ; 7        ; 60           ; 54           ; 7            ; 1                     ; 0                  ; no     ; no             ; no            ; yes             ; no       ; Off          ; 2.5 V        ; --                        ; Fitter               ; 0         ;
; datW[31]   ; F20   ; 6        ; 78           ; 35           ; 14           ; 1                     ; 0                  ; no     ; no             ; no            ; yes             ; no       ; Off          ; 2.5 V        ; --                        ; Fitter               ; 0         ;
; datW[3]    ; E9    ; 8        ; 29           ; 39           ; 0            ; 1                     ; 0                  ; no     ; no             ; no            ; yes             ; no       ; Off          ; 2.5 V        ; --                        ; Fitter               ; 0         ;
; datW[4]    ; E20   ; 6        ; 78           ; 40           ; 0            ; 1                     ; 0                  ; no     ; no             ; no            ; yes             ; no       ; Off          ; 2.5 V        ; --                        ; Fitter               ; 0         ;
; datW[5]    ; B4    ; 8        ; 26           ; 39           ; 21           ; 1                     ; 0                  ; no     ; no             ; no            ; yes             ; no       ; Off          ; 2.5 V        ; --                        ; Fitter               ; 0         ;
; datW[6]    ; A4    ; 8        ; 31           ; 39           ; 21           ; 1                     ; 0                  ; no     ; no             ; no            ; yes             ; no       ; Off          ; 2.5 V        ; --                        ; Fitter               ; 0         ;
; datW[7]    ; B5    ; 8        ; 26           ; 39           ; 28           ; 1                     ; 0                  ; no     ; no             ; no            ; yes             ; no       ; Off          ; 2.5 V        ; --                        ; Fitter               ; 0         ;
; datW[8]    ; AB20  ; 4        ; 56           ; 0            ; 0            ; 1                     ; 0                  ; no     ; no             ; no            ; yes             ; no       ; Off          ; 2.5 V        ; --                        ; Fitter               ; 0         ;
; datW[9]    ; D10   ; 8        ; 31           ; 39           ; 28           ; 1                     ; 0                  ; no     ; no             ; no            ; yes             ; no       ; Off          ; 2.5 V        ; --                        ; Fitter               ; 0         ;
; rst        ; B8    ; 7        ; 46           ; 54           ; 28           ; 0                     ; 0                  ; no     ; no             ; no            ; yes             ; no       ; Off          ; 2.5 V        ; --                        ; User                 ; 0         ;
+------------+-------+----------+--------------+--------------+--------------+-----------------------+--------------------+--------+----------------+---------------+-----------------+----------+--------------+--------------+---------------------------+----------------------+-----------+


+---------------------------------------------------------------------------------------------------------------------------------------------------------------------------------------------------------------------------------------------------------------------------------------------------------------------------------------------------------------------------------------------------------------------------------------------------------------+
; Output Pins                                                                                                                                                                                                                                                                                                                                                                                                                                                   ;
+--------------+-------+----------+--------------+--------------+--------------+-----------------+------------------------+---------------+-----------+-----------------+------------+---------------+----------+--------------+--------------+------------------+-----------------------------------+---------------------------+----------------------------+-----------------------------+----------------------+----------------------+---------------------+
; Name         ; Pin # ; I/O Bank ; X coordinate ; Y coordinate ; Z coordinate ; Output Register ; Output Enable Register ; Power Up High ; Slew Rate ; PCI I/O Enabled ; Open Drain ; TRI Primitive ; Bus Hold ; Weak Pull Up ; I/O Standard ; Current Strength ; Termination                       ; Termination Control Block ; Output Buffer Pre-emphasis ; Voltage Output Differential ; Location assigned by ; Output Enable Source ; Output Enable Group ;
+--------------+-------+----------+--------------+--------------+--------------+-----------------+------------------------+---------------+-----------+-----------------+------------+---------------+----------+--------------+--------------+------------------+-----------------------------------+---------------------------+----------------------------+-----------------------------+----------------------+----------------------+---------------------+
; datOutRa[0]  ; D14   ; 7        ; 56           ; 54           ; 7            ; no              ; no                     ; no            ; 2         ; no              ; no         ; no            ; no       ; Off          ; 2.5 V        ; Default          ; Series 50 Ohm without Calibration ; --                        ; no                         ; no                          ; User                 ; -                    ; -                   ;
; datOutRa[10] ; E14   ; 7        ; 66           ; 54           ; 21           ; no              ; no                     ; no            ; 2         ; no              ; no         ; no            ; no       ; Off          ; 2.5 V        ; Default          ; Series 50 Ohm without Calibration ; --                        ; no                         ; no                          ; Fitter               ; -                    ; -                   ;
; datOutRa[11] ; E13   ; 7        ; 56           ; 54           ; 14           ; no              ; no                     ; no            ; 2         ; no              ; no         ; no            ; no       ; Off          ; 2.5 V        ; Default          ; Series 50 Ohm without Calibration ; --                        ; no                         ; no                          ; Fitter               ; -                    ; -                   ;
; datOutRa[12] ; B15   ; 7        ; 58           ; 54           ; 7            ; no              ; no                     ; no            ; 2         ; no              ; no         ; no            ; no       ; Off          ; 2.5 V        ; Default          ; Series 50 Ohm without Calibration ; --                        ; no                         ; no                          ; Fitter               ; -                    ; -                   ;
; datOutRa[13] ; A15   ; 7        ; 58           ; 54           ; 0            ; no              ; no                     ; no            ; 2         ; no              ; no         ; no            ; no       ; Off          ; 2.5 V        ; Default          ; Series 50 Ohm without Calibration ; --                        ; no                         ; no                          ; Fitter               ; -                    ; -                   ;
; datOutRa[14] ; C16   ; 7        ; 62           ; 54           ; 28           ; no              ; no                     ; no            ; 2         ; no              ; no         ; no            ; no       ; Off          ; 2.5 V        ; Default          ; Series 50 Ohm without Calibration ; --                        ; no                         ; no                          ; Fitter               ; -                    ; -                   ;
; datOutRa[15] ; Y17   ; 4        ; 58           ; 0            ; 21           ; no              ; no                     ; no            ; 2         ; no              ; no         ; no            ; no       ; Off          ; 2.5 V        ; Default          ; Series 50 Ohm without Calibration ; --                        ; no                         ; no                          ; Fitter               ; -                    ; -                   ;
; datOutRa[16] ; F19   ; 6        ; 78           ; 40           ; 7            ; no              ; no                     ; no            ; 2         ; no              ; no         ; no            ; no       ; Off          ; 2.5 V        ; Default          ; Series 50 Ohm without Calibration ; --                        ; no                         ; no                          ; Fitter               ; -                    ; -                   ;
; datOutRa[17] ; L20   ; 6        ; 78           ; 37           ; 0            ; no              ; no                     ; no            ; 2         ; no              ; no         ; no            ; no       ; Off          ; 2.5 V        ; Default          ; Series 50 Ohm without Calibration ; --                        ; no                         ; no                          ; Fitter               ; -                    ; -                   ;
; datOutRa[18] ; L19   ; 6        ; 78           ; 37           ; 7            ; no              ; no                     ; no            ; 2         ; no              ; no         ; no            ; no       ; Off          ; 2.5 V        ; Default          ; Series 50 Ohm without Calibration ; --                        ; no                         ; no                          ; Fitter               ; -                    ; -                   ;
; datOutRa[19] ; L14   ; 6        ; 78           ; 36           ; 22           ; no              ; no                     ; no            ; 2         ; no              ; no         ; no            ; no       ; Off          ; 2.5 V        ; Default          ; Series 50 Ohm without Calibration ; --                        ; no                         ; no                          ; Fitter               ; -                    ; -                   ;
; datOutRa[1]  ; A11   ; 7        ; 51           ; 54           ; 7            ; no              ; no                     ; no            ; 2         ; no              ; no         ; no            ; no       ; Off          ; 2.5 V        ; Default          ; Series 50 Ohm without Calibration ; --                        ; no                         ; no                          ; User                 ; -                    ; -                   ;
; datOutRa[20] ; E22   ; 6        ; 78           ; 33           ; 7            ; no              ; no                     ; no            ; 2         ; no              ; no         ; no            ; no       ; Off          ; 2.5 V        ; Default          ; Series 50 Ohm without Calibration ; --                        ; no                         ; no                          ; Fitter               ; -                    ; -                   ;
; datOutRa[21] ; M20   ; 6        ; 78           ; 34           ; 7            ; no              ; no                     ; no            ; 2         ; no              ; no         ; no            ; no       ; Off          ; 2.5 V        ; Default          ; Series 50 Ohm without Calibration ; --                        ; no                         ; no                          ; Fitter               ; -                    ; -                   ;
; datOutRa[22] ; L18   ; 6        ; 78           ; 37           ; 14           ; no              ; no                     ; no            ; 2         ; no              ; no         ; no            ; no       ; Off          ; 2.5 V        ; Default          ; Series 50 Ohm without Calibration ; --                        ; no                         ; no                          ; Fitter               ; -                    ; -                   ;
; datOutRa[23] ; W16   ; 4        ; 60           ; 0            ; 28           ; no              ; no                     ; no            ; 2         ; no              ; no         ; no            ; no       ; Off          ; 2.5 V        ; Default          ; Series 50 Ohm without Calibration ; --                        ; no                         ; no                          ; Fitter               ; -                    ; -                   ;
; datOutRa[24] ; V14   ; 4        ; 54           ; 0            ; 14           ; no              ; no                     ; no            ; 2         ; no              ; no         ; no            ; no       ; Off          ; 2.5 V        ; Default          ; Series 50 Ohm without Calibration ; --                        ; no                         ; no                          ; Fitter               ; -                    ; -                   ;
; datOutRa[25] ; Y13   ; 4        ; 51           ; 0            ; 7            ; no              ; no                     ; no            ; 2         ; no              ; no         ; no            ; no       ; Off          ; 2.5 V        ; Default          ; Series 50 Ohm without Calibration ; --                        ; no                         ; no                          ; Fitter               ; -                    ; -                   ;
; datOutRa[26] ; P13   ; 4        ; 51           ; 0            ; 28           ; no              ; no                     ; no            ; 2         ; no              ; no         ; no            ; no       ; Off          ; 2.5 V        ; Default          ; Series 50 Ohm without Calibration ; --                        ; no                         ; no                          ; Fitter               ; -                    ; -                   ;
; datOutRa[27] ; AA15  ; 4        ; 54           ; 0            ; 28           ; no              ; no                     ; no            ; 2         ; no              ; no         ; no            ; no       ; Off          ; 2.5 V        ; Default          ; Series 50 Ohm without Calibration ; --                        ; no                         ; no                          ; Fitter               ; -                    ; -                   ;
; datOutRa[28] ; B3    ; 8        ; 26           ; 39           ; 14           ; no              ; no                     ; no            ; 2         ; no              ; no         ; no            ; no       ; Off          ; 2.5 V        ; Default          ; Series 50 Ohm without Calibration ; --                        ; no                         ; no                          ; Fitter               ; -                    ; -                   ;
; datOutRa[29] ; AB16  ; 4        ; 54           ; 0            ; 0            ; no              ; no                     ; no            ; 2         ; no              ; no         ; no            ; no       ; Off          ; 2.5 V        ; Default          ; Series 50 Ohm without Calibration ; --                        ; no                         ; no                          ; Fitter               ; -                    ; -                   ;
; datOutRa[2]  ; B11   ; 7        ; 49           ; 54           ; 7            ; no              ; no                     ; no            ; 2         ; no              ; no         ; no            ; no       ; Off          ; 2.5 V        ; Default          ; Series 50 Ohm without Calibration ; --                        ; no                         ; no                          ; User                 ; -                    ; -                   ;
; datOutRa[30] ; A17   ; 7        ; 64           ; 54           ; 0            ; no              ; no                     ; no            ; 2         ; no              ; no         ; no            ; no       ; Off          ; 2.5 V        ; Default          ; Series 50 Ohm without Calibration ; --                        ; no                         ; no                          ; Fitter               ; -                    ; -                   ;
; datOutRa[31] ; K15   ; 6        ; 78           ; 41           ; 14           ; no              ; no                     ; no            ; 2         ; no              ; no         ; no            ; no       ; Off          ; 2.5 V        ; Default          ; Series 50 Ohm without Calibration ; --                        ; no                         ; no                          ; Fitter               ; -                    ; -                   ;
; datOutRa[3]  ; C7    ; 8        ; 34           ; 39           ; 0            ; no              ; no                     ; no            ; 2         ; no              ; no         ; no            ; no       ; Off          ; 2.5 V        ; Default          ; Series 50 Ohm without Calibration ; --                        ; no                         ; no                          ; Fitter               ; -                    ; -                   ;
; datOutRa[4]  ; C8    ; 8        ; 36           ; 39           ; 28           ; no              ; no                     ; no            ; 2         ; no              ; no         ; no            ; no       ; Off          ; 2.5 V        ; Default          ; Series 50 Ohm without Calibration ; --                        ; no                         ; no                          ; Fitter               ; -                    ; -                   ;
; datOutRa[5]  ; D7    ; 8        ; 29           ; 39           ; 14           ; no              ; no                     ; no            ; 2         ; no              ; no         ; no            ; no       ; Off          ; 2.5 V        ; Default          ; Series 50 Ohm without Calibration ; --                        ; no                         ; no                          ; Fitter               ; -                    ; -                   ;
; datOutRa[6]  ; D9    ; 8        ; 31           ; 39           ; 7            ; no              ; no                     ; no            ; 2         ; no              ; no         ; no            ; no       ; Off          ; 2.5 V        ; Default          ; Series 50 Ohm without Calibration ; --                        ; no                         ; no                          ; Fitter               ; -                    ; -                   ;
; datOutRa[7]  ; D8    ; 8        ; 31           ; 39           ; 0            ; no              ; no                     ; no            ; 2         ; no              ; no         ; no            ; no       ; Off          ; 2.5 V        ; Default          ; Series 50 Ohm without Calibration ; --                        ; no                         ; no                          ; Fitter               ; -                    ; -                   ;
; datOutRa[8]  ; AA17  ; 4        ; 58           ; 0            ; 28           ; no              ; no                     ; no            ; 2         ; no              ; no         ; no            ; no       ; Off          ; 2.5 V        ; Default          ; Series 50 Ohm without Calibration ; --                        ; no                         ; no                          ; Fitter               ; -                    ; -                   ;
; datOutRa[9]  ; B10   ; 7        ; 46           ; 54           ; 7            ; no              ; no                     ; no            ; 2         ; no              ; no         ; no            ; no       ; Off          ; 2.5 V        ; Default          ; Series 50 Ohm without Calibration ; --                        ; no                         ; no                          ; Fitter               ; -                    ; -                   ;
; datOutRb[0]  ; A8    ; 7        ; 46           ; 54           ; 0            ; no              ; no                     ; no            ; 2         ; no              ; no         ; no            ; no       ; Off          ; 2.5 V        ; Default          ; Series 50 Ohm without Calibration ; --                        ; no                         ; no                          ; User                 ; -                    ; -                   ;
; datOutRb[10] ; H14   ; 7        ; 60           ; 54           ; 21           ; no              ; no                     ; no            ; 2         ; no              ; no         ; no            ; no       ; Off          ; 2.5 V        ; Default          ; Series 50 Ohm without Calibration ; --                        ; no                         ; no                          ; Fitter               ; -                    ; -                   ;
; datOutRb[11] ; J12   ; 7        ; 54           ; 54           ; 7            ; no              ; no                     ; no            ; 2         ; no              ; no         ; no            ; no       ; Off          ; 2.5 V        ; Default          ; Series 50 Ohm without Calibration ; --                        ; no                         ; no                          ; Fitter               ; -                    ; -                   ;
; datOutRb[12] ; H13   ; 7        ; 54           ; 54           ; 0            ; no              ; no                     ; no            ; 2         ; no              ; no         ; no            ; no       ; Off          ; 2.5 V        ; Default          ; Series 50 Ohm without Calibration ; --                        ; no                         ; no                          ; Fitter               ; -                    ; -                   ;
; datOutRb[13] ; A20   ; 7        ; 66           ; 54           ; 0            ; no              ; no                     ; no            ; 2         ; no              ; no         ; no            ; no       ; Off          ; 2.5 V        ; Default          ; Series 50 Ohm without Calibration ; --                        ; no                         ; no                          ; Fitter               ; -                    ; -                   ;
; datOutRb[14] ; C13   ; 7        ; 58           ; 54           ; 21           ; no              ; no                     ; no            ; 2         ; no              ; no         ; no            ; no       ; Off          ; 2.5 V        ; Default          ; Series 50 Ohm without Calibration ; --                        ; no                         ; no                          ; Fitter               ; -                    ; -                   ;
; datOutRb[15] ; Y14   ; 4        ; 51           ; 0            ; 0            ; no              ; no                     ; no            ; 2         ; no              ; no         ; no            ; no       ; Off          ; 2.5 V        ; Default          ; Series 50 Ohm without Calibration ; --                        ; no                         ; no                          ; Fitter               ; -                    ; -                   ;
; datOutRb[16] ; M18   ; 6        ; 78           ; 37           ; 21           ; no              ; no                     ; no            ; 2         ; no              ; no         ; no            ; no       ; Off          ; 2.5 V        ; Default          ; Series 50 Ohm without Calibration ; --                        ; no                         ; no                          ; Fitter               ; -                    ; -                   ;
; datOutRb[17] ; L15   ; 6        ; 78           ; 36           ; 14           ; no              ; no                     ; no            ; 2         ; no              ; no         ; no            ; no       ; Off          ; 2.5 V        ; Default          ; Series 50 Ohm without Calibration ; --                        ; no                         ; no                          ; Fitter               ; -                    ; -                   ;
; datOutRb[18] ; F21   ; 6        ; 78           ; 35           ; 21           ; no              ; no                     ; no            ; 2         ; no              ; no         ; no            ; no       ; Off          ; 2.5 V        ; Default          ; Series 50 Ohm without Calibration ; --                        ; no                         ; no                          ; Fitter               ; -                    ; -                   ;
; datOutRb[19] ; N20   ; 6        ; 78           ; 34           ; 0            ; no              ; no                     ; no            ; 2         ; no              ; no         ; no            ; no       ; Off          ; 2.5 V        ; Default          ; Series 50 Ohm without Calibration ; --                        ; no                         ; no                          ; Fitter               ; -                    ; -                   ;
; datOutRb[1]  ; A9    ; 7        ; 46           ; 54           ; 21           ; no              ; no                     ; no            ; 2         ; no              ; no         ; no            ; no       ; Off          ; 2.5 V        ; Default          ; Series 50 Ohm without Calibration ; --                        ; no                         ; no                          ; User                 ; -                    ; -                   ;
; datOutRb[20] ; C21   ; 6        ; 78           ; 36           ; 0            ; no              ; no                     ; no            ; 2         ; no              ; no         ; no            ; no       ; Off          ; 2.5 V        ; Default          ; Series 50 Ohm without Calibration ; --                        ; no                         ; no                          ; Fitter               ; -                    ; -                   ;
; datOutRb[21] ; D19   ; 6        ; 78           ; 41           ; 0            ; no              ; no                     ; no            ; 2         ; no              ; no         ; no            ; no       ; Off          ; 2.5 V        ; Default          ; Series 50 Ohm without Calibration ; --                        ; no                         ; no                          ; Fitter               ; -                    ; -                   ;
; datOutRb[22] ; C20   ; 6        ; 78           ; 41           ; 7            ; no              ; no                     ; no            ; 2         ; no              ; no         ; no            ; no       ; Off          ; 2.5 V        ; Default          ; Series 50 Ohm without Calibration ; --                        ; no                         ; no                          ; Fitter               ; -                    ; -                   ;
; datOutRb[23] ; AA13  ; 4        ; 49           ; 0            ; 14           ; no              ; no                     ; no            ; 2         ; no              ; no         ; no            ; no       ; Off          ; 2.5 V        ; Default          ; Series 50 Ohm without Calibration ; --                        ; no                         ; no                          ; Fitter               ; -                    ; -                   ;
; datOutRb[24] ; AB14  ; 4        ; 49           ; 0            ; 7            ; no              ; no                     ; no            ; 2         ; no              ; no         ; no            ; no       ; Off          ; 2.5 V        ; Default          ; Series 50 Ohm without Calibration ; --                        ; no                         ; no                          ; Fitter               ; -                    ; -                   ;
; datOutRb[25] ; W15   ; 4        ; 54           ; 0            ; 7            ; no              ; no                     ; no            ; 2         ; no              ; no         ; no            ; no       ; Off          ; 2.5 V        ; Default          ; Series 50 Ohm without Calibration ; --                        ; no                         ; no                          ; Fitter               ; -                    ; -                   ;
; datOutRb[26] ; AA16  ; 4        ; 56           ; 0            ; 28           ; no              ; no                     ; no            ; 2         ; no              ; no         ; no            ; no       ; Off          ; 2.5 V        ; Default          ; Series 50 Ohm without Calibration ; --                        ; no                         ; no                          ; Fitter               ; -                    ; -                   ;
; datOutRb[27] ; AB15  ; 4        ; 51           ; 0            ; 14           ; no              ; no                     ; no            ; 2         ; no              ; no         ; no            ; no       ; Off          ; 2.5 V        ; Default          ; Series 50 Ohm without Calibration ; --                        ; no                         ; no                          ; Fitter               ; -                    ; -                   ;
; datOutRb[28] ; B7    ; 8        ; 34           ; 39           ; 21           ; no              ; no                     ; no            ; 2         ; no              ; no         ; no            ; no       ; Off          ; 2.5 V        ; Default          ; Series 50 Ohm without Calibration ; --                        ; no                         ; no                          ; Fitter               ; -                    ; -                   ;
; datOutRb[29] ; U15   ; 4        ; 56           ; 0            ; 21           ; no              ; no                     ; no            ; 2         ; no              ; no         ; no            ; no       ; Off          ; 2.5 V        ; Default          ; Series 50 Ohm without Calibration ; --                        ; no                         ; no                          ; Fitter               ; -                    ; -                   ;
; datOutRb[2]  ; A10   ; 7        ; 51           ; 54           ; 14           ; no              ; no                     ; no            ; 2         ; no              ; no         ; no            ; no       ; Off          ; 2.5 V        ; Default          ; Series 50 Ohm without Calibration ; --                        ; no                         ; no                          ; User                 ; -                    ; -                   ;
; datOutRb[30] ; C14   ; 7        ; 58           ; 54           ; 14           ; no              ; no                     ; no            ; 2         ; no              ; no         ; no            ; no       ; Off          ; 2.5 V        ; Default          ; Series 50 Ohm without Calibration ; --                        ; no                         ; no                          ; Fitter               ; -                    ; -                   ;
; datOutRb[31] ; D22   ; 6        ; 78           ; 35           ; 7            ; no              ; no                     ; no            ; 2         ; no              ; no         ; no            ; no       ; Off          ; 2.5 V        ; Default          ; Series 50 Ohm without Calibration ; --                        ; no                         ; no                          ; Fitter               ; -                    ; -                   ;
; datOutRb[3]  ; E10   ; 8        ; 36           ; 39           ; 21           ; no              ; no                     ; no            ; 2         ; no              ; no         ; no            ; no       ; Off          ; 2.5 V        ; Default          ; Series 50 Ohm without Calibration ; --                        ; no                         ; no                          ; Fitter               ; -                    ; -                   ;
; datOutRb[4]  ; A5    ; 8        ; 31           ; 39           ; 14           ; no              ; no                     ; no            ; 2         ; no              ; no         ; no            ; no       ; Off          ; 2.5 V        ; Default          ; Series 50 Ohm without Calibration ; --                        ; no                         ; no                          ; Fitter               ; -                    ; -                   ;
; datOutRb[5]  ; E11   ; 8        ; 36           ; 39           ; 14           ; no              ; no                     ; no            ; 2         ; no              ; no         ; no            ; no       ; Off          ; 2.5 V        ; Default          ; Series 50 Ohm without Calibration ; --                        ; no                         ; no                          ; Fitter               ; -                    ; -                   ;
; datOutRb[6]  ; C6    ; 8        ; 29           ; 39           ; 7            ; no              ; no                     ; no            ; 2         ; no              ; no         ; no            ; no       ; Off          ; 2.5 V        ; Default          ; Series 50 Ohm without Calibration ; --                        ; no                         ; no                          ; Fitter               ; -                    ; -                   ;
; datOutRb[7]  ; H11   ; 8        ; 34           ; 39           ; 14           ; no              ; no                     ; no            ; 2         ; no              ; no         ; no            ; no       ; Off          ; 2.5 V        ; Default          ; Series 50 Ohm without Calibration ; --                        ; no                         ; no                          ; Fitter               ; -                    ; -                   ;
; datOutRb[8]  ; V13   ; 4        ; 49           ; 0            ; 28           ; no              ; no                     ; no            ; 2         ; no              ; no         ; no            ; no       ; Off          ; 2.5 V        ; Default          ; Series 50 Ohm without Calibration ; --                        ; no                         ; no                          ; Fitter               ; -                    ; -                   ;
; datOutRb[9]  ; J10   ; 8        ; 34           ; 39           ; 7            ; no              ; no                     ; no            ; 2         ; no              ; no         ; no            ; no       ; Off          ; 2.5 V        ; Default          ; Series 50 Ohm without Calibration ; --                        ; no                         ; no                          ; Fitter               ; -                    ; -                   ;
+--------------+-------+----------+--------------+--------------+--------------+-----------------+------------------------+---------------+-----------+-----------------+------------+---------------+----------+--------------+--------------+------------------+-----------------------------------+---------------------------+----------------------------+-----------------------------+----------------------+----------------------+---------------------+


+-----------------------------------------------------------------------------------------------------------------------------------------+
; Dual Purpose and Dedicated Pins                                                                                                         ;
+----------+----------------------------------------------------+--------------------------------+---------------------+------------------+
; Location ; Pin Name                                           ; Reserved As                    ; User Signal Name    ; Pin Type         ;
+----------+----------------------------------------------------+--------------------------------+---------------------+------------------+
; K9       ; DIFFIO_RX_L15p, DIFFOUT_L15p, JTAGEN, Low_Speed    ; Use as regular IO              ; addrRb[8]           ; Dual Purpose Pin ;
; H2       ; DIFFIO_RX_L17n, DIFFOUT_L17n, TMS, Low_Speed       ; Reserved as secondary function ; ~ALTERA_TMS~        ; Dual Purpose Pin ;
; G2       ; DIFFIO_RX_L17p, DIFFOUT_L17p, TCK, Low_Speed       ; Reserved as secondary function ; ~ALTERA_TCK~        ; Dual Purpose Pin ;
; L4       ; DIFFIO_RX_L18n, DIFFOUT_L18n, TDI, Low_Speed       ; Reserved as secondary function ; ~ALTERA_TDI~        ; Dual Purpose Pin ;
; M5       ; DIFFIO_RX_L18p, DIFFOUT_L18p, TDO, Low_Speed       ; Reserved as secondary function ; ~ALTERA_TDO~        ; Dual Purpose Pin ;
; D9       ; DIFFIO_RX_T42n, DIFFOUT_T42n, DEV_CLRn, Low_Speed  ; Use as regular IO              ; datOutRa[6]         ; Dual Purpose Pin ;
; D10      ; DIFFIO_RX_T44p, DIFFOUT_T44p, DEV_OE, Low_Speed    ; Use as regular IO              ; datW[9]             ; Dual Purpose Pin ;
; H10      ; CONFIG_SEL, Low_Speed                              ; Reserved as secondary function ; ~ALTERA_CONFIG_SEL~ ; Dual Purpose Pin ;
; H9       ; nCONFIG, Low_Speed                                 ; Reserved as secondary function ; ~ALTERA_nCONFIG~    ; Dual Purpose Pin ;
; G9       ; DIFFIO_RX_T50p, DIFFOUT_T50p, nSTATUS, Low_Speed   ; Reserved as secondary function ; ~ALTERA_nSTATUS~    ; Dual Purpose Pin ;
; F8       ; DIFFIO_RX_T50n, DIFFOUT_T50n, CONF_DONE, Low_Speed ; Reserved as secondary function ; ~ALTERA_CONF_DONE~  ; Dual Purpose Pin ;
+----------+----------------------------------------------------+--------------------------------+---------------------+------------------+


+------------------------------------------------------------+
; I/O Bank Usage                                             ;
+----------+------------------+---------------+--------------+
; I/O Bank ; Usage            ; VCCIO Voltage ; VREF Voltage ;
+----------+------------------+---------------+--------------+
; 1A       ; 3 / 16 ( 19 % )  ; 2.5V          ; --           ;
; 1B       ; 12 / 24 ( 50 % ) ; 2.5V          ; --           ;
; 2        ; 5 / 36 ( 14 % )  ; 2.5V          ; --           ;
; 3        ; 17 / 48 ( 35 % ) ; 2.5V          ; --           ;
; 4        ; 32 / 48 ( 67 % ) ; 2.5V          ; --           ;
; 5        ; 30 / 40 ( 75 % ) ; 2.5V          ; --           ;
; 6        ; 35 / 60 ( 58 % ) ; 2.5V          ; --           ;
; 7        ; 43 / 52 ( 83 % ) ; 2.5V          ; --           ;
; 8        ; 26 / 36 ( 72 % ) ; 2.5V          ; --           ;
+----------+------------------+---------------+--------------+


+---------------------------------------------------------------------------------------------------------------------------------------------------------------------------------------+
; All Package Pins                                                                                                                                                                      ;
+----------+------------+----------+------------------------------------------------+--------+-----------------------+---------+------------+-----------------+----------+--------------+
; Location ; Pad Number ; I/O Bank ; Pin Name/Usage                                 ; Dir.   ; I/O Standard          ; Voltage ; I/O Type   ; User Assignment ; Bus Hold ; Weak Pull Up ;
+----------+------------+----------+------------------------------------------------+--------+-----------------------+---------+------------+-----------------+----------+--------------+
; A1       ;            ;          ; GND                                            ; gnd    ;                       ;         ; --         ;                 ; --       ; --           ;
; A2       ; 481        ; 8        ; addrRb[13]                                     ; input  ; 2.5 V                 ;         ; Column I/O ; N               ; no       ; Off          ;
; A3       ; 483        ; 8        ; RESERVED_INPUT_WITH_WEAK_PULLUP                ;        ;                       ;         ; Column I/O ;                 ; no       ; On           ;
; A4       ; 475        ; 8        ; datW[6]                                        ; input  ; 2.5 V                 ;         ; Column I/O ; N               ; no       ; Off          ;
; A5       ; 473        ; 8        ; datOutRb[4]                                    ; output ; 2.5 V                 ;         ; Column I/O ; N               ; no       ; Off          ;
; A6       ; 471        ; 8        ; datW[2]                                        ; input  ; 2.5 V                 ;         ; Column I/O ; N               ; no       ; Off          ;
; A7       ; 445        ; 7        ; RegWrite                                       ; input  ; 2.5 V                 ;         ; Column I/O ; Y               ; no       ; Off          ;
; A8       ; 447        ; 7        ; datOutRb[0]                                    ; output ; 2.5 V                 ;         ; Column I/O ; Y               ; no       ; Off          ;
; A9       ; 449        ; 7        ; datOutRb[1]                                    ; output ; 2.5 V                 ;         ; Column I/O ; Y               ; no       ; Off          ;
; A10      ; 439        ; 7        ; datOutRb[2]                                    ; output ; 2.5 V                 ;         ; Column I/O ; Y               ; no       ; Off          ;
; A11      ; 437        ; 7        ; datOutRa[1]                                    ; output ; 2.5 V                 ;         ; Column I/O ; Y               ; no       ; Off          ;
; A12      ; 435        ; 7        ; addrRb[0]                                      ; input  ; 2.5 V                 ;         ; Column I/O ; Y               ; no       ; Off          ;
; A13      ; 433        ; 7        ; addrRb[2]                                      ; input  ; 2.5 V                 ;         ; Column I/O ; Y               ; no       ; Off          ;
; A14      ; 425        ; 7        ; addrRa[0]                                      ; input  ; 2.5 V                 ;         ; Column I/O ; Y               ; no       ; Off          ;
; A15      ; 421        ; 7        ; datOutRa[13]                                   ; output ; 2.5 V                 ;         ; Column I/O ; N               ; no       ; Off          ;
; A16      ; 419        ; 7        ; datW[13]                                       ; input  ; 2.5 V                 ;         ; Column I/O ; N               ; no       ; Off          ;
; A17      ; 407        ; 7        ; datOutRa[30]                                   ; output ; 2.5 V                 ;         ; Column I/O ; N               ; no       ; Off          ;
; A18      ; 405        ; 7        ; addrRb[22]                                     ; input  ; 2.5 V                 ;         ; Column I/O ; N               ; no       ; Off          ;
; A19      ; 403        ; 7        ; datW[11]                                       ; input  ; 2.5 V                 ;         ; Column I/O ; N               ; no       ; Off          ;
; A20      ; 401        ; 7        ; datOutRb[13]                                   ; output ; 2.5 V                 ;         ; Column I/O ; N               ; no       ; Off          ;
; A21      ; 371        ; 6        ; RESERVED_INPUT_WITH_WEAK_PULLUP                ;        ;                       ;         ; Row I/O    ;                 ; no       ; On           ;
; A22      ;            ;          ; GND                                            ; gnd    ;                       ;         ; --         ;                 ; --       ; --           ;
; AA1      ; 133        ; 3        ; RESERVED_INPUT_WITH_WEAK_PULLUP                ;        ;                       ;         ; Column I/O ;                 ; no       ; On           ;
; AA2      ; 135        ; 3        ; addrRb[20]                                     ; input  ; 2.5 V                 ;         ; Column I/O ; N               ; no       ; Off          ;
; AA3      ; 153        ; 3        ; addrRb[23]                                     ; input  ; 2.5 V                 ;         ; Column I/O ; N               ; no       ; Off          ;
; AA4      ;            ;          ; GND                                            ; gnd    ;                       ;         ; --         ;                 ; --       ; --           ;
; AA5      ; 157        ; 3        ; addrRb[28]                                     ; input  ; 2.5 V                 ;         ; Column I/O ; N               ; no       ; Off          ;
; AA6      ; 156        ; 3        ; RESERVED_INPUT_WITH_WEAK_PULLUP                ;        ;                       ;         ; Column I/O ;                 ; no       ; On           ;
; AA7      ; 158        ; 3        ; RESERVED_INPUT_WITH_WEAK_PULLUP                ;        ;                       ;         ; Column I/O ;                 ; no       ; On           ;
; AA8      ; 165        ; 3        ; addrRa[22]                                     ; input  ; 2.5 V                 ;         ; Column I/O ; N               ; no       ; Off          ;
; AA9      ; 169        ; 3        ; RESERVED_INPUT_WITH_WEAK_PULLUP                ;        ;                       ;         ; Column I/O ;                 ; no       ; On           ;
; AA10     ; 170        ; 3        ; addrRb[5]                                      ; input  ; 2.5 V                 ;         ; Column I/O ; N               ; no       ; Off          ;
; AA11     ; 180        ; 4        ; addrRa[24]                                     ; input  ; 2.5 V                 ;         ; Column I/O ; N               ; no       ; Off          ;
; AA12     ; 182        ; 4        ; RESERVED_INPUT_WITH_WEAK_PULLUP                ;        ;                       ;         ; Column I/O ;                 ; no       ; On           ;
; AA13     ; 197        ; 4        ; datOutRb[23]                                   ; output ; 2.5 V                 ;         ; Column I/O ; N               ; no       ; Off          ;
; AA14     ; 201        ; 4        ; addrRa[30]                                     ; input  ; 2.5 V                 ;         ; Column I/O ; N               ; no       ; Off          ;
; AA15     ; 205        ; 4        ; datOutRa[27]                                   ; output ; 2.5 V                 ;         ; Column I/O ; N               ; no       ; Off          ;
; AA16     ; 211        ; 4        ; datOutRb[26]                                   ; output ; 2.5 V                 ;         ; Column I/O ; N               ; no       ; Off          ;
; AA17     ; 212        ; 4        ; datOutRa[8]                                    ; output ; 2.5 V                 ;         ; Column I/O ; N               ; no       ; Off          ;
; AA18     ;            ;          ; GND                                            ; gnd    ;                       ;         ; --         ;                 ; --       ; --           ;
; AA19     ; 217        ; 4        ; datW[27]                                       ; input  ; 2.5 V                 ;         ; Column I/O ; N               ; no       ; Off          ;
; AA20     ; 227        ; 4        ; RESERVED_INPUT_WITH_WEAK_PULLUP                ;        ;                       ;         ; Column I/O ;                 ; no       ; On           ;
; AA21     ; 245        ; 5        ; RESERVED_INPUT_WITH_WEAK_PULLUP                ;        ;                       ;         ; Row I/O    ;                 ; no       ; On           ;
; AA22     ; 247        ; 5        ; RESERVED_INPUT_WITH_WEAK_PULLUP                ;        ;                       ;         ; Row I/O    ;                 ; no       ; On           ;
; AB1      ;            ;          ; GND                                            ; gnd    ;                       ;         ; --         ;                 ; --       ; --           ;
; AB2      ; 145        ; 3        ; addrRb[29]                                     ; input  ; 2.5 V                 ;         ; Column I/O ; N               ; no       ; Off          ;
; AB3      ; 147        ; 3        ; RESERVED_INPUT_WITH_WEAK_PULLUP                ;        ;                       ;         ; Column I/O ;                 ; no       ; On           ;
; AB4      ; 155        ; 3        ; addrRb[7]                                      ; input  ; 2.5 V                 ;         ; Column I/O ; N               ; no       ; Off          ;
; AB5      ; 159        ; 3        ; RESERVED_INPUT_WITH_WEAK_PULLUP                ;        ;                       ;         ; Column I/O ;                 ; no       ; On           ;
; AB6      ; 161        ; 3        ; addrRb[9]                                      ; input  ; 2.5 V                 ;         ; Column I/O ; N               ; no       ; Off          ;
; AB7      ; 163        ; 3        ; RESERVED_INPUT_WITH_WEAK_PULLUP                ;        ;                       ;         ; Column I/O ;                 ; no       ; On           ;
; AB8      ; 167        ; 3        ; RESERVED_INPUT_WITH_WEAK_PULLUP                ;        ;                       ;         ; Column I/O ;                 ; no       ; On           ;
; AB9      ; 171        ; 3        ; RESERVED_INPUT_WITH_WEAK_PULLUP                ;        ;                       ;         ; Column I/O ;                 ; no       ; On           ;
; AB10     ; 177        ; 4        ; RESERVED_INPUT_WITH_WEAK_PULLUP                ;        ;                       ;         ; Column I/O ;                 ; no       ; On           ;
; AB11     ; 179        ; 4        ; RESERVED_INPUT_WITH_WEAK_PULLUP                ;        ;                       ;         ; Column I/O ;                 ; no       ; On           ;
; AB12     ; 181        ; 4        ; addrRa[18]                                     ; input  ; 2.5 V                 ;         ; Column I/O ; N               ; no       ; Off          ;
; AB13     ; 183        ; 4        ; addrRa[26]                                     ; input  ; 2.5 V                 ;         ; Column I/O ; N               ; no       ; Off          ;
; AB14     ; 199        ; 4        ; datOutRb[24]                                   ; output ; 2.5 V                 ;         ; Column I/O ; N               ; no       ; Off          ;
; AB15     ; 203        ; 4        ; datOutRb[27]                                   ; output ; 2.5 V                 ;         ; Column I/O ; N               ; no       ; Off          ;
; AB16     ; 209        ; 4        ; datOutRa[29]                                   ; output ; 2.5 V                 ;         ; Column I/O ; N               ; no       ; Off          ;
; AB17     ; 241        ; 4        ; RESERVED_INPUT_WITH_WEAK_PULLUP                ;        ;                       ;         ; Column I/O ;                 ; no       ; On           ;
; AB18     ; 243        ; 4        ; addrRb[12]                                     ; input  ; 2.5 V                 ;         ; Column I/O ; N               ; no       ; Off          ;
; AB19     ; 213        ; 4        ; datW[23]                                       ; input  ; 2.5 V                 ;         ; Column I/O ; N               ; no       ; Off          ;
; AB20     ; 215        ; 4        ; datW[8]                                        ; input  ; 2.5 V                 ;         ; Column I/O ; N               ; no       ; Off          ;
; AB21     ; 225        ; 4        ; addrRb[24]                                     ; input  ; 2.5 V                 ;         ; Column I/O ; N               ; no       ; Off          ;
; AB22     ;            ;          ; GND                                            ; gnd    ;                       ;         ; --         ;                 ; --       ; --           ;
; B1       ; 495        ; 8        ; addrRa[25]                                     ; input  ; 2.5 V                 ;         ; Column I/O ; N               ; no       ; Off          ;
; B2       ; 493        ; 8        ; RESERVED_INPUT_WITH_WEAK_PULLUP                ;        ;                       ;         ; Column I/O ;                 ; no       ; On           ;
; B3       ; 484        ; 8        ; datOutRa[28]                                   ; output ; 2.5 V                 ;         ; Column I/O ; N               ; no       ; Off          ;
; B4       ; 486        ; 8        ; datW[5]                                        ; input  ; 2.5 V                 ;         ; Column I/O ; N               ; no       ; Off          ;
; B5       ; 485        ; 8        ; datW[7]                                        ; input  ; 2.5 V                 ;         ; Column I/O ; N               ; no       ; Off          ;
; B6       ;            ;          ; GND                                            ; gnd    ;                       ;         ; --         ;                 ; --       ; --           ;
; B7       ; 469        ; 8        ; datOutRb[28]                                   ; output ; 2.5 V                 ;         ; Column I/O ; N               ; no       ; Off          ;
; B8       ; 451        ; 7        ; rst                                            ; input  ; 2.5 V                 ;         ; Column I/O ; Y               ; no       ; Off          ;
; B9       ;            ;          ; GND                                            ; gnd    ;                       ;         ; --         ;                 ; --       ; --           ;
; B10      ; 448        ; 7        ; datOutRa[9]                                    ; output ; 2.5 V                 ;         ; Column I/O ; N               ; no       ; Off          ;
; B11      ; 443        ; 7        ; datOutRa[2]                                    ; output ; 2.5 V                 ;         ; Column I/O ; Y               ; no       ; Off          ;
; B12      ; 441        ; 7        ; addrRb[1]                                      ; input  ; 2.5 V                 ;         ; Column I/O ; Y               ; no       ; Off          ;
; B13      ;            ;          ; GND                                            ; gnd    ;                       ;         ; --         ;                 ; --       ; --           ;
; B14      ; 427        ; 7        ; addrRa[1]                                      ; input  ; 2.5 V                 ;         ; Column I/O ; Y               ; no       ; Off          ;
; B15      ; 423        ; 7        ; datOutRa[12]                                   ; output ; 2.5 V                 ;         ; Column I/O ; N               ; no       ; Off          ;
; B16      ; 417        ; 7        ; datW[30]                                       ; input  ; 2.5 V                 ;         ; Column I/O ; N               ; no       ; Off          ;
; B17      ; 402        ; 7        ; RESERVED_INPUT_WITH_WEAK_PULLUP                ;        ;                       ;         ; Column I/O ;                 ; no       ; On           ;
; B18      ;            ;          ; GND                                            ; gnd    ;                       ;         ; --         ;                 ; --       ; --           ;
; B19      ; 399        ; 7        ; RESERVED_INPUT_WITH_WEAK_PULLUP                ;        ;                       ;         ; Column I/O ;                 ; no       ; On           ;
; B20      ; 369        ; 6        ; RESERVED_INPUT_WITH_WEAK_PULLUP                ;        ;                       ;         ; Row I/O    ;                 ; no       ; On           ;
; B21      ; 367        ; 6        ; addrRb[30]                                     ; input  ; 2.5 V                 ;         ; Row I/O    ; N               ; no       ; Off          ;
; B22      ; 365        ; 6        ; addrRb[18]                                     ; input  ; 2.5 V                 ;         ; Row I/O    ; N               ; no       ; Off          ;
; C1       ; 33         ; 1B       ; RESERVED_INPUT_WITH_WEAK_PULLUP                ;        ;                       ;         ; Row I/O    ;                 ; --       ; --           ;
; C2       ; 499        ; 8        ; addrRb[26]                                     ; input  ; 2.5 V                 ;         ; Column I/O ; N               ; no       ; Off          ;
; C3       ; 497        ; 8        ; RESERVED_INPUT_WITH_WEAK_PULLUP                ;        ;                       ;         ; Column I/O ;                 ; no       ; On           ;
; C4       ; 487        ; 8        ; RESERVED_INPUT_WITH_WEAK_PULLUP                ;        ;                       ;         ; Column I/O ;                 ; no       ; On           ;
; C5       ; 489        ; 8        ; RESERVED_INPUT_WITH_WEAK_PULLUP                ;        ;                       ;         ; Column I/O ;                 ; no       ; On           ;
; C6       ; 477        ; 8        ; datOutRb[6]                                    ; output ; 2.5 V                 ;         ; Column I/O ; N               ; no       ; Off          ;
; C7       ; 467        ; 8        ; datOutRa[3]                                    ; output ; 2.5 V                 ;         ; Column I/O ; N               ; no       ; Off          ;
; C8       ; 465        ; 8        ; datOutRa[4]                                    ; output ; 2.5 V                 ;         ; Column I/O ; N               ; no       ; Off          ;
; C9       ; 450        ; 7        ; RESERVED_INPUT_WITH_WEAK_PULLUP                ;        ;                       ;         ; Column I/O ;                 ; no       ; On           ;
; C10      ; 442        ; 7        ; RESERVED_INPUT_WITH_WEAK_PULLUP                ;        ;                       ;         ; Column I/O ;                 ; no       ; On           ;
; C11      ; 440        ; 7        ; addrW[0]                                       ; input  ; 2.5 V                 ;         ; Column I/O ; Y               ; no       ; Off          ;
; C12      ; 436        ; 7        ; addrW[2]                                       ; input  ; 2.5 V                 ;         ; Column I/O ; Y               ; no       ; Off          ;
; C13      ; 426        ; 7        ; datOutRb[14]                                   ; output ; 2.5 V                 ;         ; Column I/O ; N               ; no       ; Off          ;
; C14      ; 424        ; 7        ; datOutRb[30]                                   ; output ; 2.5 V                 ;         ; Column I/O ; N               ; no       ; Off          ;
; C15      ; 418        ; 7        ; datW[1]                                        ; input  ; 2.5 V                 ;         ; Column I/O ; N               ; no       ; Off          ;
; C16      ; 416        ; 7        ; datOutRa[14]                                   ; output ; 2.5 V                 ;         ; Column I/O ; N               ; no       ; Off          ;
; C17      ; 391        ; 7        ; RESERVED_INPUT_WITH_WEAK_PULLUP                ;        ;                       ;         ; Column I/O ;                 ; no       ; On           ;
; C18      ; 400        ; 7        ; RESERVED_INPUT_WITH_WEAK_PULLUP                ;        ;                       ;         ; Column I/O ;                 ; no       ; On           ;
; C19      ; 397        ; 7        ; addrRa[27]                                     ; input  ; 2.5 V                 ;         ; Column I/O ; N               ; no       ; Off          ;
; C20      ; 357        ; 6        ; datOutRb[22]                                   ; output ; 2.5 V                 ;         ; Row I/O    ; N               ; no       ; Off          ;
; C21      ; 347        ; 6        ; datOutRb[20]                                   ; output ; 2.5 V                 ;         ; Row I/O    ; N               ; no       ; Off          ;
; C22      ; 343        ; 6        ; datW[19]                                       ; input  ; 2.5 V                 ;         ; Row I/O    ; N               ; no       ; Off          ;
; D1       ; 35         ; 1B       ; addrRa[17]                                     ; input  ; 2.5 V                 ;         ; Row I/O    ; N               ; no       ; Off          ;
; D2       ; 31         ; 1B       ; RESERVED_INPUT_WITH_WEAK_PULLUP                ;        ;                       ;         ; Row I/O    ;                 ; no       ; On           ;
; D3       ; 29         ; 1B       ; addrRb[21]                                     ; input  ; 2.5 V                 ;         ; Row I/O    ; N               ; no       ; Off          ;
; D4       ;            ;          ; GND                                            ; gnd    ;                       ;         ; --         ;                 ; --       ; --           ;
; D5       ; 491        ; 8        ; RESERVED_INPUT_WITH_WEAK_PULLUP                ;        ;                       ;         ; Column I/O ;                 ; no       ; On           ;
; D6       ; 496        ; 8        ; RESERVED_INPUT_WITH_WEAK_PULLUP                ;        ;                       ;         ; Column I/O ;                 ; no       ; On           ;
; D7       ; 479        ; 8        ; datOutRa[5]                                    ; output ; 2.5 V                 ;         ; Column I/O ; N               ; no       ; Off          ;
; D8       ; 472        ; 8        ; datOutRa[7]                                    ; output ; 2.5 V                 ;         ; Column I/O ; N               ; no       ; Off          ;
; D9       ; 474        ; 8        ; datOutRa[6]                                    ; output ; 2.5 V                 ;         ; Column I/O ; N               ; no       ; Off          ;
; D10      ; 476        ; 8        ; datW[9]                                        ; input  ; 2.5 V                 ;         ; Column I/O ; N               ; no       ; Off          ;
; D11      ;            ;          ; GND                                            ; gnd    ;                       ;         ; --         ;                 ; --       ; --           ;
; D12      ; 438        ; 7        ; addrW[1]                                       ; input  ; 2.5 V                 ;         ; Column I/O ; Y               ; no       ; Off          ;
; D13      ; 431        ; 7        ; datW[14]                                       ; input  ; 2.5 V                 ;         ; Column I/O ; N               ; no       ; Off          ;
; D14      ; 428        ; 7        ; datOutRa[0]                                    ; output ; 2.5 V                 ;         ; Column I/O ; Y               ; no       ; Off          ;
; D15      ; 404        ; 7        ; datW[10]                                       ; input  ; 2.5 V                 ;         ; Column I/O ; N               ; no       ; Off          ;
; D16      ;            ;          ; GND                                            ; gnd    ;                       ;         ; --         ;                 ; --       ; --           ;
; D17      ; 389        ; 7        ; RESERVED_INPUT_WITH_WEAK_PULLUP                ;        ;                       ;         ; Column I/O ;                 ; no       ; On           ;
; D18      ; 385        ; 6        ; RESERVED_INPUT_WITH_WEAK_PULLUP                ;        ;                       ;         ; Row I/O    ;                 ; no       ; On           ;
; D19      ; 359        ; 6        ; datOutRb[21]                                   ; output ; 2.5 V                 ;         ; Row I/O    ; N               ; no       ; Off          ;
; D20      ;            ;          ; GND                                            ; gnd    ;                       ;         ; --         ;                 ; --       ; --           ;
; D21      ; 345        ; 6        ; addrW[3]                                       ; input  ; 2.5 V                 ;         ; Row I/O    ; N               ; no       ; Off          ;
; D22      ; 341        ; 6        ; datOutRb[31]                                   ; output ; 2.5 V                 ;         ; Row I/O    ; N               ; no       ; Off          ;
; E1       ; 41         ; 1B       ; RESERVED_INPUT_WITH_WEAK_PULLUP                ;        ;                       ;         ; Row I/O    ;                 ; no       ; On           ;
; E2       ;            ;          ; GND                                            ; gnd    ;                       ;         ; --         ;                 ; --       ; --           ;
; E3       ; 3          ; 1A       ; RESERVED_INPUT_WITH_WEAK_PULLUP                ;        ;                       ;         ; Row I/O    ;                 ; no       ; On           ;
; E4       ; 1          ; 1A       ; RESERVED_INPUT_WITH_WEAK_PULLUP                ;        ;                       ;         ; Row I/O    ;                 ; no       ; On           ;
; E5       ;            ;          ; NC                                             ;        ;                       ;         ; --         ;                 ; --       ; --           ;
; E6       ; 498        ; 8        ; RESERVED_INPUT_WITH_WEAK_PULLUP                ;        ;                       ;         ; Column I/O ;                 ; no       ; On           ;
; E7       ;            ;          ; GND                                            ; gnd    ;                       ;         ; --         ;                 ; --       ; --           ;
; E8       ; 488        ; 8        ; RESERVED_INPUT_WITH_WEAK_PULLUP                ;        ;                       ;         ; Column I/O ;                 ; no       ; On           ;
; E9       ; 478        ; 8        ; datW[3]                                        ; input  ; 2.5 V                 ;         ; Column I/O ; N               ; no       ; Off          ;
; E10      ; 466        ; 8        ; datOutRb[3]                                    ; output ; 2.5 V                 ;         ; Column I/O ; N               ; no       ; Off          ;
; E11      ; 464        ; 8        ; datOutRb[5]                                    ; output ; 2.5 V                 ;         ; Column I/O ; N               ; no       ; Off          ;
; E12      ; 429        ; 7        ; datW[12]                                       ; input  ; 2.5 V                 ;         ; Column I/O ; N               ; no       ; Off          ;
; E13      ; 430        ; 7        ; datOutRa[11]                                   ; output ; 2.5 V                 ;         ; Column I/O ; N               ; no       ; Off          ;
; E14      ; 406        ; 7        ; datOutRa[10]                                   ; output ; 2.5 V                 ;         ; Column I/O ; N               ; no       ; Off          ;
; E15      ; 390        ; 7        ; RESERVED_INPUT_WITH_WEAK_PULLUP                ;        ;                       ;         ; Column I/O ;                 ; no       ; On           ;
; E16      ; 388        ; 7        ; addrRb[6]                                      ; input  ; 2.5 V                 ;         ; Column I/O ; N               ; no       ; Off          ;
; E17      ; 366        ; 6        ; addrRa[8]                                      ; input  ; 2.5 V                 ;         ; Row I/O    ; N               ; no       ; Off          ;
; E18      ; 387        ; 6        ; RESERVED_INPUT_WITH_WEAK_PULLUP                ;        ;                       ;         ; Row I/O    ;                 ; no       ; On           ;
; E19      ; 352        ; 6        ; datW[18]                                       ; input  ; 2.5 V                 ;         ; Row I/O    ; N               ; no       ; Off          ;
; E20      ; 355        ; 6        ; datW[4]                                        ; input  ; 2.5 V                 ;         ; Row I/O    ; N               ; no       ; Off          ;
; E21      ; 335        ; 6        ; addrRb[3]                                      ; input  ; 2.5 V                 ;         ; Row I/O    ; N               ; no       ; Off          ;
; E22      ; 333        ; 6        ; datOutRa[20]                                   ; output ; 2.5 V                 ;         ; Row I/O    ; N               ; no       ; Off          ;
; F1       ; 47         ; 1B       ; addrRa[12]                                     ; input  ; 2.5 V                 ;         ; Row I/O    ; N               ; no       ; Off          ;
; F2       ; 43         ; 1B       ; RESERVED_INPUT_WITH_WEAK_PULLUP                ;        ;                       ;         ; Row I/O    ;                 ; no       ; On           ;
; F3       ; 7          ; 1A       ; RESERVED_INPUT_WITH_WEAK_PULLUP                ;        ;                       ;         ; Row I/O    ;                 ; no       ; On           ;
; F4       ; 2          ; 1A       ; RESERVED_INPUT_WITH_WEAK_PULLUP                ;        ;                       ;         ; Row I/O    ;                 ; no       ; On           ;
; F5       ; 0          ; 1A       ; addrRa[14]                                     ; input  ; 2.5 V                 ;         ; Row I/O    ; N               ; no       ; Off          ;
; F6       ;            ;          ; NC                                             ;        ;                       ;         ; --         ;                 ; --       ; --           ;
; F7       ; 490        ; 8        ; RESERVED_INPUT_WITH_WEAK_PULLUP                ;        ;                       ;         ; Column I/O ;                 ; no       ; On           ;
; F8       ; 494        ; 8        ; ~ALTERA_CONF_DONE~ / RESERVED_INPUT            ; input  ; 2.5 V Schmitt Trigger ;         ; Column I/O ; N               ; no       ; Off          ;
; F9       ;            ; 8        ; VCCIO8                                         ; power  ;                       ; 2.5V    ; --         ;                 ; --       ; --           ;
; F10      ;            ;          ; GND                                            ; gnd    ;                       ;         ; --         ;                 ; --       ; --           ;
; F11      ;            ; 8        ; VCCIO8                                         ; power  ;                       ; 2.5V    ; --         ;                 ; --       ; --           ;
; F12      ;            ; 7        ; VCCIO7                                         ; power  ;                       ; 2.5V    ; --         ;                 ; --       ; --           ;
; F13      ;            ;          ; GND                                            ; gnd    ;                       ;         ; --         ;                 ; --       ; --           ;
; F14      ;            ; 7        ; VCCIO7                                         ; power  ;                       ; 2.5V    ; --         ;                 ; --       ; --           ;
; F15      ; 398        ; 7        ; addrRa[2]                                      ; input  ; 2.5 V                 ;         ; Column I/O ; Y               ; no       ; Off          ;
; F16      ; 396        ; 7        ; addrRb[17]                                     ; input  ; 2.5 V                 ;         ; Column I/O ; N               ; no       ; Off          ;
; F17      ; 364        ; 6        ; RESERVED_INPUT_WITH_WEAK_PULLUP                ;        ;                       ;         ; Row I/O    ;                 ; no       ; On           ;
; F18      ; 354        ; 6        ; datW[28]                                       ; input  ; 2.5 V                 ;         ; Row I/O    ; N               ; no       ; Off          ;
; F19      ; 353        ; 6        ; datOutRa[16]                                   ; output ; 2.5 V                 ;         ; Row I/O    ; N               ; no       ; Off          ;
; F20      ; 342        ; 6        ; datW[31]                                       ; input  ; 2.5 V                 ;         ; Row I/O    ; N               ; no       ; Off          ;
; F21      ; 340        ; 6        ; datOutRb[18]                                   ; output ; 2.5 V                 ;         ; Row I/O    ; N               ; no       ; Off          ;
; F22      ; 331        ; 6        ; RESERVED_INPUT_WITH_WEAK_PULLUP                ;        ;                       ;         ; Row I/O    ;                 ; no       ; On           ;
; G1       ; 45         ; 1B       ; RESERVED_INPUT_WITH_WEAK_PULLUP                ;        ;                       ;         ; Row I/O    ;                 ; no       ; On           ;
; G2       ; 34         ; 1B       ; ~ALTERA_TCK~ / RESERVED_INPUT                  ; input  ; 2.5 V Schmitt Trigger ;         ; Row I/O    ; N               ; no       ; Off          ;
; G3       ; 11         ; 1A       ; RESERVED_INPUT_WITH_WEAK_PULLUP                ;        ;                       ;         ; Row I/O    ;                 ; no       ; On           ;
; G4       ; 5          ; 1A       ; addrRa[31]                                     ; input  ; 2.5 V                 ;         ; Row I/O    ; N               ; no       ; Off          ;
; G5       ;            ;          ; ANAIN1                                         ;        ;                       ;         ; --         ;                 ; --       ; --           ;
; G6       ;            ;          ; GND                                            ; gnd    ;                       ;         ; --         ;                 ; --       ; --           ;
; G7       ;            ;          ; VCCD_PLL3                                      ; power  ;                       ; 1.2V    ; --         ;                 ; --       ; --           ;
; G8       ;            ;          ; GND                                            ; gnd    ;                       ;         ; --         ;                 ; --       ; --           ;
; G9       ; 492        ; 8        ; ~ALTERA_nSTATUS~ / RESERVED_INPUT              ; input  ; 2.5 V Schmitt Trigger ;         ; Column I/O ; N               ; no       ; Off          ;
; G10      ;            ; 8        ; VCCIO8                                         ; power  ;                       ; 2.5V    ; --         ;                 ; --       ; --           ;
; G11      ;            ; 8        ; VCCIO8                                         ; power  ;                       ; 2.5V    ; --         ;                 ; --       ; --           ;
; G12      ;            ; 7        ; VCCIO7                                         ; power  ;                       ; 2.5V    ; --         ;                 ; --       ; --           ;
; G13      ;            ; 7        ; VCCIO7                                         ; power  ;                       ; 2.5V    ; --         ;                 ; --       ; --           ;
; G14      ;            ; 7        ; VCCIO7                                         ; power  ;                       ; 2.5V    ; --         ;                 ; --       ; --           ;
; G15      ;            ;          ; GND                                            ; gnd    ;                       ;         ; --         ;                 ; --       ; --           ;
; G16      ;            ;          ; VCCD_PLL2                                      ; power  ;                       ; 1.2V    ; --         ;                 ; --       ; --           ;
; G17      ; 386        ; 6        ; RESERVED_INPUT_WITH_WEAK_PULLUP                ;        ;                       ;         ; Row I/O    ;                 ; no       ; On           ;
; G18      ;            ;          ; GND                                            ; gnd    ;                       ;         ; --         ;                 ; --       ; --           ;
; G19      ; 330        ; 6        ; addrRa[5]                                      ; input  ; 2.5 V                 ;         ; Row I/O    ; N               ; no       ; Off          ;
; G20      ; 328        ; 6        ; RESERVED_INPUT_WITH_WEAK_PULLUP                ;        ;                       ;         ; Row I/O    ;                 ; no       ; On           ;
; G21      ;            ;          ; GND                                            ; gnd    ;                       ;         ; --         ;                 ; --       ; --           ;
; G22      ; 329        ; 6        ; RESERVED_INPUT_WITH_WEAK_PULLUP                ;        ;                       ;         ; Row I/O    ;                 ; no       ; On           ;
; H1       ; 44         ; 1B       ; RESERVED_INPUT_WITH_WEAK_PULLUP                ;        ;                       ;         ; Row I/O    ;                 ; no       ; On           ;
; H2       ; 32         ; 1B       ; ~ALTERA_TMS~ / RESERVED_INPUT_WITH_WEAK_PULLUP ; input  ; 2.5 V Schmitt Trigger ;         ; Row I/O    ; N               ; no       ; On           ;
; H3       ; 10         ; 1A       ; RESERVED_INPUT_WITH_WEAK_PULLUP                ;        ;                       ;         ; Row I/O    ;                 ; no       ; On           ;
; H4       ; 9          ; 1A       ; RESERVED_INPUT_WITH_WEAK_PULLUP                ;        ;                       ;         ; Row I/O    ;                 ; no       ; On           ;
; H5       ;            ;          ; REFGND                                         ;        ;                       ;         ; --         ;                 ; --       ; --           ;
; H6       ;            ;          ; ADC_VREF                                       ;        ;                       ;         ; --         ;                 ; --       ; --           ;
; H7       ;            ; --       ; VCCA_ADC                                       ; power  ;                       ; 2.5V    ; --         ;                 ; --       ; --           ;
; H8       ;            ; --       ; VCCA3                                          ; power  ;                       ; 2.5V    ; --         ;                 ; --       ; --           ;
; H9       ; 482        ; 8        ; ~ALTERA_nCONFIG~ / RESERVED_INPUT              ; input  ; 2.5 V Schmitt Trigger ;         ; Column I/O ; N               ; no       ; Off          ;
; H10      ; 480        ; 8        ; ~ALTERA_CONFIG_SEL~ / RESERVED_INPUT           ; input  ; 2.5 V                 ;         ; Column I/O ; N               ; no       ; Off          ;
; H11      ; 470        ; 8        ; datOutRb[7]                                    ; output ; 2.5 V                 ;         ; Column I/O ; N               ; no       ; Off          ;
; H12      ; 444        ; 7        ; addrRa[11]                                     ; input  ; 2.5 V                 ;         ; Column I/O ; N               ; no       ; Off          ;
; H13      ; 432        ; 7        ; datOutRb[12]                                   ; output ; 2.5 V                 ;         ; Column I/O ; N               ; no       ; Off          ;
; H14      ; 420        ; 7        ; datOutRb[10]                                   ; output ; 2.5 V                 ;         ; Column I/O ; N               ; no       ; Off          ;
; H15      ;            ; --       ; VCCA2                                          ; power  ;                       ; 2.5V    ; --         ;                 ; --       ; --           ;
; H16      ;            ; 6        ; VCCIO6                                         ; power  ;                       ; 2.5V    ; --         ;                 ; --       ; --           ;
; H17      ; 384        ; 6        ; RESERVED_INPUT_WITH_WEAK_PULLUP                ;        ;                       ;         ; Row I/O    ;                 ; no       ; On           ;
; H18      ; 374        ; 6        ; RESERVED_INPUT_WITH_WEAK_PULLUP                ;        ;                       ;         ; Row I/O    ;                 ; no       ; On           ;
; H19      ; 372        ; 6        ; RESERVED_INPUT_WITH_WEAK_PULLUP                ;        ;                       ;         ; Row I/O    ;                 ; no       ; On           ;
; H20      ; 375        ; 6        ; addrRa[19]                                     ; input  ; 2.5 V                 ;         ; Row I/O    ; N               ; no       ; Off          ;
; H21      ; 323        ; 6        ; addrRa[15]                                     ; input  ; 2.5 V                 ;         ; Row I/O    ; N               ; no       ; Off          ;
; H22      ; 321        ; 6        ; RESERVED_INPUT_WITH_WEAK_PULLUP                ;        ;                       ;         ; Row I/O    ;                 ; no       ; On           ;
; J1       ; 46         ; 1B       ; RESERVED_INPUT_WITH_WEAK_PULLUP                ;        ;                       ;         ; Row I/O    ;                 ; no       ; On           ;
; J2       ;            ;          ; GND                                            ; gnd    ;                       ;         ; --         ;                 ; --       ; --           ;
; J3       ; 15         ; 1A       ; RESERVED_INPUT_WITH_WEAK_PULLUP                ;        ;                       ;         ; Row I/O    ;                 ; no       ; On           ;
; J4       ; 8          ; 1A       ; RESERVED_INPUT_WITH_WEAK_PULLUP                ;        ;                       ;         ; Row I/O    ;                 ; no       ; On           ;
; J5       ;            ;          ; ANAIN2                                         ;        ;                       ;         ; --         ;                 ; --       ; --           ;
; J6       ;            ;          ; GND                                            ; gnd    ;                       ;         ; --         ;                 ; --       ; --           ;
; J7       ;            ;          ; VCCINT                                         ; power  ;                       ; 1.2V    ; --         ;                 ; --       ; --           ;
; J8       ; 4          ; 1A       ; RESERVED_INPUT_WITH_WEAK_PULLUP                ;        ;                       ;         ; Row I/O    ;                 ; no       ; On           ;
; J9       ; 6          ; 1A       ; RESERVED_INPUT_WITH_WEAK_PULLUP                ;        ;                       ;         ; Row I/O    ;                 ; no       ; On           ;
; J10      ; 468        ; 8        ; datOutRb[9]                                    ; output ; 2.5 V                 ;         ; Column I/O ; N               ; no       ; Off          ;
; J11      ; 446        ; 7        ; RESERVED_INPUT_WITH_WEAK_PULLUP                ;        ;                       ;         ; Column I/O ;                 ; no       ; On           ;
; J12      ; 434        ; 7        ; datOutRb[11]                                   ; output ; 2.5 V                 ;         ; Column I/O ; N               ; no       ; Off          ;
; J13      ; 422        ; 7        ; datW[0]                                        ; input  ; 2.5 V                 ;         ; Column I/O ; N               ; no       ; Off          ;
; J14      ; 368        ; 6        ; RESERVED_INPUT_WITH_WEAK_PULLUP                ;        ;                       ;         ; Row I/O    ;                 ; no       ; On           ;
; J15      ; 370        ; 6        ; RESERVED_INPUT_WITH_WEAK_PULLUP                ;        ;                       ;         ; Row I/O    ;                 ; no       ; On           ;
; J16      ;            ;          ; GND                                            ; gnd    ;                       ;         ; --         ;                 ; --       ; --           ;
; J17      ;            ; 6        ; VCCIO6                                         ; power  ;                       ; 2.5V    ; --         ;                 ; --       ; --           ;
; J18      ; 362        ; 6        ; RESERVED_INPUT_WITH_WEAK_PULLUP                ;        ;                       ;         ; Row I/O    ;                 ; no       ; On           ;
; J19      ;            ;          ; GND                                            ; gnd    ;                       ;         ; --         ;                 ; --       ; --           ;
; J20      ; 373        ; 6        ; RESERVED_INPUT_WITH_WEAK_PULLUP                ;        ;                       ;         ; Row I/O    ;                 ; no       ; On           ;
; J21      ; 327        ; 6        ; RESERVED_INPUT_WITH_WEAK_PULLUP                ;        ;                       ;         ; Row I/O    ;                 ; no       ; On           ;
; J22      ; 325        ; 6        ; addrRb[19]                                     ; input  ; 2.5 V                 ;         ; Row I/O    ; N               ; no       ; Off          ;
; K1       ; 49         ; 1B       ; RESERVED_INPUT_WITH_WEAK_PULLUP                ;        ;                       ;         ; Row I/O    ;                 ; no       ; On           ;
; K2       ; 37         ; 1B       ; RESERVED_INPUT_WITH_WEAK_PULLUP                ;        ;                       ;         ; Row I/O    ;                 ; no       ; On           ;
; K3       ;            ;          ; GND                                            ; gnd    ;                       ;         ; --         ;                 ; --       ; --           ;
; K4       ; 13         ; 1A       ; addrRb[10]                                     ; input  ; 2.5 V                 ;         ; Row I/O    ; N               ; no       ; Off          ;
; K5       ; 12         ; 1A       ; RESERVED_INPUT_WITH_WEAK_PULLUP                ;        ;                       ;         ; Row I/O    ;                 ; no       ; On           ;
; K6       ; 14         ; 1A       ; RESERVED_INPUT_WITH_WEAK_PULLUP                ;        ;                       ;         ; Row I/O    ;                 ; no       ; On           ;
; K7       ;            ; 1A       ; VCCIO1A                                        ; power  ;                       ; 2.5V    ; --         ;                 ; --       ; --           ;
; K8       ; 28         ; 1B       ; addrRb[11]                                     ; input  ; 2.5 V                 ;         ; Row I/O    ; N               ; no       ; Off          ;
; K9       ; 30         ; 1B       ; addrRb[8]                                      ; input  ; 2.5 V                 ;         ; Row I/O    ; N               ; no       ; Off          ;
; K10      ;            ;          ; GND                                            ; gnd    ;                       ;         ; --         ;                 ; --       ; --           ;
; K11      ;            ; --       ; VCC                                            ; power  ;                       ; 1.2V    ; --         ;                 ; --       ; --           ;
; K12      ;            ;          ; GND                                            ; gnd    ;                       ;         ; --         ;                 ; --       ; --           ;
; K13      ;            ; --       ; VCC                                            ; power  ;                       ; 1.2V    ; --         ;                 ; --       ; --           ;
; K14      ; 356        ; 6        ; datW[17]                                       ; input  ; 2.5 V                 ;         ; Row I/O    ; N               ; no       ; Off          ;
; K15      ; 358        ; 6        ; datOutRa[31]                                   ; output ; 2.5 V                 ;         ; Row I/O    ; N               ; no       ; Off          ;
; K16      ;            ; 6        ; VCCIO6                                         ; power  ;                       ; 2.5V    ; --         ;                 ; --       ; --           ;
; K17      ;            ; 6        ; VCCIO6                                         ; power  ;                       ; 2.5V    ; --         ;                 ; --       ; --           ;
; K18      ; 360        ; 6        ; RESERVED_INPUT_WITH_WEAK_PULLUP                ;        ;                       ;         ; Row I/O    ;                 ; no       ; On           ;
; K19      ; 361        ; 6        ; RESERVED_INPUT_WITH_WEAK_PULLUP                ;        ;                       ;         ; Row I/O    ;                 ; no       ; On           ;
; K20      ; 363        ; 6        ; RESERVED_INPUT_WITH_WEAK_PULLUP                ;        ;                       ;         ; Row I/O    ;                 ; no       ; On           ;
; K21      ; 326        ; 6        ; RESERVED_INPUT_WITH_WEAK_PULLUP                ;        ;                       ;         ; Row I/O    ;                 ; no       ; On           ;
; K22      ; 324        ; 6        ; RESERVED_INPUT_WITH_WEAK_PULLUP                ;        ;                       ;         ; Row I/O    ;                 ; no       ; On           ;
; L1       ; 51         ; 1B       ; RESERVED_INPUT_WITH_WEAK_PULLUP                ;        ;                       ;         ; Row I/O    ;                 ; no       ; On           ;
; L2       ; 39         ; 1B       ; RESERVED_INPUT_WITH_WEAK_PULLUP                ;        ;                       ;         ; Row I/O    ;                 ; no       ; On           ;
; L3       ;            ;          ; DNU                                            ;        ;                       ;         ; --         ;                 ; --       ; --           ;
; L4       ; 36         ; 1B       ; ~ALTERA_TDI~ / RESERVED_INPUT_WITH_WEAK_PULLUP ; input  ; 2.5 V Schmitt Trigger ;         ; Row I/O    ; N               ; no       ; On           ;
; L5       ;            ;          ; GND                                            ; gnd    ;                       ;         ; --         ;                 ; --       ; --           ;
; L6       ;            ; 1A       ; VCCIO1A                                        ; power  ;                       ; 2.5V    ; --         ;                 ; --       ; --           ;
; L7       ;            ; 1B       ; VCCIO1B                                        ; power  ;                       ; 2.5V    ; --         ;                 ; --       ; --           ;
; L8       ; 40         ; 1B       ; addrRa[29]                                     ; input  ; 2.5 V                 ;         ; Row I/O    ; N               ; no       ; Off          ;
; L9       ; 42         ; 1B       ; addrRb[31]                                     ; input  ; 2.5 V                 ;         ; Row I/O    ; N               ; no       ; Off          ;
; L10      ;            ; --       ; VCC                                            ; power  ;                       ; 1.2V    ; --         ;                 ; --       ; --           ;
; L11      ;            ; --       ; VCC                                            ; power  ;                       ; 1.2V    ; --         ;                 ; --       ; --           ;
; L12      ;            ; --       ; VCC                                            ; power  ;                       ; 1.2V    ; --         ;                 ; --       ; --           ;
; L13      ;            ;          ; GND                                            ; gnd    ;                       ;         ; --         ;                 ; --       ; --           ;
; L14      ; 344        ; 6        ; datOutRa[19]                                   ; output ; 2.5 V                 ;         ; Row I/O    ; N               ; no       ; Off          ;
; L15      ; 346        ; 6        ; datOutRb[17]                                   ; output ; 2.5 V                 ;         ; Row I/O    ; N               ; no       ; Off          ;
; L16      ;            ; 6        ; VCCIO6                                         ; power  ;                       ; 2.5V    ; --         ;                 ; --       ; --           ;
; L17      ;            ;          ; GND                                            ; gnd    ;                       ;         ; --         ;                 ; --       ; --           ;
; L18      ; 350        ; 6        ; datOutRa[22]                                   ; output ; 2.5 V                 ;         ; Row I/O    ; N               ; no       ; Off          ;
; L19      ; 349        ; 6        ; datOutRa[18]                                   ; output ; 2.5 V                 ;         ; Row I/O    ; N               ; no       ; Off          ;
; L20      ; 351        ; 6        ; datOutRa[17]                                   ; output ; 2.5 V                 ;         ; Row I/O    ; N               ; no       ; Off          ;
; L21      ;            ;          ; GND                                            ; gnd    ;                       ;         ; --         ;                 ; --       ; --           ;
; L22      ; 314        ; 5        ; datW[20]                                       ; input  ; 2.5 V                 ;         ; Row I/O    ; N               ; no       ; Off          ;
; M1       ; 79         ; 2        ; RESERVED_INPUT_WITH_WEAK_PULLUP                ;        ;                       ;         ; Row I/O    ;                 ; no       ; On           ;
; M2       ; 77         ; 2        ; RESERVED_INPUT_WITH_WEAK_PULLUP                ;        ;                       ;         ; Row I/O    ;                 ; --       ; --           ;
; M3       ; 50         ; 1B       ; addrRb[25]                                     ; input  ; 2.5 V                 ;         ; Row I/O    ; N               ; no       ; Off          ;
; M4       ; 48         ; 1B       ; RESERVED_INPUT_WITH_WEAK_PULLUP                ;        ;                       ;         ; Row I/O    ;                 ; no       ; On           ;
; M5       ; 38         ; 1B       ; ~ALTERA_TDO~                                   ; output ; 2.5 V                 ;         ; Row I/O    ; N               ; no       ; Off          ;
; M6       ;            ; 1B       ; VCCIO1B                                        ; power  ;                       ; 2.5V    ; --         ;                 ; --       ; --           ;
; M7       ;            ;          ; GND                                            ; gnd    ;                       ;         ; --         ;                 ; --       ; --           ;
; M8       ; 72         ; 2        ; RESERVED_INPUT_WITH_WEAK_PULLUP                ;        ;                       ;         ; Row I/O    ;                 ; no       ; On           ;
; M9       ; 74         ; 2        ; addrRb[4]                                      ; input  ; 2.5 V                 ;         ; Row I/O    ; N               ; no       ; Off          ;
; M10      ;            ;          ; GND                                            ; gnd    ;                       ;         ; --         ;                 ; --       ; --           ;
; M11      ;            ; --       ; VCC                                            ; power  ;                       ; 1.2V    ; --         ;                 ; --       ; --           ;
; M12      ;            ; --       ; VCC                                            ; power  ;                       ; 1.2V    ; --         ;                 ; --       ; --           ;
; M13      ;            ; --       ; VCC                                            ; power  ;                       ; 1.2V    ; --         ;                 ; --       ; --           ;
; M14      ; 334        ; 6        ; addrRa[23]                                     ; input  ; 2.5 V                 ;         ; Row I/O    ; N               ; no       ; Off          ;
; M15      ; 332        ; 6        ; datW[16]                                       ; input  ; 2.5 V                 ;         ; Row I/O    ; N               ; no       ; Off          ;
; M16      ;            ;          ; GND                                            ; gnd    ;                       ;         ; --         ;                 ; --       ; --           ;
; M17      ;            ; 6        ; VCCIO6                                         ; power  ;                       ; 2.5V    ; --         ;                 ; --       ; --           ;
; M18      ; 348        ; 6        ; datOutRb[16]                                   ; output ; 2.5 V                 ;         ; Row I/O    ; N               ; no       ; Off          ;
; M19      ;            ;          ; GND                                            ; gnd    ;                       ;         ; --         ;                 ; --       ; --           ;
; M20      ; 337        ; 6        ; datOutRa[21]                                   ; output ; 2.5 V                 ;         ; Row I/O    ; N               ; no       ; Off          ;
; M21      ; 312        ; 5        ; addrW[28]                                      ; input  ; 2.5 V                 ;         ; Row I/O    ; N               ; no       ; Off          ;
; M22      ; 315        ; 5        ; addrW[6]                                       ; input  ; 2.5 V                 ;         ; Row I/O    ; N               ; no       ; Off          ;
; N1       ; 87         ; 2        ; RESERVED_INPUT_WITH_WEAK_PULLUP                ;        ;                       ;         ; Row I/O    ;                 ; no       ; On           ;
; N2       ; 75         ; 2        ; RESERVED_INPUT_WITH_WEAK_PULLUP                ;        ;                       ;         ; Row I/O    ;                 ; no       ; On           ;
; N3       ; 73         ; 2        ; RESERVED_INPUT_WITH_WEAK_PULLUP                ;        ;                       ;         ; Row I/O    ;                 ; no       ; On           ;
; N4       ; 56         ; 2        ; RESERVED_INPUT_WITH_WEAK_PULLUP                ;        ;                       ;         ; Row I/O    ;                 ; no       ; On           ;
; N5       ; 58         ; 2        ; RESERVED_INPUT_WITH_WEAK_PULLUP                ;        ;                       ;         ; Row I/O    ;                 ; no       ; On           ;
; N6       ;            ; 2        ; VCCIO2                                         ; power  ;                       ; 2.5V    ; --         ;                 ; --       ; --           ;
; N7       ;            ; 2        ; VCCIO2                                         ; power  ;                       ; 2.5V    ; --         ;                 ; --       ; --           ;
; N8       ; 84         ; 2        ; RESERVED_INPUT_WITH_WEAK_PULLUP                ;        ;                       ;         ; Row I/O    ;                 ; no       ; On           ;
; N9       ; 86         ; 2        ; RESERVED_INPUT_WITH_WEAK_PULLUP                ;        ;                       ;         ; Row I/O    ;                 ; no       ; On           ;
; N10      ;            ; --       ; VCC                                            ; power  ;                       ; 1.2V    ; --         ;                 ; --       ; --           ;
; N11      ;            ;          ; GND                                            ; gnd    ;                       ;         ; --         ;                 ; --       ; --           ;
; N12      ;            ; --       ; VCC                                            ; power  ;                       ; 1.2V    ; --         ;                 ; --       ; --           ;
; N13      ;            ;          ; GND                                            ; gnd    ;                       ;         ; --         ;                 ; --       ; --           ;
; N14      ; 320        ; 6        ; RESERVED_INPUT_WITH_WEAK_PULLUP                ;        ;                       ;         ; Row I/O    ;                 ; no       ; On           ;
; N15      ; 322        ; 6        ; RESERVED_INPUT_WITH_WEAK_PULLUP                ;        ;                       ;         ; Row I/O    ;                 ; no       ; On           ;
; N16      ;            ; 5        ; VCCIO5                                         ; power  ;                       ; 2.5V    ; --         ;                 ; --       ; --           ;
; N17      ;            ; 6        ; VCCIO6                                         ; power  ;                       ; 2.5V    ; --         ;                 ; --       ; --           ;
; N18      ; 336        ; 6        ; datW[21]                                       ; input  ; 2.5 V                 ;         ; Row I/O    ; N               ; no       ; Off          ;
; N19      ; 338        ; 6        ; datW[22]                                       ; input  ; 2.5 V                 ;         ; Row I/O    ; N               ; no       ; Off          ;
; N20      ; 339        ; 6        ; datOutRb[19]                                   ; output ; 2.5 V                 ;         ; Row I/O    ; N               ; no       ; Off          ;
; N21      ; 313        ; 5        ; addrW[21]                                      ; input  ; 2.5 V                 ;         ; Row I/O    ; N               ; no       ; Off          ;
; N22      ; 307        ; 5        ; addrW[4]                                       ; input  ; 2.5 V                 ;         ; Row I/O    ; N               ; no       ; Off          ;
; P1       ; 85         ; 2        ; RESERVED_INPUT_WITH_WEAK_PULLUP                ;        ;                       ;         ; Row I/O    ;                 ; no       ; On           ;
; P2       ;            ;          ; GND                                            ; gnd    ;                       ;         ; --         ;                 ; --       ; --           ;
; P3       ; 76         ; 2        ; addrRa[7]                                      ; input  ; 2.5 V                 ;         ; Row I/O    ; N               ; no       ; Off          ;
; P4       ; 57         ; 2        ; RESERVED_INPUT_WITH_WEAK_PULLUP                ;        ;                       ;         ; Row I/O    ;                 ; no       ; On           ;
; P5       ; 59         ; 2        ; RESERVED_INPUT_WITH_WEAK_PULLUP                ;        ;                       ;         ; Row I/O    ;                 ; no       ; On           ;
; P6       ;            ;          ; GND                                            ; gnd    ;                       ;         ; --         ;                 ; --       ; --           ;
; P7       ;            ; 2        ; VCCIO2                                         ; power  ;                       ; 2.5V    ; --         ;                 ; --       ; --           ;
; P8       ; 96         ; 2        ; RESERVED_INPUT_WITH_WEAK_PULLUP                ;        ;                       ;         ; Row I/O    ;                 ; no       ; On           ;
; P9       ; 142        ; 3        ; addrRa[6]                                      ; input  ; 2.5 V                 ;         ; Column I/O ; N               ; no       ; Off          ;
; P10      ; 154        ; 3        ; addrRa[16]                                     ; input  ; 2.5 V                 ;         ; Column I/O ; N               ; no       ; Off          ;
; P11      ; 166        ; 3        ; clk                                            ; input  ; 2.5 V                 ;         ; Column I/O ; Y               ; no       ; Off          ;
; P12      ; 178        ; 4        ; RESERVED_INPUT_WITH_WEAK_PULLUP                ;        ;                       ;         ; Column I/O ;                 ; no       ; On           ;
; P13      ; 198        ; 4        ; datOutRa[26]                                   ; output ; 2.5 V                 ;         ; Column I/O ; N               ; no       ; Off          ;
; P14      ; 306        ; 5        ; addrW[10]                                      ; input  ; 2.5 V                 ;         ; Row I/O    ; N               ; no       ; Off          ;
; P15      ; 304        ; 5        ; addrW[5]                                       ; input  ; 2.5 V                 ;         ; Row I/O    ; N               ; no       ; Off          ;
; P16      ;            ; 5        ; VCCIO5                                         ; power  ;                       ; 2.5V    ; --         ;                 ; --       ; --           ;
; P17      ;            ;          ; GND                                            ; gnd    ;                       ;         ; --         ;                 ; --       ; --           ;
; P18      ; 310        ; 5        ; addrW[26]                                      ; input  ; 2.5 V                 ;         ; Row I/O    ; N               ; no       ; Off          ;
; P19      ; 309        ; 5        ; addrW[22]                                      ; input  ; 2.5 V                 ;         ; Row I/O    ; N               ; no       ; Off          ;
; P20      ; 311        ; 5        ; addrW[16]                                      ; input  ; 2.5 V                 ;         ; Row I/O    ; N               ; no       ; Off          ;
; P21      ; 305        ; 5        ; addrW[9]                                       ; input  ; 2.5 V                 ;         ; Row I/O    ; N               ; no       ; Off          ;
; P22      ; 303        ; 5        ; addrW[20]                                      ; input  ; 2.5 V                 ;         ; Row I/O    ; N               ; no       ; Off          ;
; R1       ; 121        ; 2        ; RESERVED_INPUT_WITH_WEAK_PULLUP                ;        ;                       ;         ; Row I/O    ;                 ; no       ; On           ;
; R2       ; 123        ; 2        ; RESERVED_INPUT_WITH_WEAK_PULLUP                ;        ;                       ;         ; Row I/O    ;                 ; no       ; On           ;
; R3       ; 78         ; 2        ; RESERVED_INPUT_WITH_WEAK_PULLUP                ;        ;                       ;         ; Row I/O    ;                 ; no       ; On           ;
; R4       ; 80         ; 2        ; RESERVED_INPUT_WITH_WEAK_PULLUP                ;        ;                       ;         ; Row I/O    ;                 ; no       ; On           ;
; R5       ; 82         ; 2        ; RESERVED_INPUT_WITH_WEAK_PULLUP                ;        ;                       ;         ; Row I/O    ;                 ; no       ; On           ;
; R6       ;            ; 2        ; VCCIO2                                         ; power  ;                       ; 2.5V    ; --         ;                 ; --       ; --           ;
; R7       ; 98         ; 2        ; RESERVED_INPUT_WITH_WEAK_PULLUP                ;        ;                       ;         ; Row I/O    ;                 ; no       ; On           ;
; R8       ;            ; --       ; VCCA1                                          ; power  ;                       ; 2.5V    ; --         ;                 ; --       ; --           ;
; R9       ; 140        ; 3        ; addrRa[20]                                     ; input  ; 2.5 V                 ;         ; Column I/O ; N               ; no       ; Off          ;
; R10      ; 152        ; 3        ; RESERVED_INPUT_WITH_WEAK_PULLUP                ;        ;                       ;         ; Column I/O ;                 ; no       ; On           ;
; R11      ; 164        ; 3        ; RESERVED_INPUT_WITH_WEAK_PULLUP                ;        ;                       ;         ; Column I/O ;                 ; no       ; On           ;
; R12      ; 176        ; 4        ; RESERVED_INPUT_WITH_WEAK_PULLUP                ;        ;                       ;         ; Column I/O ;                 ; no       ; On           ;
; R13      ; 196        ; 4        ; RESERVED_INPUT_WITH_WEAK_PULLUP                ;        ;                       ;         ; Column I/O ;                 ; no       ; On           ;
; R14      ; 294        ; 5        ; addrW[14]                                      ; input  ; 2.5 V                 ;         ; Row I/O    ; N               ; no       ; Off          ;
; R15      ; 292        ; 5        ; addrW[12]                                      ; input  ; 2.5 V                 ;         ; Row I/O    ; N               ; no       ; Off          ;
; R16      ;            ; 5        ; VCCIO5                                         ; power  ;                       ; 2.5V    ; --         ;                 ; --       ; --           ;
; R17      ;            ; 5        ; VCCIO5                                         ; power  ;                       ; 2.5V    ; --         ;                 ; --       ; --           ;
; R18      ; 308        ; 5        ; addrW[19]                                      ; input  ; 2.5 V                 ;         ; Row I/O    ; N               ; no       ; Off          ;
; R19      ;            ;          ; GND                                            ; gnd    ;                       ;         ; --         ;                 ; --       ; --           ;
; R20      ; 299        ; 5        ; addrW[30]                                      ; input  ; 2.5 V                 ;         ; Row I/O    ; N               ; no       ; Off          ;
; R21      ;            ;          ; GND                                            ; gnd    ;                       ;         ; --         ;                 ; --       ; --           ;
; R22      ; 301        ; 5        ; addrW[23]                                      ; input  ; 2.5 V                 ;         ; Row I/O    ; N               ; no       ; Off          ;
; T1       ; 81         ; 2        ; RESERVED_INPUT_WITH_WEAK_PULLUP                ;        ;                       ;         ; Row I/O    ;                 ; no       ; On           ;
; T2       ; 83         ; 2        ; RESERVED_INPUT_WITH_WEAK_PULLUP                ;        ;                       ;         ; Row I/O    ;                 ; no       ; On           ;
; T3       ; 88         ; 2        ; RESERVED_INPUT_WITH_WEAK_PULLUP                ;        ;                       ;         ; Row I/O    ;                 ; no       ; On           ;
; T4       ;            ;          ; GND                                            ; gnd    ;                       ;         ; --         ;                 ; --       ; --           ;
; T5       ; 120        ; 2        ; addrRb[14]                                     ; input  ; 2.5 V                 ;         ; Row I/O    ; N               ; no       ; Off          ;
; T6       ; 122        ; 2        ; addrRb[15]                                     ; input  ; 2.5 V                 ;         ; Row I/O    ; N               ; no       ; Off          ;
; T7       ;            ;          ; VCCD_PLL1                                      ; power  ;                       ; 1.2V    ; --         ;                 ; --       ; --           ;
; T8       ;            ;          ; GND                                            ; gnd    ;                       ;         ; --         ;                 ; --       ; --           ;
; T9       ;            ; 3        ; VCCIO3                                         ; power  ;                       ; 2.5V    ; --         ;                 ; --       ; --           ;
; T10      ;            ; 3        ; VCCIO3                                         ; power  ;                       ; 2.5V    ; --         ;                 ; --       ; --           ;
; T11      ;            ; 3        ; VCCIO3                                         ; power  ;                       ; 2.5V    ; --         ;                 ; --       ; --           ;
; T12      ;            ; 4        ; VCCIO4                                         ; power  ;                       ; 2.5V    ; --         ;                 ; --       ; --           ;
; T13      ;            ; 4        ; VCCIO4                                         ; power  ;                       ; 2.5V    ; --         ;                 ; --       ; --           ;
; T14      ;            ;          ; GND                                            ; gnd    ;                       ;         ; --         ;                 ; --       ; --           ;
; T15      ;            ; --       ; VCCA4                                          ; power  ;                       ; 2.5V    ; --         ;                 ; --       ; --           ;
; T16      ;            ;          ; GND                                            ; gnd    ;                       ;         ; --         ;                 ; --       ; --           ;
; T17      ;            ; 5        ; VCCIO5                                         ; power  ;                       ; 2.5V    ; --         ;                 ; --       ; --           ;
; T18      ; 298        ; 5        ; addrW[18]                                      ; input  ; 2.5 V                 ;         ; Row I/O    ; N               ; no       ; Off          ;
; T19      ; 296        ; 5        ; addrW[27]                                      ; input  ; 2.5 V                 ;         ; Row I/O    ; N               ; no       ; Off          ;
; T20      ; 297        ; 5        ; addrW[24]                                      ; input  ; 2.5 V                 ;         ; Row I/O    ; N               ; no       ; Off          ;
; T21      ; 293        ; 5        ; addrW[15]                                      ; input  ; 2.5 V                 ;         ; Row I/O    ; N               ; no       ; Off          ;
; T22      ; 295        ; 5        ; addrW[13]                                      ; input  ; 2.5 V                 ;         ; Row I/O    ; N               ; no       ; Off          ;
; U1       ; 89         ; 2        ; RESERVED_INPUT_WITH_WEAK_PULLUP                ;        ;                       ;         ; Row I/O    ;                 ; no       ; On           ;
; U2       ; 90         ; 2        ; addrRa[3]                                      ; input  ; 2.5 V                 ;         ; Row I/O    ; N               ; no       ; Off          ;
; U3       ; 93         ; 2        ; RESERVED_INPUT_WITH_WEAK_PULLUP                ;        ;                       ;         ; Row I/O    ;                 ; no       ; On           ;
; U4       ; 92         ; 2        ; RESERVED_INPUT_WITH_WEAK_PULLUP                ;        ;                       ;         ; Row I/O    ;                 ; no       ; On           ;
; U5       ; 94         ; 2        ; RESERVED_INPUT_WITH_WEAK_PULLUP                ;        ;                       ;         ; Row I/O    ;                 ; no       ; On           ;
; U6       ; 128        ; 3        ; addrRa[13]                                     ; input  ; 2.5 V                 ;         ; Column I/O ; N               ; no       ; Off          ;
; U7       ; 130        ; 3        ; RESERVED_INPUT_WITH_WEAK_PULLUP                ;        ;                       ;         ; Column I/O ;                 ; no       ; On           ;
; U8       ;            ; 3        ; VCCIO3                                         ; power  ;                       ; 2.5V    ; --         ;                 ; --       ; --           ;
; U9       ;            ; 3        ; VCCIO3                                         ; power  ;                       ; 2.5V    ; --         ;                 ; --       ; --           ;
; U10      ;            ;          ; GND                                            ; gnd    ;                       ;         ; --         ;                 ; --       ; --           ;
; U11      ;            ; 4        ; VCCIO4                                         ; power  ;                       ; 2.5V    ; --         ;                 ; --       ; --           ;
; U12      ;            ; 4        ; VCCIO4                                         ; power  ;                       ; 2.5V    ; --         ;                 ; --       ; --           ;
; U13      ;            ;          ; GND                                            ; gnd    ;                       ;         ; --         ;                 ; --       ; --           ;
; U14      ;            ; 4        ; VCCIO4                                         ; power  ;                       ; 2.5V    ; --         ;                 ; --       ; --           ;
; U15      ; 208        ; 4        ; datOutRb[29]                                   ; output ; 2.5 V                 ;         ; Column I/O ; N               ; no       ; Off          ;
; U16      ;            ;          ; VCCD_PLL4                                      ; power  ;                       ; 1.2V    ; --         ;                 ; --       ; --           ;
; U17      ; 246        ; 5        ; RESERVED_INPUT_WITH_WEAK_PULLUP                ;        ;                       ;         ; Row I/O    ;                 ; no       ; On           ;
; U18      ; 244        ; 5        ; RESERVED_INPUT_WITH_WEAK_PULLUP                ;        ;                       ;         ; Row I/O    ;                 ; no       ; On           ;
; U19      ; 282        ; 5        ; addrRa[28]                                     ; input  ; 2.5 V                 ;         ; Row I/O    ; N               ; no       ; Off          ;
; U20      ; 290        ; 5        ; addrW[11]                                      ; input  ; 2.5 V                 ;         ; Row I/O    ; N               ; no       ; Off          ;
; U21      ; 300        ; 5        ; addrW[31]                                      ; input  ; 2.5 V                 ;         ; Row I/O    ; N               ; no       ; Off          ;
; U22      ; 302        ; 5        ; addrW[8]                                       ; input  ; 2.5 V                 ;         ; Row I/O    ; N               ; no       ; Off          ;
; V1       ; 91         ; 2        ; RESERVED_INPUT_WITH_WEAK_PULLUP                ;        ;                       ;         ; Row I/O    ;                 ; no       ; On           ;
; V2       ;            ;          ; GND                                            ; gnd    ;                       ;         ; --         ;                 ; --       ; --           ;
; V3       ; 95         ; 2        ; RESERVED_INPUT_WITH_WEAK_PULLUP                ;        ;                       ;         ; Row I/O    ;                 ; no       ; On           ;
; V4       ; 125        ; 3        ; RESERVED_INPUT_WITH_WEAK_PULLUP                ;        ;                       ;         ; Column I/O ;                 ; no       ; On           ;
; V5       ; 127        ; 3        ; RESERVED_INPUT_WITH_WEAK_PULLUP                ;        ;                       ;         ; Column I/O ;                 ; no       ; On           ;
; V6       ;            ;          ; GND                                            ; gnd    ;                       ;         ; --         ;                 ; --       ; --           ;
; V7       ; 136        ; 3        ; RESERVED_INPUT_WITH_WEAK_PULLUP                ;        ;                       ;         ; Column I/O ;                 ; no       ; On           ;
; V8       ; 138        ; 3        ; addrRa[9]                                      ; input  ; 2.5 V                 ;         ; Column I/O ; N               ; no       ; Off          ;
; V9       ; 160        ; 3        ; RESERVED_INPUT_WITH_WEAK_PULLUP                ;        ;                       ;         ; Column I/O ;                 ; no       ; On           ;
; V10      ; 162        ; 3        ; RESERVED_INPUT_WITH_WEAK_PULLUP                ;        ;                       ;         ; Column I/O ;                 ; no       ; On           ;
; V11      ; 172        ; 4        ; RESERVED_INPUT_WITH_WEAK_PULLUP                ;        ;                       ;         ; Column I/O ;                 ; no       ; On           ;
; V12      ; 174        ; 4        ; RESERVED_INPUT_WITH_WEAK_PULLUP                ;        ;                       ;         ; Column I/O ;                 ; no       ; On           ;
; V13      ; 192        ; 4        ; datOutRb[8]                                    ; output ; 2.5 V                 ;         ; Column I/O ; N               ; no       ; Off          ;
; V14      ; 204        ; 4        ; datOutRa[24]                                   ; output ; 2.5 V                 ;         ; Column I/O ; N               ; no       ; Off          ;
; V15      ; 216        ; 4        ; datW[15]                                       ; input  ; 2.5 V                 ;         ; Column I/O ; N               ; no       ; Off          ;
; V16      ; 210        ; 4        ; datW[25]                                       ; input  ; 2.5 V                 ;         ; Column I/O ; N               ; no       ; Off          ;
; V17      ; 242        ; 4        ; RESERVED_INPUT_WITH_WEAK_PULLUP                ;        ;                       ;         ; Column I/O ;                 ; no       ; On           ;
; V18      ; 280        ; 5        ; RESERVED_INPUT_WITH_WEAK_PULLUP                ;        ;                       ;         ; Row I/O    ;                 ; no       ; On           ;
; V19      ;            ;          ; GND                                            ; gnd    ;                       ;         ; --         ;                 ; --       ; --           ;
; V20      ; 288        ; 5        ; addrW[25]                                      ; input  ; 2.5 V                 ;         ; Row I/O    ; N               ; no       ; Off          ;
; V21      ; 289        ; 5        ; addrW[7]                                       ; input  ; 2.5 V                 ;         ; Row I/O    ; N               ; no       ; Off          ;
; V22      ; 291        ; 5        ; addrW[29]                                      ; input  ; 2.5 V                 ;         ; Row I/O    ; N               ; no       ; Off          ;
; W1       ; 97         ; 2        ; RESERVED_INPUT_WITH_WEAK_PULLUP                ;        ;                       ;         ; Row I/O    ;                 ; no       ; On           ;
; W2       ; 99         ; 2        ; RESERVED_INPUT_WITH_WEAK_PULLUP                ;        ;                       ;         ; Row I/O    ;                 ; no       ; On           ;
; W3       ; 134        ; 3        ; RESERVED_INPUT_WITH_WEAK_PULLUP                ;        ;                       ;         ; Column I/O ;                 ; no       ; On           ;
; W4       ; 132        ; 3        ; RESERVED_INPUT_WITH_WEAK_PULLUP                ;        ;                       ;         ; Column I/O ;                 ; no       ; On           ;
; W5       ; 124        ; 3        ; RESERVED_INPUT_WITH_WEAK_PULLUP                ;        ;                       ;         ; Column I/O ;                 ; no       ; On           ;
; W6       ; 126        ; 3        ; RESERVED_INPUT_WITH_WEAK_PULLUP                ;        ;                       ;         ; Column I/O ;                 ; no       ; On           ;
; W7       ; 148        ; 3        ; RESERVED_INPUT_WITH_WEAK_PULLUP                ;        ;                       ;         ; Column I/O ;                 ; no       ; On           ;
; W8       ; 150        ; 3        ; addrRa[4]                                      ; input  ; 2.5 V                 ;         ; Column I/O ; N               ; no       ; Off          ;
; W9       ; 144        ; 3        ; RESERVED_INPUT_WITH_WEAK_PULLUP                ;        ;                       ;         ; Column I/O ;                 ; no       ; On           ;
; W10      ; 146        ; 3        ; RESERVED_INPUT_WITH_WEAK_PULLUP                ;        ;                       ;         ; Column I/O ;                 ; no       ; On           ;
; W11      ; 173        ; 4        ; RESERVED_INPUT_WITH_WEAK_PULLUP                ;        ;                       ;         ; Column I/O ;                 ; no       ; On           ;
; W12      ; 193        ; 4        ; RESERVED_INPUT_WITH_WEAK_PULLUP                ;        ;                       ;         ; Column I/O ;                 ; no       ; On           ;
; W13      ; 195        ; 4        ; RESERVED_INPUT_WITH_WEAK_PULLUP                ;        ;                       ;         ; Column I/O ;                 ; no       ; On           ;
; W14      ; 194        ; 4        ; datW[24]                                       ; input  ; 2.5 V                 ;         ; Column I/O ; N               ; no       ; Off          ;
; W15      ; 206        ; 4        ; datOutRb[25]                                   ; output ; 2.5 V                 ;         ; Column I/O ; N               ; no       ; Off          ;
; W16      ; 218        ; 4        ; datOutRa[23]                                   ; output ; 2.5 V                 ;         ; Column I/O ; N               ; no       ; Off          ;
; W17      ; 240        ; 4        ; RESERVED_INPUT_WITH_WEAK_PULLUP                ;        ;                       ;         ; Column I/O ;                 ; no       ; On           ;
; W18      ; 226        ; 4        ; RESERVED_INPUT_WITH_WEAK_PULLUP                ;        ;                       ;         ; Column I/O ;                 ; no       ; On           ;
; W19      ; 284        ; 5        ; addrW[17]                                      ; input  ; 2.5 V                 ;         ; Row I/O    ; N               ; no       ; Off          ;
; W20      ; 286        ; 5        ; RESERVED_INPUT_WITH_WEAK_PULLUP                ;        ;                       ;         ; Row I/O    ;                 ; no       ; On           ;
; W21      ;            ;          ; GND                                            ; gnd    ;                       ;         ; --         ;                 ; --       ; --           ;
; W22      ; 283        ; 5        ; RESERVED_INPUT_WITH_WEAK_PULLUP                ;        ;                       ;         ; Row I/O    ;                 ; no       ; On           ;
; Y1       ; 129        ; 3        ; RESERVED_INPUT_WITH_WEAK_PULLUP                ;        ;                       ;         ; Column I/O ;                 ; no       ; On           ;
; Y2       ; 131        ; 3        ; RESERVED_INPUT_WITH_WEAK_PULLUP                ;        ;                       ;         ; Column I/O ;                 ; no       ; On           ;
; Y3       ; 149        ; 3        ; RESERVED_INPUT_WITH_WEAK_PULLUP                ;        ;                       ;         ; Column I/O ;                 ; no       ; On           ;
; Y4       ; 151        ; 3        ; addrRb[27]                                     ; input  ; 2.5 V                 ;         ; Column I/O ; N               ; no       ; Off          ;
; Y5       ; 137        ; 3        ; RESERVED_INPUT_WITH_WEAK_PULLUP                ;        ;                       ;         ; Column I/O ;                 ; no       ; On           ;
; Y6       ; 139        ; 3        ; RESERVED_INPUT_WITH_WEAK_PULLUP                ;        ;                       ;         ; Column I/O ;                 ; no       ; On           ;
; Y7       ; 141        ; 3        ; RESERVED_INPUT_WITH_WEAK_PULLUP                ;        ;                       ;         ; Column I/O ;                 ; no       ; On           ;
; Y8       ; 143        ; 3        ; RESERVED_INPUT_WITH_WEAK_PULLUP                ;        ;                       ;         ; Column I/O ;                 ; no       ; On           ;
; Y9       ;            ;          ; GND                                            ; gnd    ;                       ;         ; --         ;                 ; --       ; --           ;
; Y10      ; 168        ; 3        ; addrRa[21]                                     ; input  ; 2.5 V                 ;         ; Column I/O ; N               ; no       ; Off          ;
; Y11      ; 175        ; 4        ; addrRb[16]                                     ; input  ; 2.5 V                 ;         ; Column I/O ; N               ; no       ; Off          ;
; Y12      ;            ;          ; GND                                            ; gnd    ;                       ;         ; --         ;                 ; --       ; --           ;
; Y13      ; 200        ; 4        ; datOutRa[25]                                   ; output ; 2.5 V                 ;         ; Column I/O ; N               ; no       ; Off          ;
; Y14      ; 202        ; 4        ; datOutRb[15]                                   ; output ; 2.5 V                 ;         ; Column I/O ; N               ; no       ; Off          ;
; Y15      ;            ;          ; GND                                            ; gnd    ;                       ;         ; --         ;                 ; --       ; --           ;
; Y16      ; 207        ; 4        ; datW[26]                                       ; input  ; 2.5 V                 ;         ; Column I/O ; N               ; no       ; Off          ;
; Y17      ; 214        ; 4        ; datOutRa[15]                                   ; output ; 2.5 V                 ;         ; Column I/O ; N               ; no       ; Off          ;
; Y18      ; 219        ; 4        ; datW[29]                                       ; input  ; 2.5 V                 ;         ; Column I/O ; N               ; no       ; Off          ;
; Y19      ; 224        ; 4        ; addrRa[10]                                     ; input  ; 2.5 V                 ;         ; Column I/O ; N               ; no       ; Off          ;
; Y20      ; 285        ; 5        ; RESERVED_INPUT_WITH_WEAK_PULLUP                ;        ;                       ;         ; Row I/O    ;                 ; no       ; On           ;
; Y21      ; 287        ; 5        ; RESERVED_INPUT_WITH_WEAK_PULLUP                ;        ;                       ;         ; Row I/O    ;                 ; no       ; On           ;
; Y22      ; 281        ; 5        ; RESERVED_INPUT_WITH_WEAK_PULLUP                ;        ;                       ;         ; Row I/O    ;                 ; no       ; On           ;
+----------+------------+----------+------------------------------------------------+--------+-----------------------+---------+------------+-----------------+----------+--------------+
Note: Pin directions (input, output or bidir) are based on device operating in user mode.


+----------------------------------------------+
; I/O Assignment Warnings                      ;
+--------------+-------------------------------+
; Pin Name     ; Reason                        ;
+--------------+-------------------------------+
; addrRa[1]    ; Incomplete set of assignments ;
; addrRa[2]    ; Incomplete set of assignments ;
; addrRa[3]    ; Incomplete set of assignments ;
; addrRa[4]    ; Incomplete set of assignments ;
; addrRa[5]    ; Incomplete set of assignments ;
; addrRa[6]    ; Incomplete set of assignments ;
; addrRa[7]    ; Incomplete set of assignments ;
; addrRa[8]    ; Incomplete set of assignments ;
; addrRa[9]    ; Incomplete set of assignments ;
; addrRa[10]   ; Incomplete set of assignments ;
; addrRa[11]   ; Incomplete set of assignments ;
; addrRa[12]   ; Incomplete set of assignments ;
; addrRa[13]   ; Incomplete set of assignments ;
; addrRa[14]   ; Incomplete set of assignments ;
; addrRa[15]   ; Incomplete set of assignments ;
; addrRa[16]   ; Incomplete set of assignments ;
; addrRa[17]   ; Incomplete set of assignments ;
; addrRa[18]   ; Incomplete set of assignments ;
; addrRa[19]   ; Incomplete set of assignments ;
; addrRa[20]   ; Incomplete set of assignments ;
; addrRa[21]   ; Incomplete set of assignments ;
; addrRa[22]   ; Incomplete set of assignments ;
; addrRa[23]   ; Incomplete set of assignments ;
; addrRa[24]   ; Incomplete set of assignments ;
; addrRa[25]   ; Incomplete set of assignments ;
; addrRa[26]   ; Incomplete set of assignments ;
; addrRa[27]   ; Incomplete set of assignments ;
; addrRa[28]   ; Incomplete set of assignments ;
; addrRa[29]   ; Incomplete set of assignments ;
; addrRa[30]   ; Incomplete set of assignments ;
; addrRa[31]   ; Incomplete set of assignments ;
; addrRb[1]    ; Incomplete set of assignments ;
; addrRb[2]    ; Incomplete set of assignments ;
; addrRb[3]    ; Incomplete set of assignments ;
; addrRb[4]    ; Incomplete set of assignments ;
; addrRb[5]    ; Incomplete set of assignments ;
; addrRb[6]    ; Incomplete set of assignments ;
; addrRb[7]    ; Incomplete set of assignments ;
; addrRb[8]    ; Incomplete set of assignments ;
; addrRb[9]    ; Incomplete set of assignments ;
; addrRb[10]   ; Incomplete set of assignments ;
; addrRb[11]   ; Incomplete set of assignments ;
; addrRb[12]   ; Incomplete set of assignments ;
; addrRb[13]   ; Incomplete set of assignments ;
; addrRb[14]   ; Incomplete set of assignments ;
; addrRb[15]   ; Incomplete set of assignments ;
; addrRb[16]   ; Incomplete set of assignments ;
; addrRb[17]   ; Incomplete set of assignments ;
; addrRb[18]   ; Incomplete set of assignments ;
; addrRb[19]   ; Incomplete set of assignments ;
; addrRb[20]   ; Incomplete set of assignments ;
; addrRb[21]   ; Incomplete set of assignments ;
; addrRb[22]   ; Incomplete set of assignments ;
; addrRb[23]   ; Incomplete set of assignments ;
; addrRb[24]   ; Incomplete set of assignments ;
; addrRb[25]   ; Incomplete set of assignments ;
; addrRb[26]   ; Incomplete set of assignments ;
; addrRb[27]   ; Incomplete set of assignments ;
; addrRb[28]   ; Incomplete set of assignments ;
; addrRb[29]   ; Incomplete set of assignments ;
; addrRb[30]   ; Incomplete set of assignments ;
; addrRb[31]   ; Incomplete set of assignments ;
; datOutRa[0]  ; Incomplete set of assignments ;
; datOutRa[1]  ; Incomplete set of assignments ;
; datOutRa[2]  ; Incomplete set of assignments ;
; datOutRa[3]  ; Incomplete set of assignments ;
; datOutRa[4]  ; Incomplete set of assignments ;
; datOutRa[5]  ; Incomplete set of assignments ;
; datOutRa[6]  ; Incomplete set of assignments ;
; datOutRa[7]  ; Incomplete set of assignments ;
; datOutRa[8]  ; Incomplete set of assignments ;
; datOutRa[9]  ; Incomplete set of assignments ;
; datOutRa[10] ; Incomplete set of assignments ;
; datOutRa[11] ; Incomplete set of assignments ;
; datOutRa[12] ; Incomplete set of assignments ;
; datOutRa[13] ; Incomplete set of assignments ;
; datOutRa[14] ; Incomplete set of assignments ;
; datOutRa[15] ; Incomplete set of assignments ;
; datOutRa[16] ; Incomplete set of assignments ;
; datOutRa[17] ; Incomplete set of assignments ;
; datOutRa[18] ; Incomplete set of assignments ;
; datOutRa[19] ; Incomplete set of assignments ;
; datOutRa[20] ; Incomplete set of assignments ;
; datOutRa[21] ; Incomplete set of assignments ;
; datOutRa[22] ; Incomplete set of assignments ;
; datOutRa[23] ; Incomplete set of assignments ;
; datOutRa[24] ; Incomplete set of assignments ;
; datOutRa[25] ; Incomplete set of assignments ;
; datOutRa[26] ; Incomplete set of assignments ;
; datOutRa[27] ; Incomplete set of assignments ;
; datOutRa[28] ; Incomplete set of assignments ;
; datOutRa[29] ; Incomplete set of assignments ;
; datOutRa[30] ; Incomplete set of assignments ;
; datOutRa[31] ; Incomplete set of assignments ;
; datOutRb[0]  ; Incomplete set of assignments ;
; datOutRb[1]  ; Incomplete set of assignments ;
; datOutRb[2]  ; Incomplete set of assignments ;
; datOutRb[3]  ; Incomplete set of assignments ;
; datOutRb[4]  ; Incomplete set of assignments ;
; datOutRb[5]  ; Incomplete set of assignments ;
; datOutRb[6]  ; Incomplete set of assignments ;
; datOutRb[7]  ; Incomplete set of assignments ;
; datOutRb[8]  ; Incomplete set of assignments ;
; datOutRb[9]  ; Incomplete set of assignments ;
; datOutRb[10] ; Incomplete set of assignments ;
; datOutRb[11] ; Incomplete set of assignments ;
; datOutRb[12] ; Incomplete set of assignments ;
; datOutRb[13] ; Incomplete set of assignments ;
; datOutRb[14] ; Incomplete set of assignments ;
; datOutRb[15] ; Incomplete set of assignments ;
; datOutRb[16] ; Incomplete set of assignments ;
; datOutRb[17] ; Incomplete set of assignments ;
; datOutRb[18] ; Incomplete set of assignments ;
; datOutRb[19] ; Incomplete set of assignments ;
; datOutRb[20] ; Incomplete set of assignments ;
; datOutRb[21] ; Incomplete set of assignments ;
; datOutRb[22] ; Incomplete set of assignments ;
; datOutRb[23] ; Incomplete set of assignments ;
; datOutRb[24] ; Incomplete set of assignments ;
; datOutRb[25] ; Incomplete set of assignments ;
; datOutRb[26] ; Incomplete set of assignments ;
; datOutRb[27] ; Incomplete set of assignments ;
; datOutRb[28] ; Incomplete set of assignments ;
; datOutRb[29] ; Incomplete set of assignments ;
; datOutRb[30] ; Incomplete set of assignments ;
; datOutRb[31] ; Incomplete set of assignments ;
; rst          ; Incomplete set of assignments ;
; addrRa[0]    ; Incomplete set of assignments ;
; addrRb[0]    ; Incomplete set of assignments ;
; datW[0]      ; Incomplete set of assignments ;
; clk          ; Incomplete set of assignments ;
; addrW[0]     ; Incomplete set of assignments ;
; addrW[1]     ; Incomplete set of assignments ;
; addrW[2]     ; Incomplete set of assignments ;
; addrW[3]     ; Incomplete set of assignments ;
; addrW[4]     ; Incomplete set of assignments ;
; addrW[5]     ; Incomplete set of assignments ;
; addrW[6]     ; Incomplete set of assignments ;
; addrW[7]     ; Incomplete set of assignments ;
; addrW[8]     ; Incomplete set of assignments ;
; addrW[9]     ; Incomplete set of assignments ;
; addrW[10]    ; Incomplete set of assignments ;
; addrW[11]    ; Incomplete set of assignments ;
; addrW[12]    ; Incomplete set of assignments ;
; addrW[13]    ; Incomplete set of assignments ;
; addrW[14]    ; Incomplete set of assignments ;
; addrW[15]    ; Incomplete set of assignments ;
; RegWrite     ; Incomplete set of assignments ;
; addrW[16]    ; Incomplete set of assignments ;
; addrW[17]    ; Incomplete set of assignments ;
; addrW[18]    ; Incomplete set of assignments ;
; addrW[19]    ; Incomplete set of assignments ;
; addrW[20]    ; Incomplete set of assignments ;
; addrW[21]    ; Incomplete set of assignments ;
; addrW[22]    ; Incomplete set of assignments ;
; addrW[23]    ; Incomplete set of assignments ;
; addrW[24]    ; Incomplete set of assignments ;
; addrW[25]    ; Incomplete set of assignments ;
; addrW[26]    ; Incomplete set of assignments ;
; addrW[27]    ; Incomplete set of assignments ;
; addrW[28]    ; Incomplete set of assignments ;
; addrW[29]    ; Incomplete set of assignments ;
; addrW[30]    ; Incomplete set of assignments ;
; addrW[31]    ; Incomplete set of assignments ;
; datW[1]      ; Incomplete set of assignments ;
; datW[2]      ; Incomplete set of assignments ;
; datW[3]      ; Incomplete set of assignments ;
; datW[4]      ; Incomplete set of assignments ;
; datW[5]      ; Incomplete set of assignments ;
; datW[6]      ; Incomplete set of assignments ;
; datW[7]      ; Incomplete set of assignments ;
; datW[8]      ; Incomplete set of assignments ;
; datW[9]      ; Incomplete set of assignments ;
; datW[10]     ; Incomplete set of assignments ;
; datW[11]     ; Incomplete set of assignments ;
; datW[12]     ; Incomplete set of assignments ;
; datW[13]     ; Incomplete set of assignments ;
; datW[14]     ; Incomplete set of assignments ;
; datW[15]     ; Incomplete set of assignments ;
; datW[16]     ; Incomplete set of assignments ;
; datW[17]     ; Incomplete set of assignments ;
; datW[18]     ; Incomplete set of assignments ;
; datW[19]     ; Incomplete set of assignments ;
; datW[20]     ; Incomplete set of assignments ;
; datW[21]     ; Incomplete set of assignments ;
; datW[22]     ; Incomplete set of assignments ;
; datW[23]     ; Incomplete set of assignments ;
; datW[24]     ; Incomplete set of assignments ;
; datW[25]     ; Incomplete set of assignments ;
; datW[26]     ; Incomplete set of assignments ;
; datW[27]     ; Incomplete set of assignments ;
; datW[28]     ; Incomplete set of assignments ;
; datW[29]     ; Incomplete set of assignments ;
; datW[30]     ; Incomplete set of assignments ;
; datW[31]     ; Incomplete set of assignments ;
; addrRa[3]    ; Missing location assignment   ;
; addrRa[4]    ; Missing location assignment   ;
; addrRa[5]    ; Missing location assignment   ;
; addrRa[6]    ; Missing location assignment   ;
; addrRa[7]    ; Missing location assignment   ;
; addrRa[8]    ; Missing location assignment   ;
; addrRa[9]    ; Missing location assignment   ;
; addrRa[10]   ; Missing location assignment   ;
; addrRa[11]   ; Missing location assignment   ;
; addrRa[12]   ; Missing location assignment   ;
; addrRa[13]   ; Missing location assignment   ;
; addrRa[14]   ; Missing location assignment   ;
; addrRa[15]   ; Missing location assignment   ;
; addrRa[16]   ; Missing location assignment   ;
; addrRa[17]   ; Missing location assignment   ;
; addrRa[18]   ; Missing location assignment   ;
; addrRa[19]   ; Missing location assignment   ;
; addrRa[20]   ; Missing location assignment   ;
; addrRa[21]   ; Missing location assignment   ;
; addrRa[22]   ; Missing location assignment   ;
; addrRa[23]   ; Missing location assignment   ;
; addrRa[24]   ; Missing location assignment   ;
; addrRa[25]   ; Missing location assignment   ;
; addrRa[26]   ; Missing location assignment   ;
; addrRa[27]   ; Missing location assignment   ;
; addrRa[28]   ; Missing location assignment   ;
; addrRa[29]   ; Missing location assignment   ;
; addrRa[30]   ; Missing location assignment   ;
; addrRa[31]   ; Missing location assignment   ;
; addrRb[3]    ; Missing location assignment   ;
; addrRb[4]    ; Missing location assignment   ;
; addrRb[5]    ; Missing location assignment   ;
; addrRb[6]    ; Missing location assignment   ;
; addrRb[7]    ; Missing location assignment   ;
; addrRb[8]    ; Missing location assignment   ;
; addrRb[9]    ; Missing location assignment   ;
; addrRb[10]   ; Missing location assignment   ;
; addrRb[11]   ; Missing location assignment   ;
; addrRb[12]   ; Missing location assignment   ;
; addrRb[13]   ; Missing location assignment   ;
; addrRb[14]   ; Missing location assignment   ;
; addrRb[15]   ; Missing location assignment   ;
; addrRb[16]   ; Missing location assignment   ;
; addrRb[17]   ; Missing location assignment   ;
; addrRb[18]   ; Missing location assignment   ;
; addrRb[19]   ; Missing location assignment   ;
; addrRb[20]   ; Missing location assignment   ;
; addrRb[21]   ; Missing location assignment   ;
; addrRb[22]   ; Missing location assignment   ;
; addrRb[23]   ; Missing location assignment   ;
; addrRb[24]   ; Missing location assignment   ;
; addrRb[25]   ; Missing location assignment   ;
; addrRb[26]   ; Missing location assignment   ;
; addrRb[27]   ; Missing location assignment   ;
; addrRb[28]   ; Missing location assignment   ;
; addrRb[29]   ; Missing location assignment   ;
; addrRb[30]   ; Missing location assignment   ;
; addrRb[31]   ; Missing location assignment   ;
; datOutRa[3]  ; Missing location assignment   ;
; datOutRa[4]  ; Missing location assignment   ;
; datOutRa[5]  ; Missing location assignment   ;
; datOutRa[6]  ; Missing location assignment   ;
; datOutRa[7]  ; Missing location assignment   ;
; datOutRa[8]  ; Missing location assignment   ;
; datOutRa[9]  ; Missing location assignment   ;
; datOutRa[10] ; Missing location assignment   ;
; datOutRa[11] ; Missing location assignment   ;
; datOutRa[12] ; Missing location assignment   ;
; datOutRa[13] ; Missing location assignment   ;
; datOutRa[14] ; Missing location assignment   ;
; datOutRa[15] ; Missing location assignment   ;
; datOutRa[16] ; Missing location assignment   ;
; datOutRa[17] ; Missing location assignment   ;
; datOutRa[18] ; Missing location assignment   ;
; datOutRa[19] ; Missing location assignment   ;
; datOutRa[20] ; Missing location assignment   ;
; datOutRa[21] ; Missing location assignment   ;
; datOutRa[22] ; Missing location assignment   ;
; datOutRa[23] ; Missing location assignment   ;
; datOutRa[24] ; Missing location assignment   ;
; datOutRa[25] ; Missing location assignment   ;
; datOutRa[26] ; Missing location assignment   ;
; datOutRa[27] ; Missing location assignment   ;
; datOutRa[28] ; Missing location assignment   ;
; datOutRa[29] ; Missing location assignment   ;
; datOutRa[30] ; Missing location assignment   ;
; datOutRa[31] ; Missing location assignment   ;
; datOutRb[3]  ; Missing location assignment   ;
; datOutRb[4]  ; Missing location assignment   ;
; datOutRb[5]  ; Missing location assignment   ;
; datOutRb[6]  ; Missing location assignment   ;
; datOutRb[7]  ; Missing location assignment   ;
; datOutRb[8]  ; Missing location assignment   ;
; datOutRb[9]  ; Missing location assignment   ;
; datOutRb[10] ; Missing location assignment   ;
; datOutRb[11] ; Missing location assignment   ;
; datOutRb[12] ; Missing location assignment   ;
; datOutRb[13] ; Missing location assignment   ;
; datOutRb[14] ; Missing location assignment   ;
; datOutRb[15] ; Missing location assignment   ;
; datOutRb[16] ; Missing location assignment   ;
; datOutRb[17] ; Missing location assignment   ;
; datOutRb[18] ; Missing location assignment   ;
; datOutRb[19] ; Missing location assignment   ;
; datOutRb[20] ; Missing location assignment   ;
; datOutRb[21] ; Missing location assignment   ;
; datOutRb[22] ; Missing location assignment   ;
; datOutRb[23] ; Missing location assignment   ;
; datOutRb[24] ; Missing location assignment   ;
; datOutRb[25] ; Missing location assignment   ;
; datOutRb[26] ; Missing location assignment   ;
; datOutRb[27] ; Missing location assignment   ;
; datOutRb[28] ; Missing location assignment   ;
; datOutRb[29] ; Missing location assignment   ;
; datOutRb[30] ; Missing location assignment   ;
; datOutRb[31] ; Missing location assignment   ;
; datW[0]      ; Missing location assignment   ;
; addrW[3]     ; Missing location assignment   ;
; addrW[4]     ; Missing location assignment   ;
; addrW[5]     ; Missing location assignment   ;
; addrW[6]     ; Missing location assignment   ;
; addrW[7]     ; Missing location assignment   ;
; addrW[8]     ; Missing location assignment   ;
; addrW[9]     ; Missing location assignment   ;
; addrW[10]    ; Missing location assignment   ;
; addrW[11]    ; Missing location assignment   ;
; addrW[12]    ; Missing location assignment   ;
; addrW[13]    ; Missing location assignment   ;
; addrW[14]    ; Missing location assignment   ;
; addrW[15]    ; Missing location assignment   ;
; addrW[16]    ; Missing location assignment   ;
; addrW[17]    ; Missing location assignment   ;
; addrW[18]    ; Missing location assignment   ;
; addrW[19]    ; Missing location assignment   ;
; addrW[20]    ; Missing location assignment   ;
; addrW[21]    ; Missing location assignment   ;
; addrW[22]    ; Missing location assignment   ;
; addrW[23]    ; Missing location assignment   ;
; addrW[24]    ; Missing location assignment   ;
; addrW[25]    ; Missing location assignment   ;
; addrW[26]    ; Missing location assignment   ;
; addrW[27]    ; Missing location assignment   ;
; addrW[28]    ; Missing location assignment   ;
; addrW[29]    ; Missing location assignment   ;
; addrW[30]    ; Missing location assignment   ;
; addrW[31]    ; Missing location assignment   ;
; datW[1]      ; Missing location assignment   ;
; datW[2]      ; Missing location assignment   ;
; datW[3]      ; Missing location assignment   ;
; datW[4]      ; Missing location assignment   ;
; datW[5]      ; Missing location assignment   ;
; datW[6]      ; Missing location assignment   ;
; datW[7]      ; Missing location assignment   ;
; datW[8]      ; Missing location assignment   ;
; datW[9]      ; Missing location assignment   ;
; datW[10]     ; Missing location assignment   ;
; datW[11]     ; Missing location assignment   ;
; datW[12]     ; Missing location assignment   ;
; datW[13]     ; Missing location assignment   ;
; datW[14]     ; Missing location assignment   ;
; datW[15]     ; Missing location assignment   ;
; datW[16]     ; Missing location assignment   ;
; datW[17]     ; Missing location assignment   ;
; datW[18]     ; Missing location assignment   ;
; datW[19]     ; Missing location assignment   ;
; datW[20]     ; Missing location assignment   ;
; datW[21]     ; Missing location assignment   ;
; datW[22]     ; Missing location assignment   ;
; datW[23]     ; Missing location assignment   ;
; datW[24]     ; Missing location assignment   ;
; datW[25]     ; Missing location assignment   ;
; datW[26]     ; Missing location assignment   ;
; datW[27]     ; Missing location assignment   ;
; datW[28]     ; Missing location assignment   ;
; datW[29]     ; Missing location assignment   ;
; datW[30]     ; Missing location assignment   ;
; datW[31]     ; Missing location assignment   ;
+--------------+-------------------------------+


+-------------------------------------------------------------------------------------------------------------------------------------------------------------------------------------------------------------------------------------------------------------------------------------------------------------+
; Fitter Resource Utilization by Entity                                                                                                                                                                                                                                                                       ;
+----------------------------+-------------+---------------------------+---------------+-------------+------+------------+--------------+---------+-----------+------+--------------+--------------+-------------------+------------------+------------+---------------------+-----------------+--------------+
; Compilation Hierarchy Node ; Logic Cells ; Dedicated Logic Registers ; I/O Registers ; Memory Bits ; M9Ks ; UFM Blocks ; DSP Elements ; DSP 9x9 ; DSP 18x18 ; Pins ; Virtual Pins ; LUT-Only LCs ; Register-Only LCs ; LUT/Register LCs ; ADC blocks ; Full Hierarchy Name ; Entity Name     ; Library Name ;
+----------------------------+-------------+---------------------------+---------------+-------------+------+------------+--------------+---------+-----------+------+--------------+--------------+-------------------+------------------+------------+---------------------+-----------------+--------------+
; |banco_registros           ; 77 (77)     ; 32 (32)                   ; 0 (0)         ; 0           ; 0    ; 1          ; 0            ; 0       ; 0         ; 195  ; 0            ; 45 (45)      ; 0 (0)             ; 32 (32)          ; 0          ; |banco_registros    ; banco_registros ; work         ;
+----------------------------+-------------+---------------------------+---------------+-------------+------+------------+--------------+---------+-----------+------+--------------+--------------+-------------------+------------------+------------+---------------------+-----------------+--------------+
Note: For table entries with two numbers listed, the numbers in parentheses indicate the number of resources of the given type used by the specific entity alone. The numbers listed outside of parentheses indicate the total resources of the given type used by the specific entity and all of its sub-entities in the hierarchy.


+----------------------------------------------------------------------------------------------+
; Delay Chain Summary                                                                          ;
+--------------+----------+---------------+---------------+-----------------------+-----+------+
; Name         ; Pin Type ; Pad to Core 0 ; Pad to Core 1 ; Pad to Input Register ; TCO ; TCOE ;
+--------------+----------+---------------+---------------+-----------------------+-----+------+
; addrRa[1]    ; Input    ; --            ; --            ; --                    ; --  ; --   ;
; addrRa[2]    ; Input    ; --            ; --            ; --                    ; --  ; --   ;
; addrRa[3]    ; Input    ; --            ; --            ; --                    ; --  ; --   ;
; addrRa[4]    ; Input    ; --            ; --            ; --                    ; --  ; --   ;
; addrRa[5]    ; Input    ; --            ; --            ; --                    ; --  ; --   ;
; addrRa[6]    ; Input    ; --            ; --            ; --                    ; --  ; --   ;
; addrRa[7]    ; Input    ; --            ; --            ; --                    ; --  ; --   ;
; addrRa[8]    ; Input    ; --            ; --            ; --                    ; --  ; --   ;
; addrRa[9]    ; Input    ; --            ; --            ; --                    ; --  ; --   ;
; addrRa[10]   ; Input    ; --            ; --            ; --                    ; --  ; --   ;
; addrRa[11]   ; Input    ; --            ; --            ; --                    ; --  ; --   ;
; addrRa[12]   ; Input    ; --            ; --            ; --                    ; --  ; --   ;
; addrRa[13]   ; Input    ; --            ; --            ; --                    ; --  ; --   ;
; addrRa[14]   ; Input    ; --            ; --            ; --                    ; --  ; --   ;
; addrRa[15]   ; Input    ; --            ; --            ; --                    ; --  ; --   ;
; addrRa[16]   ; Input    ; --            ; --            ; --                    ; --  ; --   ;
; addrRa[17]   ; Input    ; --            ; --            ; --                    ; --  ; --   ;
; addrRa[18]   ; Input    ; --            ; --            ; --                    ; --  ; --   ;
; addrRa[19]   ; Input    ; --            ; --            ; --                    ; --  ; --   ;
; addrRa[20]   ; Input    ; --            ; --            ; --                    ; --  ; --   ;
; addrRa[21]   ; Input    ; --            ; --            ; --                    ; --  ; --   ;
; addrRa[22]   ; Input    ; --            ; --            ; --                    ; --  ; --   ;
; addrRa[23]   ; Input    ; --            ; --            ; --                    ; --  ; --   ;
; addrRa[24]   ; Input    ; --            ; --            ; --                    ; --  ; --   ;
; addrRa[25]   ; Input    ; --            ; --            ; --                    ; --  ; --   ;
; addrRa[26]   ; Input    ; --            ; --            ; --                    ; --  ; --   ;
; addrRa[27]   ; Input    ; --            ; --            ; --                    ; --  ; --   ;
; addrRa[28]   ; Input    ; --            ; --            ; --                    ; --  ; --   ;
; addrRa[29]   ; Input    ; --            ; --            ; --                    ; --  ; --   ;
; addrRa[30]   ; Input    ; --            ; --            ; --                    ; --  ; --   ;
; addrRa[31]   ; Input    ; --            ; --            ; --                    ; --  ; --   ;
; addrRb[1]    ; Input    ; --            ; --            ; --                    ; --  ; --   ;
; addrRb[2]    ; Input    ; --            ; --            ; --                    ; --  ; --   ;
; addrRb[3]    ; Input    ; --            ; --            ; --                    ; --  ; --   ;
; addrRb[4]    ; Input    ; --            ; --            ; --                    ; --  ; --   ;
; addrRb[5]    ; Input    ; --            ; --            ; --                    ; --  ; --   ;
; addrRb[6]    ; Input    ; --            ; --            ; --                    ; --  ; --   ;
; addrRb[7]    ; Input    ; --            ; --            ; --                    ; --  ; --   ;
; addrRb[8]    ; Input    ; --            ; --            ; --                    ; --  ; --   ;
; addrRb[9]    ; Input    ; --            ; --            ; --                    ; --  ; --   ;
; addrRb[10]   ; Input    ; --            ; --            ; --                    ; --  ; --   ;
; addrRb[11]   ; Input    ; --            ; --            ; --                    ; --  ; --   ;
; addrRb[12]   ; Input    ; --            ; --            ; --                    ; --  ; --   ;
; addrRb[13]   ; Input    ; --            ; --            ; --                    ; --  ; --   ;
; addrRb[14]   ; Input    ; --            ; --            ; --                    ; --  ; --   ;
; addrRb[15]   ; Input    ; --            ; --            ; --                    ; --  ; --   ;
; addrRb[16]   ; Input    ; --            ; --            ; --                    ; --  ; --   ;
; addrRb[17]   ; Input    ; --            ; --            ; --                    ; --  ; --   ;
; addrRb[18]   ; Input    ; --            ; --            ; --                    ; --  ; --   ;
; addrRb[19]   ; Input    ; --            ; --            ; --                    ; --  ; --   ;
; addrRb[20]   ; Input    ; --            ; --            ; --                    ; --  ; --   ;
; addrRb[21]   ; Input    ; --            ; --            ; --                    ; --  ; --   ;
; addrRb[22]   ; Input    ; --            ; --            ; --                    ; --  ; --   ;
; addrRb[23]   ; Input    ; --            ; --            ; --                    ; --  ; --   ;
; addrRb[24]   ; Input    ; --            ; --            ; --                    ; --  ; --   ;
; addrRb[25]   ; Input    ; --            ; --            ; --                    ; --  ; --   ;
; addrRb[26]   ; Input    ; --            ; --            ; --                    ; --  ; --   ;
; addrRb[27]   ; Input    ; --            ; --            ; --                    ; --  ; --   ;
; addrRb[28]   ; Input    ; --            ; --            ; --                    ; --  ; --   ;
; addrRb[29]   ; Input    ; --            ; --            ; --                    ; --  ; --   ;
; addrRb[30]   ; Input    ; --            ; --            ; --                    ; --  ; --   ;
; addrRb[31]   ; Input    ; --            ; --            ; --                    ; --  ; --   ;
; datOutRa[0]  ; Output   ; --            ; --            ; --                    ; --  ; --   ;
; datOutRa[1]  ; Output   ; --            ; --            ; --                    ; --  ; --   ;
; datOutRa[2]  ; Output   ; --            ; --            ; --                    ; --  ; --   ;
; datOutRa[3]  ; Output   ; --            ; --            ; --                    ; --  ; --   ;
; datOutRa[4]  ; Output   ; --            ; --            ; --                    ; --  ; --   ;
; datOutRa[5]  ; Output   ; --            ; --            ; --                    ; --  ; --   ;
; datOutRa[6]  ; Output   ; --            ; --            ; --                    ; --  ; --   ;
; datOutRa[7]  ; Output   ; --            ; --            ; --                    ; --  ; --   ;
; datOutRa[8]  ; Output   ; --            ; --            ; --                    ; --  ; --   ;
; datOutRa[9]  ; Output   ; --            ; --            ; --                    ; --  ; --   ;
; datOutRa[10] ; Output   ; --            ; --            ; --                    ; --  ; --   ;
; datOutRa[11] ; Output   ; --            ; --            ; --                    ; --  ; --   ;
; datOutRa[12] ; Output   ; --            ; --            ; --                    ; --  ; --   ;
; datOutRa[13] ; Output   ; --            ; --            ; --                    ; --  ; --   ;
; datOutRa[14] ; Output   ; --            ; --            ; --                    ; --  ; --   ;
; datOutRa[15] ; Output   ; --            ; --            ; --                    ; --  ; --   ;
; datOutRa[16] ; Output   ; --            ; --            ; --                    ; --  ; --   ;
; datOutRa[17] ; Output   ; --            ; --            ; --                    ; --  ; --   ;
; datOutRa[18] ; Output   ; --            ; --            ; --                    ; --  ; --   ;
; datOutRa[19] ; Output   ; --            ; --            ; --                    ; --  ; --   ;
; datOutRa[20] ; Output   ; --            ; --            ; --                    ; --  ; --   ;
; datOutRa[21] ; Output   ; --            ; --            ; --                    ; --  ; --   ;
; datOutRa[22] ; Output   ; --            ; --            ; --                    ; --  ; --   ;
; datOutRa[23] ; Output   ; --            ; --            ; --                    ; --  ; --   ;
; datOutRa[24] ; Output   ; --            ; --            ; --                    ; --  ; --   ;
; datOutRa[25] ; Output   ; --            ; --            ; --                    ; --  ; --   ;
; datOutRa[26] ; Output   ; --            ; --            ; --                    ; --  ; --   ;
; datOutRa[27] ; Output   ; --            ; --            ; --                    ; --  ; --   ;
; datOutRa[28] ; Output   ; --            ; --            ; --                    ; --  ; --   ;
; datOutRa[29] ; Output   ; --            ; --            ; --                    ; --  ; --   ;
; datOutRa[30] ; Output   ; --            ; --            ; --                    ; --  ; --   ;
; datOutRa[31] ; Output   ; --            ; --            ; --                    ; --  ; --   ;
; datOutRb[0]  ; Output   ; --            ; --            ; --                    ; --  ; --   ;
; datOutRb[1]  ; Output   ; --            ; --            ; --                    ; --  ; --   ;
; datOutRb[2]  ; Output   ; --            ; --            ; --                    ; --  ; --   ;
; datOutRb[3]  ; Output   ; --            ; --            ; --                    ; --  ; --   ;
; datOutRb[4]  ; Output   ; --            ; --            ; --                    ; --  ; --   ;
; datOutRb[5]  ; Output   ; --            ; --            ; --                    ; --  ; --   ;
; datOutRb[6]  ; Output   ; --            ; --            ; --                    ; --  ; --   ;
; datOutRb[7]  ; Output   ; --            ; --            ; --                    ; --  ; --   ;
; datOutRb[8]  ; Output   ; --            ; --            ; --                    ; --  ; --   ;
; datOutRb[9]  ; Output   ; --            ; --            ; --                    ; --  ; --   ;
; datOutRb[10] ; Output   ; --            ; --            ; --                    ; --  ; --   ;
; datOutRb[11] ; Output   ; --            ; --            ; --                    ; --  ; --   ;
; datOutRb[12] ; Output   ; --            ; --            ; --                    ; --  ; --   ;
; datOutRb[13] ; Output   ; --            ; --            ; --                    ; --  ; --   ;
; datOutRb[14] ; Output   ; --            ; --            ; --                    ; --  ; --   ;
; datOutRb[15] ; Output   ; --            ; --            ; --                    ; --  ; --   ;
; datOutRb[16] ; Output   ; --            ; --            ; --                    ; --  ; --   ;
; datOutRb[17] ; Output   ; --            ; --            ; --                    ; --  ; --   ;
; datOutRb[18] ; Output   ; --            ; --            ; --                    ; --  ; --   ;
; datOutRb[19] ; Output   ; --            ; --            ; --                    ; --  ; --   ;
; datOutRb[20] ; Output   ; --            ; --            ; --                    ; --  ; --   ;
; datOutRb[21] ; Output   ; --            ; --            ; --                    ; --  ; --   ;
; datOutRb[22] ; Output   ; --            ; --            ; --                    ; --  ; --   ;
; datOutRb[23] ; Output   ; --            ; --            ; --                    ; --  ; --   ;
; datOutRb[24] ; Output   ; --            ; --            ; --                    ; --  ; --   ;
; datOutRb[25] ; Output   ; --            ; --            ; --                    ; --  ; --   ;
; datOutRb[26] ; Output   ; --            ; --            ; --                    ; --  ; --   ;
; datOutRb[27] ; Output   ; --            ; --            ; --                    ; --  ; --   ;
; datOutRb[28] ; Output   ; --            ; --            ; --                    ; --  ; --   ;
; datOutRb[29] ; Output   ; --            ; --            ; --                    ; --  ; --   ;
; datOutRb[30] ; Output   ; --            ; --            ; --                    ; --  ; --   ;
; datOutRb[31] ; Output   ; --            ; --            ; --                    ; --  ; --   ;
; rst          ; Input    ; --            ; --            ; --                    ; --  ; --   ;
; addrRa[0]    ; Input    ; (6) 868 ps    ; (6) 868 ps    ; --                    ; --  ; --   ;
; addrRb[0]    ; Input    ; --            ; (6) 868 ps    ; --                    ; --  ; --   ;
; datW[0]      ; Input    ; (6) 868 ps    ; --            ; --                    ; --  ; --   ;
; clk          ; Input    ; (0) 0 ps      ; --            ; --                    ; --  ; --   ;
; addrW[0]     ; Input    ; (6) 868 ps    ; --            ; --                    ; --  ; --   ;
; addrW[1]     ; Input    ; --            ; (6) 868 ps    ; --                    ; --  ; --   ;
; addrW[2]     ; Input    ; (6) 868 ps    ; --            ; --                    ; --  ; --   ;
; addrW[3]     ; Input    ; (6) 873 ps    ; --            ; --                    ; --  ; --   ;
; addrW[4]     ; Input    ; (6) 873 ps    ; --            ; --                    ; --  ; --   ;
; addrW[5]     ; Input    ; (6) 873 ps    ; --            ; --                    ; --  ; --   ;
; addrW[6]     ; Input    ; --            ; (6) 873 ps    ; --                    ; --  ; --   ;
; addrW[7]     ; Input    ; --            ; (6) 873 ps    ; --                    ; --  ; --   ;
; addrW[8]     ; Input    ; --            ; (6) 873 ps    ; --                    ; --  ; --   ;
; addrW[9]     ; Input    ; (6) 873 ps    ; --            ; --                    ; --  ; --   ;
; addrW[10]    ; Input    ; --            ; (6) 873 ps    ; --                    ; --  ; --   ;
; addrW[11]    ; Input    ; (6) 873 ps    ; --            ; --                    ; --  ; --   ;
; addrW[12]    ; Input    ; (6) 873 ps    ; --            ; --                    ; --  ; --   ;
; addrW[13]    ; Input    ; --            ; (6) 873 ps    ; --                    ; --  ; --   ;
; addrW[14]    ; Input    ; (6) 873 ps    ; --            ; --                    ; --  ; --   ;
; addrW[15]    ; Input    ; (6) 873 ps    ; --            ; --                    ; --  ; --   ;
; RegWrite     ; Input    ; (6) 868 ps    ; --            ; --                    ; --  ; --   ;
; addrW[16]    ; Input    ; (6) 873 ps    ; --            ; --                    ; --  ; --   ;
; addrW[17]    ; Input    ; --            ; (6) 873 ps    ; --                    ; --  ; --   ;
; addrW[18]    ; Input    ; --            ; (6) 873 ps    ; --                    ; --  ; --   ;
; addrW[19]    ; Input    ; (6) 873 ps    ; --            ; --                    ; --  ; --   ;
; addrW[20]    ; Input    ; (6) 873 ps    ; --            ; --                    ; --  ; --   ;
; addrW[21]    ; Input    ; (6) 873 ps    ; --            ; --                    ; --  ; --   ;
; addrW[22]    ; Input    ; (6) 873 ps    ; --            ; --                    ; --  ; --   ;
; addrW[23]    ; Input    ; (6) 873 ps    ; --            ; --                    ; --  ; --   ;
; addrW[24]    ; Input    ; (6) 873 ps    ; --            ; --                    ; --  ; --   ;
; addrW[25]    ; Input    ; --            ; (6) 873 ps    ; --                    ; --  ; --   ;
; addrW[26]    ; Input    ; (6) 873 ps    ; --            ; --                    ; --  ; --   ;
; addrW[27]    ; Input    ; (6) 873 ps    ; --            ; --                    ; --  ; --   ;
; addrW[28]    ; Input    ; --            ; (6) 873 ps    ; --                    ; --  ; --   ;
; addrW[29]    ; Input    ; (6) 873 ps    ; --            ; --                    ; --  ; --   ;
; addrW[30]    ; Input    ; --            ; (6) 873 ps    ; --                    ; --  ; --   ;
; addrW[31]    ; Input    ; --            ; (6) 873 ps    ; --                    ; --  ; --   ;
; datW[1]      ; Input    ; --            ; (6) 868 ps    ; --                    ; --  ; --   ;
; datW[2]      ; Input    ; (6) 868 ps    ; --            ; --                    ; --  ; --   ;
; datW[3]      ; Input    ; (6) 868 ps    ; --            ; --                    ; --  ; --   ;
; datW[4]      ; Input    ; (6) 873 ps    ; --            ; --                    ; --  ; --   ;
; datW[5]      ; Input    ; --            ; (6) 868 ps    ; --                    ; --  ; --   ;
; datW[6]      ; Input    ; --            ; (6) 868 ps    ; --                    ; --  ; --   ;
; datW[7]      ; Input    ; (6) 868 ps    ; --            ; --                    ; --  ; --   ;
; datW[8]      ; Input    ; --            ; (6) 868 ps    ; --                    ; --  ; --   ;
; datW[9]      ; Input    ; --            ; (6) 868 ps    ; --                    ; --  ; --   ;
; datW[10]     ; Input    ; (6) 868 ps    ; --            ; --                    ; --  ; --   ;
; datW[11]     ; Input    ; --            ; (6) 868 ps    ; --                    ; --  ; --   ;
; datW[12]     ; Input    ; (6) 868 ps    ; --            ; --                    ; --  ; --   ;
; datW[13]     ; Input    ; (6) 868 ps    ; --            ; --                    ; --  ; --   ;
; datW[14]     ; Input    ; (6) 868 ps    ; --            ; --                    ; --  ; --   ;
; datW[15]     ; Input    ; --            ; (6) 868 ps    ; --                    ; --  ; --   ;
; datW[16]     ; Input    ; (6) 873 ps    ; --            ; --                    ; --  ; --   ;
; datW[17]     ; Input    ; (6) 873 ps    ; --            ; --                    ; --  ; --   ;
; datW[18]     ; Input    ; (6) 873 ps    ; --            ; --                    ; --  ; --   ;
; datW[19]     ; Input    ; --            ; (6) 873 ps    ; --                    ; --  ; --   ;
; datW[20]     ; Input    ; --            ; (6) 873 ps    ; --                    ; --  ; --   ;
; datW[21]     ; Input    ; --            ; (6) 873 ps    ; --                    ; --  ; --   ;
; datW[22]     ; Input    ; (6) 873 ps    ; --            ; --                    ; --  ; --   ;
; datW[23]     ; Input    ; --            ; (6) 868 ps    ; --                    ; --  ; --   ;
; datW[24]     ; Input    ; (6) 868 ps    ; --            ; --                    ; --  ; --   ;
; datW[25]     ; Input    ; (6) 868 ps    ; --            ; --                    ; --  ; --   ;
; datW[26]     ; Input    ; (6) 868 ps    ; --            ; --                    ; --  ; --   ;
; datW[27]     ; Input    ; (6) 868 ps    ; --            ; --                    ; --  ; --   ;
; datW[28]     ; Input    ; (6) 873 ps    ; --            ; --                    ; --  ; --   ;
; datW[29]     ; Input    ; --            ; (6) 868 ps    ; --                    ; --  ; --   ;
; datW[30]     ; Input    ; (6) 868 ps    ; --            ; --                    ; --  ; --   ;
; datW[31]     ; Input    ; --            ; (6) 873 ps    ; --                    ; --  ; --   ;
+--------------+----------+---------------+---------------+-----------------------+-----+------+


+---------------------------------------------------+
; Pad To Core Delay Chain Fanout                    ;
+---------------------+-------------------+---------+
; Source Pin / Fanout ; Pad To Core Index ; Setting ;
+---------------------+-------------------+---------+
; addrRa[1]           ;                   ;         ;
; addrRa[2]           ;                   ;         ;
; addrRa[3]           ;                   ;         ;
; addrRa[4]           ;                   ;         ;
; addrRa[5]           ;                   ;         ;
; addrRa[6]           ;                   ;         ;
; addrRa[7]           ;                   ;         ;
; addrRa[8]           ;                   ;         ;
; addrRa[9]           ;                   ;         ;
; addrRa[10]          ;                   ;         ;
; addrRa[11]          ;                   ;         ;
; addrRa[12]          ;                   ;         ;
; addrRa[13]          ;                   ;         ;
; addrRa[14]          ;                   ;         ;
; addrRa[15]          ;                   ;         ;
; addrRa[16]          ;                   ;         ;
; addrRa[17]          ;                   ;         ;
; addrRa[18]          ;                   ;         ;
; addrRa[19]          ;                   ;         ;
; addrRa[20]          ;                   ;         ;
; addrRa[21]          ;                   ;         ;
; addrRa[22]          ;                   ;         ;
; addrRa[23]          ;                   ;         ;
; addrRa[24]          ;                   ;         ;
; addrRa[25]          ;                   ;         ;
; addrRa[26]          ;                   ;         ;
; addrRa[27]          ;                   ;         ;
; addrRa[28]          ;                   ;         ;
; addrRa[29]          ;                   ;         ;
; addrRa[30]          ;                   ;         ;
; addrRa[31]          ;                   ;         ;
; addrRb[1]           ;                   ;         ;
; addrRb[2]           ;                   ;         ;
; addrRb[3]           ;                   ;         ;
; addrRb[4]           ;                   ;         ;
; addrRb[5]           ;                   ;         ;
; addrRb[6]           ;                   ;         ;
; addrRb[7]           ;                   ;         ;
; addrRb[8]           ;                   ;         ;
; addrRb[9]           ;                   ;         ;
; addrRb[10]          ;                   ;         ;
; addrRb[11]          ;                   ;         ;
; addrRb[12]          ;                   ;         ;
; addrRb[13]          ;                   ;         ;
; addrRb[14]          ;                   ;         ;
; addrRb[15]          ;                   ;         ;
; addrRb[16]          ;                   ;         ;
; addrRb[17]          ;                   ;         ;
; addrRb[18]          ;                   ;         ;
; addrRb[19]          ;                   ;         ;
; addrRb[20]          ;                   ;         ;
; addrRb[21]          ;                   ;         ;
; addrRb[22]          ;                   ;         ;
; addrRb[23]          ;                   ;         ;
; addrRb[24]          ;                   ;         ;
; addrRb[25]          ;                   ;         ;
; addrRb[26]          ;                   ;         ;
; addrRb[27]          ;                   ;         ;
; addrRb[28]          ;                   ;         ;
; addrRb[29]          ;                   ;         ;
; addrRb[30]          ;                   ;         ;
; addrRb[31]          ;                   ;         ;
; rst                 ;                   ;         ;
; addrRa[0]           ;                   ;         ;
;      - breg~64      ; 1                 ; 6       ;
;      - breg~65      ; 1                 ; 6       ;
;      - breg~66      ; 0                 ; 6       ;
;      - breg~67      ; 0                 ; 6       ;
;      - breg~68      ; 0                 ; 6       ;
;      - breg~69      ; 0                 ; 6       ;
;      - breg~70      ; 0                 ; 6       ;
;      - breg~71      ; 0                 ; 6       ;
;      - breg~72      ; 0                 ; 6       ;
;      - breg~73      ; 0                 ; 6       ;
;      - breg~74      ; 1                 ; 6       ;
;      - breg~75      ; 1                 ; 6       ;
;      - breg~76      ; 1                 ; 6       ;
;      - breg~77      ; 1                 ; 6       ;
;      - breg~78      ; 1                 ; 6       ;
;      - breg~79      ; 0                 ; 6       ;
;      - breg~80      ; 0                 ; 6       ;
;      - breg~81      ; 0                 ; 6       ;
;      - breg~82      ; 0                 ; 6       ;
;      - breg~83      ; 0                 ; 6       ;
;      - breg~84      ; 0                 ; 6       ;
;      - breg~85      ; 0                 ; 6       ;
;      - breg~86      ; 0                 ; 6       ;
;      - breg~87      ; 0                 ; 6       ;
;      - breg~88      ; 0                 ; 6       ;
;      - breg~89      ; 0                 ; 6       ;
;      - breg~90      ; 0                 ; 6       ;
;      - breg~91      ; 0                 ; 6       ;
;      - breg~92      ; 0                 ; 6       ;
;      - breg~93      ; 0                 ; 6       ;
;      - breg~94      ; 1                 ; 6       ;
;      - breg~95      ; 0                 ; 6       ;
; addrRb[0]           ;                   ;         ;
;      - breg~96      ; 1                 ; 6       ;
;      - breg~97      ; 1                 ; 6       ;
;      - breg~98      ; 1                 ; 6       ;
;      - breg~99      ; 1                 ; 6       ;
;      - breg~100     ; 1                 ; 6       ;
;      - breg~101     ; 1                 ; 6       ;
;      - breg~102     ; 1                 ; 6       ;
;      - breg~103     ; 1                 ; 6       ;
;      - breg~104     ; 1                 ; 6       ;
;      - breg~105     ; 1                 ; 6       ;
;      - breg~106     ; 1                 ; 6       ;
;      - breg~107     ; 1                 ; 6       ;
;      - breg~108     ; 1                 ; 6       ;
;      - breg~109     ; 1                 ; 6       ;
;      - breg~110     ; 1                 ; 6       ;
;      - breg~111     ; 1                 ; 6       ;
;      - breg~112     ; 1                 ; 6       ;
;      - breg~113     ; 1                 ; 6       ;
;      - breg~114     ; 1                 ; 6       ;
;      - breg~115     ; 1                 ; 6       ;
;      - breg~116     ; 1                 ; 6       ;
;      - breg~117     ; 1                 ; 6       ;
;      - breg~118     ; 1                 ; 6       ;
;      - breg~119     ; 1                 ; 6       ;
;      - breg~120     ; 1                 ; 6       ;
;      - breg~121     ; 1                 ; 6       ;
;      - breg~122     ; 1                 ; 6       ;
;      - breg~123     ; 1                 ; 6       ;
;      - breg~124     ; 1                 ; 6       ;
;      - breg~125     ; 1                 ; 6       ;
;      - breg~126     ; 1                 ; 6       ;
;      - breg~127     ; 1                 ; 6       ;
; datW[0]             ;                   ;         ;
;      - breg~0       ; 0                 ; 6       ;
; clk                 ;                   ;         ;
; addrW[0]            ;                   ;         ;
;      - breg~128     ; 0                 ; 6       ;
; addrW[1]            ;                   ;         ;
;      - breg~128     ; 1                 ; 6       ;
; addrW[2]            ;                   ;         ;
;      - breg~128     ; 0                 ; 6       ;
; addrW[3]            ;                   ;         ;
;      - breg~128     ; 0                 ; 6       ;
; addrW[4]            ;                   ;         ;
;      - breg~129     ; 0                 ; 6       ;
; addrW[5]            ;                   ;         ;
;      - breg~129     ; 0                 ; 6       ;
; addrW[6]            ;                   ;         ;
;      - breg~129     ; 1                 ; 6       ;
; addrW[7]            ;                   ;         ;
;      - breg~129     ; 1                 ; 6       ;
; addrW[8]            ;                   ;         ;
;      - breg~130     ; 1                 ; 6       ;
; addrW[9]            ;                   ;         ;
;      - breg~130     ; 0                 ; 6       ;
; addrW[10]           ;                   ;         ;
;      - breg~130     ; 1                 ; 6       ;
; addrW[11]           ;                   ;         ;
;      - breg~130     ; 0                 ; 6       ;
; addrW[12]           ;                   ;         ;
;      - breg~131     ; 0                 ; 6       ;
; addrW[13]           ;                   ;         ;
;      - breg~131     ; 1                 ; 6       ;
; addrW[14]           ;                   ;         ;
;      - breg~131     ; 0                 ; 6       ;
; addrW[15]           ;                   ;         ;
;      - breg~131     ; 0                 ; 6       ;
; RegWrite            ;                   ;         ;
;      - breg~138     ; 0                 ; 6       ;
; addrW[16]           ;                   ;         ;
;      - breg~133     ; 0                 ; 6       ;
; addrW[17]           ;                   ;         ;
;      - breg~133     ; 1                 ; 6       ;
; addrW[18]           ;                   ;         ;
;      - breg~133     ; 1                 ; 6       ;
; addrW[19]           ;                   ;         ;
;      - breg~133     ; 0                 ; 6       ;
; addrW[20]           ;                   ;         ;
;      - breg~134     ; 0                 ; 6       ;
; addrW[21]           ;                   ;         ;
;      - breg~134     ; 0                 ; 6       ;
; addrW[22]           ;                   ;         ;
;      - breg~134     ; 0                 ; 6       ;
; addrW[23]           ;                   ;         ;
;      - breg~134     ; 0                 ; 6       ;
; addrW[24]           ;                   ;         ;
;      - breg~135     ; 0                 ; 6       ;
; addrW[25]           ;                   ;         ;
;      - breg~135     ; 1                 ; 6       ;
; addrW[26]           ;                   ;         ;
;      - breg~135     ; 0                 ; 6       ;
; addrW[27]           ;                   ;         ;
;      - breg~135     ; 0                 ; 6       ;
; addrW[28]           ;                   ;         ;
;      - breg~136     ; 1                 ; 6       ;
; addrW[29]           ;                   ;         ;
;      - breg~136     ; 0                 ; 6       ;
; addrW[30]           ;                   ;         ;
;      - breg~136     ; 1                 ; 6       ;
; addrW[31]           ;                   ;         ;
;      - breg~136     ; 1                 ; 6       ;
; datW[1]             ;                   ;         ;
;      - breg~139     ; 1                 ; 6       ;
; datW[2]             ;                   ;         ;
;      - breg~2       ; 0                 ; 6       ;
; datW[3]             ;                   ;         ;
;      - breg~3       ; 0                 ; 6       ;
; datW[4]             ;                   ;         ;
;      - breg~4       ; 0                 ; 6       ;
; datW[5]             ;                   ;         ;
;      - breg~5       ; 1                 ; 6       ;
; datW[6]             ;                   ;         ;
;      - breg~6       ; 1                 ; 6       ;
; datW[7]             ;                   ;         ;
;      - breg~7       ; 0                 ; 6       ;
; datW[8]             ;                   ;         ;
;      - breg~8       ; 1                 ; 6       ;
; datW[9]             ;                   ;         ;
;      - breg~9       ; 1                 ; 6       ;
; datW[10]            ;                   ;         ;
;      - breg~10      ; 0                 ; 6       ;
; datW[11]            ;                   ;         ;
;      - breg~11      ; 1                 ; 6       ;
; datW[12]            ;                   ;         ;
;      - breg~12      ; 0                 ; 6       ;
; datW[13]            ;                   ;         ;
;      - breg~13      ; 0                 ; 6       ;
; datW[14]            ;                   ;         ;
;      - breg~14      ; 0                 ; 6       ;
; datW[15]            ;                   ;         ;
;      - breg~15      ; 1                 ; 6       ;
; datW[16]            ;                   ;         ;
;      - breg~16      ; 0                 ; 6       ;
; datW[17]            ;                   ;         ;
;      - breg~17      ; 0                 ; 6       ;
; datW[18]            ;                   ;         ;
;      - breg~18      ; 0                 ; 6       ;
; datW[19]            ;                   ;         ;
;      - breg~19      ; 1                 ; 6       ;
; datW[20]            ;                   ;         ;
;      - breg~20      ; 1                 ; 6       ;
; datW[21]            ;                   ;         ;
;      - breg~21      ; 1                 ; 6       ;
; datW[22]            ;                   ;         ;
;      - breg~22      ; 0                 ; 6       ;
; datW[23]            ;                   ;         ;
;      - breg~23      ; 1                 ; 6       ;
; datW[24]            ;                   ;         ;
;      - breg~24      ; 0                 ; 6       ;
; datW[25]            ;                   ;         ;
;      - breg~25      ; 0                 ; 6       ;
; datW[26]            ;                   ;         ;
;      - breg~26      ; 0                 ; 6       ;
; datW[27]            ;                   ;         ;
;      - breg~27      ; 0                 ; 6       ;
; datW[28]            ;                   ;         ;
;      - breg~28      ; 0                 ; 6       ;
; datW[29]            ;                   ;         ;
;      - breg~29      ; 1                 ; 6       ;
; datW[30]            ;                   ;         ;
;      - breg~30      ; 0                 ; 6       ;
; datW[31]            ;                   ;         ;
;      - breg~31      ; 1                 ; 6       ;
+---------------------+-------------------+---------+


+--------------------------------------------------------------------------------------------------------------------------------------+
; Control Signals                                                                                                                      ;
+----------+-------------------+---------+--------------+--------+----------------------+------------------+---------------------------+
; Name     ; Location          ; Fan-Out ; Usage        ; Global ; Global Resource Used ; Global Line Name ; Enable Signal Source Name ;
+----------+-------------------+---------+--------------+--------+----------------------+------------------+---------------------------+
; breg~138 ; LCCOMB_X77_Y21_N6 ; 32      ; Clock enable ; no     ; --                   ; --               ; --                        ;
; clk      ; PIN_P11           ; 32      ; Clock        ; yes    ; Global Clock         ; GCLK19           ; --                        ;
+----------+-------------------+---------+--------------+--------+----------------------+------------------+---------------------------+


+----------------------------------------------------------------------------------------------------------------------------------------+
; Global & Other Fast Signals                                                                                                            ;
+------+----------+---------+--------------------------------------+----------------------+------------------+---------------------------+
; Name ; Location ; Fan-Out ; Fan-Out Using Intentional Clock Skew ; Global Resource Used ; Global Line Name ; Enable Signal Source Name ;
+------+----------+---------+--------------------------------------+----------------------+------------------+---------------------------+
; clk  ; PIN_P11  ; 32      ; 0                                    ; Global Clock         ; GCLK19           ; --                        ;
+------+----------+---------+--------------------------------------+----------------------+------------------+---------------------------+


+-------------------------------------------------+
; Routing Usage Summary                           ;
+-----------------------+-------------------------+
; Routing Resource Type ; Usage                   ;
+-----------------------+-------------------------+
; Block interconnects   ; 150 / 148,641 ( < 1 % ) ;
; C16 interconnects     ; 28 / 5,382 ( < 1 % )    ;
; C4 interconnects      ; 151 / 106,704 ( < 1 % ) ;
; Direct links          ; 7 / 148,641 ( < 1 % )   ;
; Global clocks         ; 1 / 20 ( 5 % )          ;
; Local interconnects   ; 38 / 49,760 ( < 1 % )   ;
; NSLEEPs               ; 0 / 500 ( 0 % )         ;
; R24 interconnects     ; 22 / 5,406 ( < 1 % )    ;
; R4 interconnects      ; 109 / 147,764 ( < 1 % ) ;
+-----------------------+-------------------------+


+---------------------------------------------------------------------------+
; LAB Logic Elements                                                        ;
+--------------------------------------------+------------------------------+
; Number of Logic Elements  (Average = 7.70) ; Number of LABs  (Total = 10) ;
+--------------------------------------------+------------------------------+
; 1                                          ; 5                            ;
; 2                                          ; 0                            ;
; 3                                          ; 0                            ;
; 4                                          ; 0                            ;
; 5                                          ; 0                            ;
; 6                                          ; 0                            ;
; 7                                          ; 0                            ;
; 8                                          ; 1                            ;
; 9                                          ; 0                            ;
; 10                                         ; 0                            ;
; 11                                         ; 0                            ;
; 12                                         ; 0                            ;
; 13                                         ; 0                            ;
; 14                                         ; 0                            ;
; 15                                         ; 0                            ;
; 16                                         ; 4                            ;
+--------------------------------------------+------------------------------+


+-------------------------------------------------------------------+
; LAB-wide Signals                                                  ;
+------------------------------------+------------------------------+
; LAB-wide Signals  (Average = 0.80) ; Number of LABs  (Total = 10) ;
+------------------------------------+------------------------------+
; 1 Clock                            ; 4                            ;
; 1 Clock enable                     ; 4                            ;
+------------------------------------+------------------------------+


+-----------------------------------------------------------------------------+
; LAB Signals Sourced                                                         ;
+----------------------------------------------+------------------------------+
; Number of Signals Sourced  (Average = 10.90) ; Number of LABs  (Total = 10) ;
+----------------------------------------------+------------------------------+
; 0                                            ; 0                            ;
; 1                                            ; 5                            ;
; 2                                            ; 0                            ;
; 3                                            ; 0                            ;
; 4                                            ; 0                            ;
; 5                                            ; 0                            ;
; 6                                            ; 0                            ;
; 7                                            ; 0                            ;
; 8                                            ; 1                            ;
; 9                                            ; 0                            ;
; 10                                           ; 0                            ;
; 11                                           ; 0                            ;
; 12                                           ; 0                            ;
; 13                                           ; 0                            ;
; 14                                           ; 0                            ;
; 15                                           ; 0                            ;
; 16                                           ; 0                            ;
; 17                                           ; 0                            ;
; 18                                           ; 0                            ;
; 19                                           ; 0                            ;
; 20                                           ; 0                            ;
; 21                                           ; 0                            ;
; 22                                           ; 0                            ;
; 23                                           ; 0                            ;
; 24                                           ; 4                            ;
+----------------------------------------------+------------------------------+


+--------------------------------------------------------------------------------+
; LAB Signals Sourced Out                                                        ;
+-------------------------------------------------+------------------------------+
; Number of Signals Sourced Out  (Average = 7.00) ; Number of LABs  (Total = 10) ;
+-------------------------------------------------+------------------------------+
; 0                                               ; 0                            ;
; 1                                               ; 6                            ;
; 2                                               ; 0                            ;
; 3                                               ; 0                            ;
; 4                                               ; 0                            ;
; 5                                               ; 0                            ;
; 6                                               ; 0                            ;
; 7                                               ; 0                            ;
; 8                                               ; 0                            ;
; 9                                               ; 0                            ;
; 10                                              ; 0                            ;
; 11                                              ; 0                            ;
; 12                                              ; 0                            ;
; 13                                              ; 0                            ;
; 14                                              ; 0                            ;
; 15                                              ; 0                            ;
; 16                                              ; 4                            ;
+-------------------------------------------------+------------------------------+


+----------------------------------------------------------------------------+
; LAB Distinct Inputs                                                        ;
+---------------------------------------------+------------------------------+
; Number of Distinct Inputs  (Average = 8.60) ; Number of LABs  (Total = 10) ;
+---------------------------------------------+------------------------------+
; 0                                           ; 0                            ;
; 1                                           ; 0                            ;
; 2                                           ; 1                            ;
; 3                                           ; 0                            ;
; 4                                           ; 3                            ;
; 5                                           ; 0                            ;
; 6                                           ; 0                            ;
; 7                                           ; 0                            ;
; 8                                           ; 0                            ;
; 9                                           ; 0                            ;
; 10                                          ; 0                            ;
; 11                                          ; 0                            ;
; 12                                          ; 4                            ;
; 13                                          ; 0                            ;
; 14                                          ; 0                            ;
; 15                                          ; 0                            ;
; 16                                          ; 0                            ;
; 17                                          ; 0                            ;
; 18                                          ; 0                            ;
; 19                                          ; 0                            ;
; 20                                          ; 0                            ;
; 21                                          ; 0                            ;
; 22                                          ; 0                            ;
; 23                                          ; 0                            ;
; 24                                          ; 1                            ;
+---------------------------------------------+------------------------------+


+------------------------------------------+
; I/O Rules Summary                        ;
+----------------------------------+-------+
; I/O Rules Statistic              ; Total ;
+----------------------------------+-------+
; Total I/O Rules                  ; 30    ;
; Number of I/O Rules Passed       ; 12    ;
; Number of I/O Rules Failed       ; 0     ;
; Number of I/O Rules Unchecked    ; 0     ;
; Number of I/O Rules Inapplicable ; 18    ;
+----------------------------------+-------+


+-----------------------------------------------------------------------------------------------------------------------------------------------------------------------------------------------------------------------------------------------------------------------------------------------------+
; I/O Rules Details                                                                                                                                                                                                                                                                                   ;
+--------------+-----------+-----------------------------------+------------------------------------------------------------------------------------------------------+----------+--------------------------------------------------------------------------+---------------------+-------------------+
; Status       ; ID        ; Category                          ; Rule Description                                                                                     ; Severity ; Information                                                              ; Area                ; Extra Information ;
+--------------+-----------+-----------------------------------+------------------------------------------------------------------------------------------------------+----------+--------------------------------------------------------------------------+---------------------+-------------------+
; Pass         ; IO_000001 ; Capacity Checks                   ; Number of pins in an I/O bank should not exceed the number of locations available.                   ; Critical ; 0 such failures found.                                                   ; I/O                 ;                   ;
; Inapplicable ; IO_000002 ; Capacity Checks                   ; Number of clocks in an I/O bank should not exceed the number of clocks available.                    ; Critical ; No Global Signal assignments found.                                      ; I/O                 ;                   ;
; Pass         ; IO_000003 ; Capacity Checks                   ; Number of pins in a Vrefgroup should not exceed the number of locations available.                   ; Critical ; 0 such failures found.                                                   ; I/O                 ;                   ;
; Inapplicable ; IO_000004 ; Voltage Compatibility Checks      ; The I/O bank should support the requested VCCIO.                                                     ; Critical ; No IOBANK_VCCIO assignments found.                                       ; I/O                 ;                   ;
; Inapplicable ; IO_000005 ; Voltage Compatibility Checks      ; The I/O bank should not have competing VREF values.                                                  ; Critical ; No VREF I/O Standard assignments found.                                  ; I/O                 ;                   ;
; Pass         ; IO_000006 ; Voltage Compatibility Checks      ; The I/O bank should not have competing VCCIO values.                                                 ; Critical ; 0 such failures found.                                                   ; I/O                 ;                   ;
; Pass         ; IO_000007 ; Valid Location Checks             ; Checks for unavailable locations.                                                                    ; Critical ; 0 such failures found.                                                   ; I/O                 ;                   ;
; Inapplicable ; IO_000008 ; Valid Location Checks             ; Checks for reserved locations.                                                                       ; Critical ; No reserved LogicLock region found.                                      ; I/O                 ;                   ;
; Pass         ; IO_000009 ; I/O Properties Checks for One I/O ; The location should support the requested I/O standard.                                              ; Critical ; 0 such failures found.                                                   ; I/O                 ;                   ;
; Pass         ; IO_000010 ; I/O Properties Checks for One I/O ; The location should support the requested I/O direction.                                             ; Critical ; 0 such failures found.                                                   ; I/O                 ;                   ;
; Inapplicable ; IO_000011 ; I/O Properties Checks for One I/O ; The location should support the requested Current Strength.                                          ; Critical ; No Current Strength assignments found.                                   ; I/O                 ;                   ;
; Pass         ; IO_000012 ; I/O Properties Checks for One I/O ; The location should support the requested On Chip Termination value.                                 ; Critical ; 0 such failures found.                                                   ; I/O                 ;                   ;
; Inapplicable ; IO_000013 ; I/O Properties Checks for One I/O ; The location should support the requested Bus Hold value.                                            ; Critical ; No Enable Bus-Hold Circuitry assignments found.                          ; I/O                 ;                   ;
; Inapplicable ; IO_000014 ; I/O Properties Checks for One I/O ; The location should support the requested Weak Pull Up value.                                        ; Critical ; No Weak Pull-Up Resistor assignments found.                              ; I/O                 ;                   ;
; Pass         ; IO_000015 ; I/O Properties Checks for One I/O ; The location should support the requested PCI Clamp Diode.                                           ; Critical ; 0 such failures found.                                                   ; I/O                 ;                   ;
; Inapplicable ; IO_000018 ; I/O Properties Checks for One I/O ; The I/O standard should support the requested Current Strength.                                      ; Critical ; No Current Strength assignments found.                                   ; I/O                 ;                   ;
; Pass         ; IO_000019 ; I/O Properties Checks for One I/O ; The I/O standard should support the requested On Chip Termination value.                             ; Critical ; 0 such failures found.                                                   ; I/O                 ;                   ;
; Pass         ; IO_000020 ; I/O Properties Checks for One I/O ; The I/O standard should support the requested PCI Clamp Diode.                                       ; Critical ; 0 such failures found.                                                   ; I/O                 ;                   ;
; Inapplicable ; IO_000021 ; I/O Properties Checks for One I/O ; The I/O standard should support the requested Weak Pull Up value.                                    ; Critical ; No Weak Pull-Up Resistor assignments found.                              ; I/O                 ;                   ;
; Inapplicable ; IO_000022 ; I/O Properties Checks for One I/O ; The I/O standard should support the requested Bus Hold value.                                        ; Critical ; No Enable Bus-Hold Circuitry assignments found.                          ; I/O                 ;                   ;
; Inapplicable ; IO_000023 ; I/O Properties Checks for One I/O ; The I/O standard should support the Open Drain value.                                                ; Critical ; No open drain assignments found.                                         ; I/O                 ;                   ;
; Pass         ; IO_000024 ; I/O Properties Checks for One I/O ; The I/O direction should support the On Chip Termination value.                                      ; Critical ; 0 such failures found.                                                   ; I/O                 ;                   ;
; Inapplicable ; IO_000026 ; I/O Properties Checks for One I/O ; On Chip Termination and Current Strength should not be used at the same time.                        ; Critical ; No Current Strength assignments found.                                   ; I/O                 ;                   ;
; Inapplicable ; IO_000027 ; I/O Properties Checks for One I/O ; Weak Pull Up and Bus Hold should not be used at the same time.                                       ; Critical ; No Enable Bus-Hold Circuitry or Weak Pull-Up Resistor assignments found. ; I/O                 ;                   ;
; Inapplicable ; IO_000045 ; I/O Properties Checks for One I/O ; The I/O standard should support the requested Slew Rate value.                                       ; Critical ; No Slew Rate assignments found.                                          ; I/O                 ;                   ;
; Inapplicable ; IO_000046 ; I/O Properties Checks for One I/O ; The location should support the requested Slew Rate value.                                           ; Critical ; No Slew Rate assignments found.                                          ; I/O                 ;                   ;
; Inapplicable ; IO_000047 ; I/O Properties Checks for One I/O ; On Chip Termination and Slew Rate should not be used at the same time.                               ; Critical ; No Slew Rate assignments found.                                          ; I/O                 ;                   ;
; Pass         ; IO_000033 ; Electromigration Checks           ; Current density for consecutive I/Os should not exceed 160mA for row I/Os and 160mA for column I/Os. ; Critical ; 0 such failures found.                                                   ; I/O                 ;                   ;
; Inapplicable ; IO_000034 ; SI Related Distance Checks        ; Single-ended outputs should be 5 LAB row(s) away from a differential I/O.                            ; High     ; No Differential I/O Standard assignments found.                          ; I/O                 ;                   ;
; Inapplicable ; IO_000042 ; SI Related SSO Limit Checks       ; No more than 20 outputs are allowed in a VREF group when VREF is being read from.                    ; High     ; No VREF I/O Standard assignments found.                                  ; I/O                 ;                   ;
; ----         ; ----      ; Disclaimer                        ; OCT rules are checked but not reported.                                                              ; None     ; ----                                                                     ; On Chip Termination ;                   ;
+--------------+-----------+-----------------------------------+------------------------------------------------------------------------------------------------------+----------+--------------------------------------------------------------------------+---------------------+-------------------+


+--------------------------------------------------------------------------------------------------------------------------------------------------------------------------------------------------------------------------------------------------------------------------------------------------------------------------------------------------------------------------------------------------------------------------------------------------------------------------+
; I/O Rules Matrix                                                                                                                                                                                                                                                                                                                                                                                                                                                         ;
+--------------------+--------------+--------------+--------------+--------------+--------------+-----------+--------------+--------------+-----------+-----------+--------------+--------------+--------------+--------------+--------------+--------------+--------------+--------------+--------------+--------------+--------------+--------------+--------------+--------------+--------------+--------------+--------------+-----------+--------------+--------------+
; Pin/Rules          ; IO_000001    ; IO_000002    ; IO_000003    ; IO_000004    ; IO_000005    ; IO_000006 ; IO_000007    ; IO_000008    ; IO_000009 ; IO_000010 ; IO_000011    ; IO_000012    ; IO_000013    ; IO_000014    ; IO_000015    ; IO_000018    ; IO_000019    ; IO_000020    ; IO_000021    ; IO_000022    ; IO_000023    ; IO_000024    ; IO_000026    ; IO_000027    ; IO_000045    ; IO_000046    ; IO_000047    ; IO_000033 ; IO_000034    ; IO_000042    ;
+--------------------+--------------+--------------+--------------+--------------+--------------+-----------+--------------+--------------+-----------+-----------+--------------+--------------+--------------+--------------+--------------+--------------+--------------+--------------+--------------+--------------+--------------+--------------+--------------+--------------+--------------+--------------+--------------+-----------+--------------+--------------+
; Total Pass         ; 18           ; 0            ; 18           ; 0            ; 0            ; 195       ; 18           ; 0            ; 195       ; 195       ; 0            ; 64           ; 0            ; 0            ; 131          ; 0            ; 64           ; 131          ; 0            ; 0            ; 0            ; 64           ; 0            ; 0            ; 0            ; 0            ; 0            ; 195       ; 0            ; 0            ;
; Total Unchecked    ; 0            ; 0            ; 0            ; 0            ; 0            ; 0         ; 0            ; 0            ; 0         ; 0         ; 0            ; 0            ; 0            ; 0            ; 0            ; 0            ; 0            ; 0            ; 0            ; 0            ; 0            ; 0            ; 0            ; 0            ; 0            ; 0            ; 0            ; 0         ; 0            ; 0            ;
; Total Inapplicable ; 177          ; 195          ; 177          ; 195          ; 195          ; 0         ; 177          ; 195          ; 0         ; 0         ; 195          ; 131          ; 195          ; 195          ; 64           ; 195          ; 131          ; 64           ; 195          ; 195          ; 195          ; 131          ; 195          ; 195          ; 195          ; 195          ; 195          ; 0         ; 195          ; 195          ;
; Total Fail         ; 0            ; 0            ; 0            ; 0            ; 0            ; 0         ; 0            ; 0            ; 0         ; 0         ; 0            ; 0            ; 0            ; 0            ; 0            ; 0            ; 0            ; 0            ; 0            ; 0            ; 0            ; 0            ; 0            ; 0            ; 0            ; 0            ; 0            ; 0         ; 0            ; 0            ;
; addrRa[1]          ; Pass         ; Inapplicable ; Pass         ; Inapplicable ; Inapplicable ; Pass      ; Pass         ; Inapplicable ; Pass      ; Pass      ; Inapplicable ; Inapplicable ; Inapplicable ; Inapplicable ; Pass         ; Inapplicable ; Inapplicable ; Pass         ; Inapplicable ; Inapplicable ; Inapplicable ; Inapplicable ; Inapplicable ; Inapplicable ; Inapplicable ; Inapplicable ; Inapplicable ; Pass      ; Inapplicable ; Inapplicable ;
; addrRa[2]          ; Pass         ; Inapplicable ; Pass         ; Inapplicable ; Inapplicable ; Pass      ; Pass         ; Inapplicable ; Pass      ; Pass      ; Inapplicable ; Inapplicable ; Inapplicable ; Inapplicable ; Pass         ; Inapplicable ; Inapplicable ; Pass         ; Inapplicable ; Inapplicable ; Inapplicable ; Inapplicable ; Inapplicable ; Inapplicable ; Inapplicable ; Inapplicable ; Inapplicable ; Pass      ; Inapplicable ; Inapplicable ;
; addrRa[3]          ; Inapplicable ; Inapplicable ; Inapplicable ; Inapplicable ; Inapplicable ; Pass      ; Inapplicable ; Inapplicable ; Pass      ; Pass      ; Inapplicable ; Inapplicable ; Inapplicable ; Inapplicable ; Pass         ; Inapplicable ; Inapplicable ; Pass         ; Inapplicable ; Inapplicable ; Inapplicable ; Inapplicable ; Inapplicable ; Inapplicable ; Inapplicable ; Inapplicable ; Inapplicable ; Pass      ; Inapplicable ; Inapplicable ;
; addrRa[4]          ; Inapplicable ; Inapplicable ; Inapplicable ; Inapplicable ; Inapplicable ; Pass      ; Inapplicable ; Inapplicable ; Pass      ; Pass      ; Inapplicable ; Inapplicable ; Inapplicable ; Inapplicable ; Pass         ; Inapplicable ; Inapplicable ; Pass         ; Inapplicable ; Inapplicable ; Inapplicable ; Inapplicable ; Inapplicable ; Inapplicable ; Inapplicable ; Inapplicable ; Inapplicable ; Pass      ; Inapplicable ; Inapplicable ;
; addrRa[5]          ; Inapplicable ; Inapplicable ; Inapplicable ; Inapplicable ; Inapplicable ; Pass      ; Inapplicable ; Inapplicable ; Pass      ; Pass      ; Inapplicable ; Inapplicable ; Inapplicable ; Inapplicable ; Pass         ; Inapplicable ; Inapplicable ; Pass         ; Inapplicable ; Inapplicable ; Inapplicable ; Inapplicable ; Inapplicable ; Inapplicable ; Inapplicable ; Inapplicable ; Inapplicable ; Pass      ; Inapplicable ; Inapplicable ;
; addrRa[6]          ; Inapplicable ; Inapplicable ; Inapplicable ; Inapplicable ; Inapplicable ; Pass      ; Inapplicable ; Inapplicable ; Pass      ; Pass      ; Inapplicable ; Inapplicable ; Inapplicable ; Inapplicable ; Pass         ; Inapplicable ; Inapplicable ; Pass         ; Inapplicable ; Inapplicable ; Inapplicable ; Inapplicable ; Inapplicable ; Inapplicable ; Inapplicable ; Inapplicable ; Inapplicable ; Pass      ; Inapplicable ; Inapplicable ;
; addrRa[7]          ; Inapplicable ; Inapplicable ; Inapplicable ; Inapplicable ; Inapplicable ; Pass      ; Inapplicable ; Inapplicable ; Pass      ; Pass      ; Inapplicable ; Inapplicable ; Inapplicable ; Inapplicable ; Pass         ; Inapplicable ; Inapplicable ; Pass         ; Inapplicable ; Inapplicable ; Inapplicable ; Inapplicable ; Inapplicable ; Inapplicable ; Inapplicable ; Inapplicable ; Inapplicable ; Pass      ; Inapplicable ; Inapplicable ;
; addrRa[8]          ; Inapplicable ; Inapplicable ; Inapplicable ; Inapplicable ; Inapplicable ; Pass      ; Inapplicable ; Inapplicable ; Pass      ; Pass      ; Inapplicable ; Inapplicable ; Inapplicable ; Inapplicable ; Pass         ; Inapplicable ; Inapplicable ; Pass         ; Inapplicable ; Inapplicable ; Inapplicable ; Inapplicable ; Inapplicable ; Inapplicable ; Inapplicable ; Inapplicable ; Inapplicable ; Pass      ; Inapplicable ; Inapplicable ;
; addrRa[9]          ; Inapplicable ; Inapplicable ; Inapplicable ; Inapplicable ; Inapplicable ; Pass      ; Inapplicable ; Inapplicable ; Pass      ; Pass      ; Inapplicable ; Inapplicable ; Inapplicable ; Inapplicable ; Pass         ; Inapplicable ; Inapplicable ; Pass         ; Inapplicable ; Inapplicable ; Inapplicable ; Inapplicable ; Inapplicable ; Inapplicable ; Inapplicable ; Inapplicable ; Inapplicable ; Pass      ; Inapplicable ; Inapplicable ;
; addrRa[10]         ; Inapplicable ; Inapplicable ; Inapplicable ; Inapplicable ; Inapplicable ; Pass      ; Inapplicable ; Inapplicable ; Pass      ; Pass      ; Inapplicable ; Inapplicable ; Inapplicable ; Inapplicable ; Pass         ; Inapplicable ; Inapplicable ; Pass         ; Inapplicable ; Inapplicable ; Inapplicable ; Inapplicable ; Inapplicable ; Inapplicable ; Inapplicable ; Inapplicable ; Inapplicable ; Pass      ; Inapplicable ; Inapplicable ;
; addrRa[11]         ; Inapplicable ; Inapplicable ; Inapplicable ; Inapplicable ; Inapplicable ; Pass      ; Inapplicable ; Inapplicable ; Pass      ; Pass      ; Inapplicable ; Inapplicable ; Inapplicable ; Inapplicable ; Pass         ; Inapplicable ; Inapplicable ; Pass         ; Inapplicable ; Inapplicable ; Inapplicable ; Inapplicable ; Inapplicable ; Inapplicable ; Inapplicable ; Inapplicable ; Inapplicable ; Pass      ; Inapplicable ; Inapplicable ;
; addrRa[12]         ; Inapplicable ; Inapplicable ; Inapplicable ; Inapplicable ; Inapplicable ; Pass      ; Inapplicable ; Inapplicable ; Pass      ; Pass      ; Inapplicable ; Inapplicable ; Inapplicable ; Inapplicable ; Pass         ; Inapplicable ; Inapplicable ; Pass         ; Inapplicable ; Inapplicable ; Inapplicable ; Inapplicable ; Inapplicable ; Inapplicable ; Inapplicable ; Inapplicable ; Inapplicable ; Pass      ; Inapplicable ; Inapplicable ;
; addrRa[13]         ; Inapplicable ; Inapplicable ; Inapplicable ; Inapplicable ; Inapplicable ; Pass      ; Inapplicable ; Inapplicable ; Pass      ; Pass      ; Inapplicable ; Inapplicable ; Inapplicable ; Inapplicable ; Pass         ; Inapplicable ; Inapplicable ; Pass         ; Inapplicable ; Inapplicable ; Inapplicable ; Inapplicable ; Inapplicable ; Inapplicable ; Inapplicable ; Inapplicable ; Inapplicable ; Pass      ; Inapplicable ; Inapplicable ;
; addrRa[14]         ; Inapplicable ; Inapplicable ; Inapplicable ; Inapplicable ; Inapplicable ; Pass      ; Inapplicable ; Inapplicable ; Pass      ; Pass      ; Inapplicable ; Inapplicable ; Inapplicable ; Inapplicable ; Pass         ; Inapplicable ; Inapplicable ; Pass         ; Inapplicable ; Inapplicable ; Inapplicable ; Inapplicable ; Inapplicable ; Inapplicable ; Inapplicable ; Inapplicable ; Inapplicable ; Pass      ; Inapplicable ; Inapplicable ;
; addrRa[15]         ; Inapplicable ; Inapplicable ; Inapplicable ; Inapplicable ; Inapplicable ; Pass      ; Inapplicable ; Inapplicable ; Pass      ; Pass      ; Inapplicable ; Inapplicable ; Inapplicable ; Inapplicable ; Pass         ; Inapplicable ; Inapplicable ; Pass         ; Inapplicable ; Inapplicable ; Inapplicable ; Inapplicable ; Inapplicable ; Inapplicable ; Inapplicable ; Inapplicable ; Inapplicable ; Pass      ; Inapplicable ; Inapplicable ;
; addrRa[16]         ; Inapplicable ; Inapplicable ; Inapplicable ; Inapplicable ; Inapplicable ; Pass      ; Inapplicable ; Inapplicable ; Pass      ; Pass      ; Inapplicable ; Inapplicable ; Inapplicable ; Inapplicable ; Pass         ; Inapplicable ; Inapplicable ; Pass         ; Inapplicable ; Inapplicable ; Inapplicable ; Inapplicable ; Inapplicable ; Inapplicable ; Inapplicable ; Inapplicable ; Inapplicable ; Pass      ; Inapplicable ; Inapplicable ;
; addrRa[17]         ; Inapplicable ; Inapplicable ; Inapplicable ; Inapplicable ; Inapplicable ; Pass      ; Inapplicable ; Inapplicable ; Pass      ; Pass      ; Inapplicable ; Inapplicable ; Inapplicable ; Inapplicable ; Pass         ; Inapplicable ; Inapplicable ; Pass         ; Inapplicable ; Inapplicable ; Inapplicable ; Inapplicable ; Inapplicable ; Inapplicable ; Inapplicable ; Inapplicable ; Inapplicable ; Pass      ; Inapplicable ; Inapplicable ;
; addrRa[18]         ; Inapplicable ; Inapplicable ; Inapplicable ; Inapplicable ; Inapplicable ; Pass      ; Inapplicable ; Inapplicable ; Pass      ; Pass      ; Inapplicable ; Inapplicable ; Inapplicable ; Inapplicable ; Pass         ; Inapplicable ; Inapplicable ; Pass         ; Inapplicable ; Inapplicable ; Inapplicable ; Inapplicable ; Inapplicable ; Inapplicable ; Inapplicable ; Inapplicable ; Inapplicable ; Pass      ; Inapplicable ; Inapplicable ;
; addrRa[19]         ; Inapplicable ; Inapplicable ; Inapplicable ; Inapplicable ; Inapplicable ; Pass      ; Inapplicable ; Inapplicable ; Pass      ; Pass      ; Inapplicable ; Inapplicable ; Inapplicable ; Inapplicable ; Pass         ; Inapplicable ; Inapplicable ; Pass         ; Inapplicable ; Inapplicable ; Inapplicable ; Inapplicable ; Inapplicable ; Inapplicable ; Inapplicable ; Inapplicable ; Inapplicable ; Pass      ; Inapplicable ; Inapplicable ;
; addrRa[20]         ; Inapplicable ; Inapplicable ; Inapplicable ; Inapplicable ; Inapplicable ; Pass      ; Inapplicable ; Inapplicable ; Pass      ; Pass      ; Inapplicable ; Inapplicable ; Inapplicable ; Inapplicable ; Pass         ; Inapplicable ; Inapplicable ; Pass         ; Inapplicable ; Inapplicable ; Inapplicable ; Inapplicable ; Inapplicable ; Inapplicable ; Inapplicable ; Inapplicable ; Inapplicable ; Pass      ; Inapplicable ; Inapplicable ;
; addrRa[21]         ; Inapplicable ; Inapplicable ; Inapplicable ; Inapplicable ; Inapplicable ; Pass      ; Inapplicable ; Inapplicable ; Pass      ; Pass      ; Inapplicable ; Inapplicable ; Inapplicable ; Inapplicable ; Pass         ; Inapplicable ; Inapplicable ; Pass         ; Inapplicable ; Inapplicable ; Inapplicable ; Inapplicable ; Inapplicable ; Inapplicable ; Inapplicable ; Inapplicable ; Inapplicable ; Pass      ; Inapplicable ; Inapplicable ;
; addrRa[22]         ; Inapplicable ; Inapplicable ; Inapplicable ; Inapplicable ; Inapplicable ; Pass      ; Inapplicable ; Inapplicable ; Pass      ; Pass      ; Inapplicable ; Inapplicable ; Inapplicable ; Inapplicable ; Pass         ; Inapplicable ; Inapplicable ; Pass         ; Inapplicable ; Inapplicable ; Inapplicable ; Inapplicable ; Inapplicable ; Inapplicable ; Inapplicable ; Inapplicable ; Inapplicable ; Pass      ; Inapplicable ; Inapplicable ;
; addrRa[23]         ; Inapplicable ; Inapplicable ; Inapplicable ; Inapplicable ; Inapplicable ; Pass      ; Inapplicable ; Inapplicable ; Pass      ; Pass      ; Inapplicable ; Inapplicable ; Inapplicable ; Inapplicable ; Pass         ; Inapplicable ; Inapplicable ; Pass         ; Inapplicable ; Inapplicable ; Inapplicable ; Inapplicable ; Inapplicable ; Inapplicable ; Inapplicable ; Inapplicable ; Inapplicable ; Pass      ; Inapplicable ; Inapplicable ;
; addrRa[24]         ; Inapplicable ; Inapplicable ; Inapplicable ; Inapplicable ; Inapplicable ; Pass      ; Inapplicable ; Inapplicable ; Pass      ; Pass      ; Inapplicable ; Inapplicable ; Inapplicable ; Inapplicable ; Pass         ; Inapplicable ; Inapplicable ; Pass         ; Inapplicable ; Inapplicable ; Inapplicable ; Inapplicable ; Inapplicable ; Inapplicable ; Inapplicable ; Inapplicable ; Inapplicable ; Pass      ; Inapplicable ; Inapplicable ;
; addrRa[25]         ; Inapplicable ; Inapplicable ; Inapplicable ; Inapplicable ; Inapplicable ; Pass      ; Inapplicable ; Inapplicable ; Pass      ; Pass      ; Inapplicable ; Inapplicable ; Inapplicable ; Inapplicable ; Pass         ; Inapplicable ; Inapplicable ; Pass         ; Inapplicable ; Inapplicable ; Inapplicable ; Inapplicable ; Inapplicable ; Inapplicable ; Inapplicable ; Inapplicable ; Inapplicable ; Pass      ; Inapplicable ; Inapplicable ;
; addrRa[26]         ; Inapplicable ; Inapplicable ; Inapplicable ; Inapplicable ; Inapplicable ; Pass      ; Inapplicable ; Inapplicable ; Pass      ; Pass      ; Inapplicable ; Inapplicable ; Inapplicable ; Inapplicable ; Pass         ; Inapplicable ; Inapplicable ; Pass         ; Inapplicable ; Inapplicable ; Inapplicable ; Inapplicable ; Inapplicable ; Inapplicable ; Inapplicable ; Inapplicable ; Inapplicable ; Pass      ; Inapplicable ; Inapplicable ;
; addrRa[27]         ; Inapplicable ; Inapplicable ; Inapplicable ; Inapplicable ; Inapplicable ; Pass      ; Inapplicable ; Inapplicable ; Pass      ; Pass      ; Inapplicable ; Inapplicable ; Inapplicable ; Inapplicable ; Pass         ; Inapplicable ; Inapplicable ; Pass         ; Inapplicable ; Inapplicable ; Inapplicable ; Inapplicable ; Inapplicable ; Inapplicable ; Inapplicable ; Inapplicable ; Inapplicable ; Pass      ; Inapplicable ; Inapplicable ;
; addrRa[28]         ; Inapplicable ; Inapplicable ; Inapplicable ; Inapplicable ; Inapplicable ; Pass      ; Inapplicable ; Inapplicable ; Pass      ; Pass      ; Inapplicable ; Inapplicable ; Inapplicable ; Inapplicable ; Pass         ; Inapplicable ; Inapplicable ; Pass         ; Inapplicable ; Inapplicable ; Inapplicable ; Inapplicable ; Inapplicable ; Inapplicable ; Inapplicable ; Inapplicable ; Inapplicable ; Pass      ; Inapplicable ; Inapplicable ;
; addrRa[29]         ; Inapplicable ; Inapplicable ; Inapplicable ; Inapplicable ; Inapplicable ; Pass      ; Inapplicable ; Inapplicable ; Pass      ; Pass      ; Inapplicable ; Inapplicable ; Inapplicable ; Inapplicable ; Pass         ; Inapplicable ; Inapplicable ; Pass         ; Inapplicable ; Inapplicable ; Inapplicable ; Inapplicable ; Inapplicable ; Inapplicable ; Inapplicable ; Inapplicable ; Inapplicable ; Pass      ; Inapplicable ; Inapplicable ;
; addrRa[30]         ; Inapplicable ; Inapplicable ; Inapplicable ; Inapplicable ; Inapplicable ; Pass      ; Inapplicable ; Inapplicable ; Pass      ; Pass      ; Inapplicable ; Inapplicable ; Inapplicable ; Inapplicable ; Pass         ; Inapplicable ; Inapplicable ; Pass         ; Inapplicable ; Inapplicable ; Inapplicable ; Inapplicable ; Inapplicable ; Inapplicable ; Inapplicable ; Inapplicable ; Inapplicable ; Pass      ; Inapplicable ; Inapplicable ;
; addrRa[31]         ; Inapplicable ; Inapplicable ; Inapplicable ; Inapplicable ; Inapplicable ; Pass      ; Inapplicable ; Inapplicable ; Pass      ; Pass      ; Inapplicable ; Inapplicable ; Inapplicable ; Inapplicable ; Pass         ; Inapplicable ; Inapplicable ; Pass         ; Inapplicable ; Inapplicable ; Inapplicable ; Inapplicable ; Inapplicable ; Inapplicable ; Inapplicable ; Inapplicable ; Inapplicable ; Pass      ; Inapplicable ; Inapplicable ;
; addrRb[1]          ; Pass         ; Inapplicable ; Pass         ; Inapplicable ; Inapplicable ; Pass      ; Pass         ; Inapplicable ; Pass      ; Pass      ; Inapplicable ; Inapplicable ; Inapplicable ; Inapplicable ; Pass         ; Inapplicable ; Inapplicable ; Pass         ; Inapplicable ; Inapplicable ; Inapplicable ; Inapplicable ; Inapplicable ; Inapplicable ; Inapplicable ; Inapplicable ; Inapplicable ; Pass      ; Inapplicable ; Inapplicable ;
; addrRb[2]          ; Pass         ; Inapplicable ; Pass         ; Inapplicable ; Inapplicable ; Pass      ; Pass         ; Inapplicable ; Pass      ; Pass      ; Inapplicable ; Inapplicable ; Inapplicable ; Inapplicable ; Pass         ; Inapplicable ; Inapplicable ; Pass         ; Inapplicable ; Inapplicable ; Inapplicable ; Inapplicable ; Inapplicable ; Inapplicable ; Inapplicable ; Inapplicable ; Inapplicable ; Pass      ; Inapplicable ; Inapplicable ;
; addrRb[3]          ; Inapplicable ; Inapplicable ; Inapplicable ; Inapplicable ; Inapplicable ; Pass      ; Inapplicable ; Inapplicable ; Pass      ; Pass      ; Inapplicable ; Inapplicable ; Inapplicable ; Inapplicable ; Pass         ; Inapplicable ; Inapplicable ; Pass         ; Inapplicable ; Inapplicable ; Inapplicable ; Inapplicable ; Inapplicable ; Inapplicable ; Inapplicable ; Inapplicable ; Inapplicable ; Pass      ; Inapplicable ; Inapplicable ;
; addrRb[4]          ; Inapplicable ; Inapplicable ; Inapplicable ; Inapplicable ; Inapplicable ; Pass      ; Inapplicable ; Inapplicable ; Pass      ; Pass      ; Inapplicable ; Inapplicable ; Inapplicable ; Inapplicable ; Pass         ; Inapplicable ; Inapplicable ; Pass         ; Inapplicable ; Inapplicable ; Inapplicable ; Inapplicable ; Inapplicable ; Inapplicable ; Inapplicable ; Inapplicable ; Inapplicable ; Pass      ; Inapplicable ; Inapplicable ;
; addrRb[5]          ; Inapplicable ; Inapplicable ; Inapplicable ; Inapplicable ; Inapplicable ; Pass      ; Inapplicable ; Inapplicable ; Pass      ; Pass      ; Inapplicable ; Inapplicable ; Inapplicable ; Inapplicable ; Pass         ; Inapplicable ; Inapplicable ; Pass         ; Inapplicable ; Inapplicable ; Inapplicable ; Inapplicable ; Inapplicable ; Inapplicable ; Inapplicable ; Inapplicable ; Inapplicable ; Pass      ; Inapplicable ; Inapplicable ;
; addrRb[6]          ; Inapplicable ; Inapplicable ; Inapplicable ; Inapplicable ; Inapplicable ; Pass      ; Inapplicable ; Inapplicable ; Pass      ; Pass      ; Inapplicable ; Inapplicable ; Inapplicable ; Inapplicable ; Pass         ; Inapplicable ; Inapplicable ; Pass         ; Inapplicable ; Inapplicable ; Inapplicable ; Inapplicable ; Inapplicable ; Inapplicable ; Inapplicable ; Inapplicable ; Inapplicable ; Pass      ; Inapplicable ; Inapplicable ;
; addrRb[7]          ; Inapplicable ; Inapplicable ; Inapplicable ; Inapplicable ; Inapplicable ; Pass      ; Inapplicable ; Inapplicable ; Pass      ; Pass      ; Inapplicable ; Inapplicable ; Inapplicable ; Inapplicable ; Pass         ; Inapplicable ; Inapplicable ; Pass         ; Inapplicable ; Inapplicable ; Inapplicable ; Inapplicable ; Inapplicable ; Inapplicable ; Inapplicable ; Inapplicable ; Inapplicable ; Pass      ; Inapplicable ; Inapplicable ;
; addrRb[8]          ; Inapplicable ; Inapplicable ; Inapplicable ; Inapplicable ; Inapplicable ; Pass      ; Inapplicable ; Inapplicable ; Pass      ; Pass      ; Inapplicable ; Inapplicable ; Inapplicable ; Inapplicable ; Pass         ; Inapplicable ; Inapplicable ; Pass         ; Inapplicable ; Inapplicable ; Inapplicable ; Inapplicable ; Inapplicable ; Inapplicable ; Inapplicable ; Inapplicable ; Inapplicable ; Pass      ; Inapplicable ; Inapplicable ;
; addrRb[9]          ; Inapplicable ; Inapplicable ; Inapplicable ; Inapplicable ; Inapplicable ; Pass      ; Inapplicable ; Inapplicable ; Pass      ; Pass      ; Inapplicable ; Inapplicable ; Inapplicable ; Inapplicable ; Pass         ; Inapplicable ; Inapplicable ; Pass         ; Inapplicable ; Inapplicable ; Inapplicable ; Inapplicable ; Inapplicable ; Inapplicable ; Inapplicable ; Inapplicable ; Inapplicable ; Pass      ; Inapplicable ; Inapplicable ;
; addrRb[10]         ; Inapplicable ; Inapplicable ; Inapplicable ; Inapplicable ; Inapplicable ; Pass      ; Inapplicable ; Inapplicable ; Pass      ; Pass      ; Inapplicable ; Inapplicable ; Inapplicable ; Inapplicable ; Pass         ; Inapplicable ; Inapplicable ; Pass         ; Inapplicable ; Inapplicable ; Inapplicable ; Inapplicable ; Inapplicable ; Inapplicable ; Inapplicable ; Inapplicable ; Inapplicable ; Pass      ; Inapplicable ; Inapplicable ;
; addrRb[11]         ; Inapplicable ; Inapplicable ; Inapplicable ; Inapplicable ; Inapplicable ; Pass      ; Inapplicable ; Inapplicable ; Pass      ; Pass      ; Inapplicable ; Inapplicable ; Inapplicable ; Inapplicable ; Pass         ; Inapplicable ; Inapplicable ; Pass         ; Inapplicable ; Inapplicable ; Inapplicable ; Inapplicable ; Inapplicable ; Inapplicable ; Inapplicable ; Inapplicable ; Inapplicable ; Pass      ; Inapplicable ; Inapplicable ;
; addrRb[12]         ; Inapplicable ; Inapplicable ; Inapplicable ; Inapplicable ; Inapplicable ; Pass      ; Inapplicable ; Inapplicable ; Pass      ; Pass      ; Inapplicable ; Inapplicable ; Inapplicable ; Inapplicable ; Pass         ; Inapplicable ; Inapplicable ; Pass         ; Inapplicable ; Inapplicable ; Inapplicable ; Inapplicable ; Inapplicable ; Inapplicable ; Inapplicable ; Inapplicable ; Inapplicable ; Pass      ; Inapplicable ; Inapplicable ;
; addrRb[13]         ; Inapplicable ; Inapplicable ; Inapplicable ; Inapplicable ; Inapplicable ; Pass      ; Inapplicable ; Inapplicable ; Pass      ; Pass      ; Inapplicable ; Inapplicable ; Inapplicable ; Inapplicable ; Pass         ; Inapplicable ; Inapplicable ; Pass         ; Inapplicable ; Inapplicable ; Inapplicable ; Inapplicable ; Inapplicable ; Inapplicable ; Inapplicable ; Inapplicable ; Inapplicable ; Pass      ; Inapplicable ; Inapplicable ;
; addrRb[14]         ; Inapplicable ; Inapplicable ; Inapplicable ; Inapplicable ; Inapplicable ; Pass      ; Inapplicable ; Inapplicable ; Pass      ; Pass      ; Inapplicable ; Inapplicable ; Inapplicable ; Inapplicable ; Pass         ; Inapplicable ; Inapplicable ; Pass         ; Inapplicable ; Inapplicable ; Inapplicable ; Inapplicable ; Inapplicable ; Inapplicable ; Inapplicable ; Inapplicable ; Inapplicable ; Pass      ; Inapplicable ; Inapplicable ;
; addrRb[15]         ; Inapplicable ; Inapplicable ; Inapplicable ; Inapplicable ; Inapplicable ; Pass      ; Inapplicable ; Inapplicable ; Pass      ; Pass      ; Inapplicable ; Inapplicable ; Inapplicable ; Inapplicable ; Pass         ; Inapplicable ; Inapplicable ; Pass         ; Inapplicable ; Inapplicable ; Inapplicable ; Inapplicable ; Inapplicable ; Inapplicable ; Inapplicable ; Inapplicable ; Inapplicable ; Pass      ; Inapplicable ; Inapplicable ;
; addrRb[16]         ; Inapplicable ; Inapplicable ; Inapplicable ; Inapplicable ; Inapplicable ; Pass      ; Inapplicable ; Inapplicable ; Pass      ; Pass      ; Inapplicable ; Inapplicable ; Inapplicable ; Inapplicable ; Pass         ; Inapplicable ; Inapplicable ; Pass         ; Inapplicable ; Inapplicable ; Inapplicable ; Inapplicable ; Inapplicable ; Inapplicable ; Inapplicable ; Inapplicable ; Inapplicable ; Pass      ; Inapplicable ; Inapplicable ;
; addrRb[17]         ; Inapplicable ; Inapplicable ; Inapplicable ; Inapplicable ; Inapplicable ; Pass      ; Inapplicable ; Inapplicable ; Pass      ; Pass      ; Inapplicable ; Inapplicable ; Inapplicable ; Inapplicable ; Pass         ; Inapplicable ; Inapplicable ; Pass         ; Inapplicable ; Inapplicable ; Inapplicable ; Inapplicable ; Inapplicable ; Inapplicable ; Inapplicable ; Inapplicable ; Inapplicable ; Pass      ; Inapplicable ; Inapplicable ;
; addrRb[18]         ; Inapplicable ; Inapplicable ; Inapplicable ; Inapplicable ; Inapplicable ; Pass      ; Inapplicable ; Inapplicable ; Pass      ; Pass      ; Inapplicable ; Inapplicable ; Inapplicable ; Inapplicable ; Pass         ; Inapplicable ; Inapplicable ; Pass         ; Inapplicable ; Inapplicable ; Inapplicable ; Inapplicable ; Inapplicable ; Inapplicable ; Inapplicable ; Inapplicable ; Inapplicable ; Pass      ; Inapplicable ; Inapplicable ;
; addrRb[19]         ; Inapplicable ; Inapplicable ; Inapplicable ; Inapplicable ; Inapplicable ; Pass      ; Inapplicable ; Inapplicable ; Pass      ; Pass      ; Inapplicable ; Inapplicable ; Inapplicable ; Inapplicable ; Pass         ; Inapplicable ; Inapplicable ; Pass         ; Inapplicable ; Inapplicable ; Inapplicable ; Inapplicable ; Inapplicable ; Inapplicable ; Inapplicable ; Inapplicable ; Inapplicable ; Pass      ; Inapplicable ; Inapplicable ;
; addrRb[20]         ; Inapplicable ; Inapplicable ; Inapplicable ; Inapplicable ; Inapplicable ; Pass      ; Inapplicable ; Inapplicable ; Pass      ; Pass      ; Inapplicable ; Inapplicable ; Inapplicable ; Inapplicable ; Pass         ; Inapplicable ; Inapplicable ; Pass         ; Inapplicable ; Inapplicable ; Inapplicable ; Inapplicable ; Inapplicable ; Inapplicable ; Inapplicable ; Inapplicable ; Inapplicable ; Pass      ; Inapplicable ; Inapplicable ;
; addrRb[21]         ; Inapplicable ; Inapplicable ; Inapplicable ; Inapplicable ; Inapplicable ; Pass      ; Inapplicable ; Inapplicable ; Pass      ; Pass      ; Inapplicable ; Inapplicable ; Inapplicable ; Inapplicable ; Pass         ; Inapplicable ; Inapplicable ; Pass         ; Inapplicable ; Inapplicable ; Inapplicable ; Inapplicable ; Inapplicable ; Inapplicable ; Inapplicable ; Inapplicable ; Inapplicable ; Pass      ; Inapplicable ; Inapplicable ;
; addrRb[22]         ; Inapplicable ; Inapplicable ; Inapplicable ; Inapplicable ; Inapplicable ; Pass      ; Inapplicable ; Inapplicable ; Pass      ; Pass      ; Inapplicable ; Inapplicable ; Inapplicable ; Inapplicable ; Pass         ; Inapplicable ; Inapplicable ; Pass         ; Inapplicable ; Inapplicable ; Inapplicable ; Inapplicable ; Inapplicable ; Inapplicable ; Inapplicable ; Inapplicable ; Inapplicable ; Pass      ; Inapplicable ; Inapplicable ;
; addrRb[23]         ; Inapplicable ; Inapplicable ; Inapplicable ; Inapplicable ; Inapplicable ; Pass      ; Inapplicable ; Inapplicable ; Pass      ; Pass      ; Inapplicable ; Inapplicable ; Inapplicable ; Inapplicable ; Pass         ; Inapplicable ; Inapplicable ; Pass         ; Inapplicable ; Inapplicable ; Inapplicable ; Inapplicable ; Inapplicable ; Inapplicable ; Inapplicable ; Inapplicable ; Inapplicable ; Pass      ; Inapplicable ; Inapplicable ;
; addrRb[24]         ; Inapplicable ; Inapplicable ; Inapplicable ; Inapplicable ; Inapplicable ; Pass      ; Inapplicable ; Inapplicable ; Pass      ; Pass      ; Inapplicable ; Inapplicable ; Inapplicable ; Inapplicable ; Pass         ; Inapplicable ; Inapplicable ; Pass         ; Inapplicable ; Inapplicable ; Inapplicable ; Inapplicable ; Inapplicable ; Inapplicable ; Inapplicable ; Inapplicable ; Inapplicable ; Pass      ; Inapplicable ; Inapplicable ;
; addrRb[25]         ; Inapplicable ; Inapplicable ; Inapplicable ; Inapplicable ; Inapplicable ; Pass      ; Inapplicable ; Inapplicable ; Pass      ; Pass      ; Inapplicable ; Inapplicable ; Inapplicable ; Inapplicable ; Pass         ; Inapplicable ; Inapplicable ; Pass         ; Inapplicable ; Inapplicable ; Inapplicable ; Inapplicable ; Inapplicable ; Inapplicable ; Inapplicable ; Inapplicable ; Inapplicable ; Pass      ; Inapplicable ; Inapplicable ;
; addrRb[26]         ; Inapplicable ; Inapplicable ; Inapplicable ; Inapplicable ; Inapplicable ; Pass      ; Inapplicable ; Inapplicable ; Pass      ; Pass      ; Inapplicable ; Inapplicable ; Inapplicable ; Inapplicable ; Pass         ; Inapplicable ; Inapplicable ; Pass         ; Inapplicable ; Inapplicable ; Inapplicable ; Inapplicable ; Inapplicable ; Inapplicable ; Inapplicable ; Inapplicable ; Inapplicable ; Pass      ; Inapplicable ; Inapplicable ;
; addrRb[27]         ; Inapplicable ; Inapplicable ; Inapplicable ; Inapplicable ; Inapplicable ; Pass      ; Inapplicable ; Inapplicable ; Pass      ; Pass      ; Inapplicable ; Inapplicable ; Inapplicable ; Inapplicable ; Pass         ; Inapplicable ; Inapplicable ; Pass         ; Inapplicable ; Inapplicable ; Inapplicable ; Inapplicable ; Inapplicable ; Inapplicable ; Inapplicable ; Inapplicable ; Inapplicable ; Pass      ; Inapplicable ; Inapplicable ;
; addrRb[28]         ; Inapplicable ; Inapplicable ; Inapplicable ; Inapplicable ; Inapplicable ; Pass      ; Inapplicable ; Inapplicable ; Pass      ; Pass      ; Inapplicable ; Inapplicable ; Inapplicable ; Inapplicable ; Pass         ; Inapplicable ; Inapplicable ; Pass         ; Inapplicable ; Inapplicable ; Inapplicable ; Inapplicable ; Inapplicable ; Inapplicable ; Inapplicable ; Inapplicable ; Inapplicable ; Pass      ; Inapplicable ; Inapplicable ;
; addrRb[29]         ; Inapplicable ; Inapplicable ; Inapplicable ; Inapplicable ; Inapplicable ; Pass      ; Inapplicable ; Inapplicable ; Pass      ; Pass      ; Inapplicable ; Inapplicable ; Inapplicable ; Inapplicable ; Pass         ; Inapplicable ; Inapplicable ; Pass         ; Inapplicable ; Inapplicable ; Inapplicable ; Inapplicable ; Inapplicable ; Inapplicable ; Inapplicable ; Inapplicable ; Inapplicable ; Pass      ; Inapplicable ; Inapplicable ;
; addrRb[30]         ; Inapplicable ; Inapplicable ; Inapplicable ; Inapplicable ; Inapplicable ; Pass      ; Inapplicable ; Inapplicable ; Pass      ; Pass      ; Inapplicable ; Inapplicable ; Inapplicable ; Inapplicable ; Pass         ; Inapplicable ; Inapplicable ; Pass         ; Inapplicable ; Inapplicable ; Inapplicable ; Inapplicable ; Inapplicable ; Inapplicable ; Inapplicable ; Inapplicable ; Inapplicable ; Pass      ; Inapplicable ; Inapplicable ;
; addrRb[31]         ; Inapplicable ; Inapplicable ; Inapplicable ; Inapplicable ; Inapplicable ; Pass      ; Inapplicable ; Inapplicable ; Pass      ; Pass      ; Inapplicable ; Inapplicable ; Inapplicable ; Inapplicable ; Pass         ; Inapplicable ; Inapplicable ; Pass         ; Inapplicable ; Inapplicable ; Inapplicable ; Inapplicable ; Inapplicable ; Inapplicable ; Inapplicable ; Inapplicable ; Inapplicable ; Pass      ; Inapplicable ; Inapplicable ;
; datOutRa[0]        ; Pass         ; Inapplicable ; Pass         ; Inapplicable ; Inapplicable ; Pass      ; Pass         ; Inapplicable ; Pass      ; Pass      ; Inapplicable ; Pass         ; Inapplicable ; Inapplicable ; Inapplicable ; Inapplicable ; Pass         ; Inapplicable ; Inapplicable ; Inapplicable ; Inapplicable ; Pass         ; Inapplicable ; Inapplicable ; Inapplicable ; Inapplicable ; Inapplicable ; Pass      ; Inapplicable ; Inapplicable ;
; datOutRa[1]        ; Pass         ; Inapplicable ; Pass         ; Inapplicable ; Inapplicable ; Pass      ; Pass         ; Inapplicable ; Pass      ; Pass      ; Inapplicable ; Pass         ; Inapplicable ; Inapplicable ; Inapplicable ; Inapplicable ; Pass         ; Inapplicable ; Inapplicable ; Inapplicable ; Inapplicable ; Pass         ; Inapplicable ; Inapplicable ; Inapplicable ; Inapplicable ; Inapplicable ; Pass      ; Inapplicable ; Inapplicable ;
; datOutRa[2]        ; Pass         ; Inapplicable ; Pass         ; Inapplicable ; Inapplicable ; Pass      ; Pass         ; Inapplicable ; Pass      ; Pass      ; Inapplicable ; Pass         ; Inapplicable ; Inapplicable ; Inapplicable ; Inapplicable ; Pass         ; Inapplicable ; Inapplicable ; Inapplicable ; Inapplicable ; Pass         ; Inapplicable ; Inapplicable ; Inapplicable ; Inapplicable ; Inapplicable ; Pass      ; Inapplicable ; Inapplicable ;
; datOutRa[3]        ; Inapplicable ; Inapplicable ; Inapplicable ; Inapplicable ; Inapplicable ; Pass      ; Inapplicable ; Inapplicable ; Pass      ; Pass      ; Inapplicable ; Pass         ; Inapplicable ; Inapplicable ; Inapplicable ; Inapplicable ; Pass         ; Inapplicable ; Inapplicable ; Inapplicable ; Inapplicable ; Pass         ; Inapplicable ; Inapplicable ; Inapplicable ; Inapplicable ; Inapplicable ; Pass      ; Inapplicable ; Inapplicable ;
; datOutRa[4]        ; Inapplicable ; Inapplicable ; Inapplicable ; Inapplicable ; Inapplicable ; Pass      ; Inapplicable ; Inapplicable ; Pass      ; Pass      ; Inapplicable ; Pass         ; Inapplicable ; Inapplicable ; Inapplicable ; Inapplicable ; Pass         ; Inapplicable ; Inapplicable ; Inapplicable ; Inapplicable ; Pass         ; Inapplicable ; Inapplicable ; Inapplicable ; Inapplicable ; Inapplicable ; Pass      ; Inapplicable ; Inapplicable ;
; datOutRa[5]        ; Inapplicable ; Inapplicable ; Inapplicable ; Inapplicable ; Inapplicable ; Pass      ; Inapplicable ; Inapplicable ; Pass      ; Pass      ; Inapplicable ; Pass         ; Inapplicable ; Inapplicable ; Inapplicable ; Inapplicable ; Pass         ; Inapplicable ; Inapplicable ; Inapplicable ; Inapplicable ; Pass         ; Inapplicable ; Inapplicable ; Inapplicable ; Inapplicable ; Inapplicable ; Pass      ; Inapplicable ; Inapplicable ;
; datOutRa[6]        ; Inapplicable ; Inapplicable ; Inapplicable ; Inapplicable ; Inapplicable ; Pass      ; Inapplicable ; Inapplicable ; Pass      ; Pass      ; Inapplicable ; Pass         ; Inapplicable ; Inapplicable ; Inapplicable ; Inapplicable ; Pass         ; Inapplicable ; Inapplicable ; Inapplicable ; Inapplicable ; Pass         ; Inapplicable ; Inapplicable ; Inapplicable ; Inapplicable ; Inapplicable ; Pass      ; Inapplicable ; Inapplicable ;
; datOutRa[7]        ; Inapplicable ; Inapplicable ; Inapplicable ; Inapplicable ; Inapplicable ; Pass      ; Inapplicable ; Inapplicable ; Pass      ; Pass      ; Inapplicable ; Pass         ; Inapplicable ; Inapplicable ; Inapplicable ; Inapplicable ; Pass         ; Inapplicable ; Inapplicable ; Inapplicable ; Inapplicable ; Pass         ; Inapplicable ; Inapplicable ; Inapplicable ; Inapplicable ; Inapplicable ; Pass      ; Inapplicable ; Inapplicable ;
; datOutRa[8]        ; Inapplicable ; Inapplicable ; Inapplicable ; Inapplicable ; Inapplicable ; Pass      ; Inapplicable ; Inapplicable ; Pass      ; Pass      ; Inapplicable ; Pass         ; Inapplicable ; Inapplicable ; Inapplicable ; Inapplicable ; Pass         ; Inapplicable ; Inapplicable ; Inapplicable ; Inapplicable ; Pass         ; Inapplicable ; Inapplicable ; Inapplicable ; Inapplicable ; Inapplicable ; Pass      ; Inapplicable ; Inapplicable ;
; datOutRa[9]        ; Inapplicable ; Inapplicable ; Inapplicable ; Inapplicable ; Inapplicable ; Pass      ; Inapplicable ; Inapplicable ; Pass      ; Pass      ; Inapplicable ; Pass         ; Inapplicable ; Inapplicable ; Inapplicable ; Inapplicable ; Pass         ; Inapplicable ; Inapplicable ; Inapplicable ; Inapplicable ; Pass         ; Inapplicable ; Inapplicable ; Inapplicable ; Inapplicable ; Inapplicable ; Pass      ; Inapplicable ; Inapplicable ;
; datOutRa[10]       ; Inapplicable ; Inapplicable ; Inapplicable ; Inapplicable ; Inapplicable ; Pass      ; Inapplicable ; Inapplicable ; Pass      ; Pass      ; Inapplicable ; Pass         ; Inapplicable ; Inapplicable ; Inapplicable ; Inapplicable ; Pass         ; Inapplicable ; Inapplicable ; Inapplicable ; Inapplicable ; Pass         ; Inapplicable ; Inapplicable ; Inapplicable ; Inapplicable ; Inapplicable ; Pass      ; Inapplicable ; Inapplicable ;
; datOutRa[11]       ; Inapplicable ; Inapplicable ; Inapplicable ; Inapplicable ; Inapplicable ; Pass      ; Inapplicable ; Inapplicable ; Pass      ; Pass      ; Inapplicable ; Pass         ; Inapplicable ; Inapplicable ; Inapplicable ; Inapplicable ; Pass         ; Inapplicable ; Inapplicable ; Inapplicable ; Inapplicable ; Pass         ; Inapplicable ; Inapplicable ; Inapplicable ; Inapplicable ; Inapplicable ; Pass      ; Inapplicable ; Inapplicable ;
; datOutRa[12]       ; Inapplicable ; Inapplicable ; Inapplicable ; Inapplicable ; Inapplicable ; Pass      ; Inapplicable ; Inapplicable ; Pass      ; Pass      ; Inapplicable ; Pass         ; Inapplicable ; Inapplicable ; Inapplicable ; Inapplicable ; Pass         ; Inapplicable ; Inapplicable ; Inapplicable ; Inapplicable ; Pass         ; Inapplicable ; Inapplicable ; Inapplicable ; Inapplicable ; Inapplicable ; Pass      ; Inapplicable ; Inapplicable ;
; datOutRa[13]       ; Inapplicable ; Inapplicable ; Inapplicable ; Inapplicable ; Inapplicable ; Pass      ; Inapplicable ; Inapplicable ; Pass      ; Pass      ; Inapplicable ; Pass         ; Inapplicable ; Inapplicable ; Inapplicable ; Inapplicable ; Pass         ; Inapplicable ; Inapplicable ; Inapplicable ; Inapplicable ; Pass         ; Inapplicable ; Inapplicable ; Inapplicable ; Inapplicable ; Inapplicable ; Pass      ; Inapplicable ; Inapplicable ;
; datOutRa[14]       ; Inapplicable ; Inapplicable ; Inapplicable ; Inapplicable ; Inapplicable ; Pass      ; Inapplicable ; Inapplicable ; Pass      ; Pass      ; Inapplicable ; Pass         ; Inapplicable ; Inapplicable ; Inapplicable ; Inapplicable ; Pass         ; Inapplicable ; Inapplicable ; Inapplicable ; Inapplicable ; Pass         ; Inapplicable ; Inapplicable ; Inapplicable ; Inapplicable ; Inapplicable ; Pass      ; Inapplicable ; Inapplicable ;
; datOutRa[15]       ; Inapplicable ; Inapplicable ; Inapplicable ; Inapplicable ; Inapplicable ; Pass      ; Inapplicable ; Inapplicable ; Pass      ; Pass      ; Inapplicable ; Pass         ; Inapplicable ; Inapplicable ; Inapplicable ; Inapplicable ; Pass         ; Inapplicable ; Inapplicable ; Inapplicable ; Inapplicable ; Pass         ; Inapplicable ; Inapplicable ; Inapplicable ; Inapplicable ; Inapplicable ; Pass      ; Inapplicable ; Inapplicable ;
; datOutRa[16]       ; Inapplicable ; Inapplicable ; Inapplicable ; Inapplicable ; Inapplicable ; Pass      ; Inapplicable ; Inapplicable ; Pass      ; Pass      ; Inapplicable ; Pass         ; Inapplicable ; Inapplicable ; Inapplicable ; Inapplicable ; Pass         ; Inapplicable ; Inapplicable ; Inapplicable ; Inapplicable ; Pass         ; Inapplicable ; Inapplicable ; Inapplicable ; Inapplicable ; Inapplicable ; Pass      ; Inapplicable ; Inapplicable ;
; datOutRa[17]       ; Inapplicable ; Inapplicable ; Inapplicable ; Inapplicable ; Inapplicable ; Pass      ; Inapplicable ; Inapplicable ; Pass      ; Pass      ; Inapplicable ; Pass         ; Inapplicable ; Inapplicable ; Inapplicable ; Inapplicable ; Pass         ; Inapplicable ; Inapplicable ; Inapplicable ; Inapplicable ; Pass         ; Inapplicable ; Inapplicable ; Inapplicable ; Inapplicable ; Inapplicable ; Pass      ; Inapplicable ; Inapplicable ;
; datOutRa[18]       ; Inapplicable ; Inapplicable ; Inapplicable ; Inapplicable ; Inapplicable ; Pass      ; Inapplicable ; Inapplicable ; Pass      ; Pass      ; Inapplicable ; Pass         ; Inapplicable ; Inapplicable ; Inapplicable ; Inapplicable ; Pass         ; Inapplicable ; Inapplicable ; Inapplicable ; Inapplicable ; Pass         ; Inapplicable ; Inapplicable ; Inapplicable ; Inapplicable ; Inapplicable ; Pass      ; Inapplicable ; Inapplicable ;
; datOutRa[19]       ; Inapplicable ; Inapplicable ; Inapplicable ; Inapplicable ; Inapplicable ; Pass      ; Inapplicable ; Inapplicable ; Pass      ; Pass      ; Inapplicable ; Pass         ; Inapplicable ; Inapplicable ; Inapplicable ; Inapplicable ; Pass         ; Inapplicable ; Inapplicable ; Inapplicable ; Inapplicable ; Pass         ; Inapplicable ; Inapplicable ; Inapplicable ; Inapplicable ; Inapplicable ; Pass      ; Inapplicable ; Inapplicable ;
; datOutRa[20]       ; Inapplicable ; Inapplicable ; Inapplicable ; Inapplicable ; Inapplicable ; Pass      ; Inapplicable ; Inapplicable ; Pass      ; Pass      ; Inapplicable ; Pass         ; Inapplicable ; Inapplicable ; Inapplicable ; Inapplicable ; Pass         ; Inapplicable ; Inapplicable ; Inapplicable ; Inapplicable ; Pass         ; Inapplicable ; Inapplicable ; Inapplicable ; Inapplicable ; Inapplicable ; Pass      ; Inapplicable ; Inapplicable ;
; datOutRa[21]       ; Inapplicable ; Inapplicable ; Inapplicable ; Inapplicable ; Inapplicable ; Pass      ; Inapplicable ; Inapplicable ; Pass      ; Pass      ; Inapplicable ; Pass         ; Inapplicable ; Inapplicable ; Inapplicable ; Inapplicable ; Pass         ; Inapplicable ; Inapplicable ; Inapplicable ; Inapplicable ; Pass         ; Inapplicable ; Inapplicable ; Inapplicable ; Inapplicable ; Inapplicable ; Pass      ; Inapplicable ; Inapplicable ;
; datOutRa[22]       ; Inapplicable ; Inapplicable ; Inapplicable ; Inapplicable ; Inapplicable ; Pass      ; Inapplicable ; Inapplicable ; Pass      ; Pass      ; Inapplicable ; Pass         ; Inapplicable ; Inapplicable ; Inapplicable ; Inapplicable ; Pass         ; Inapplicable ; Inapplicable ; Inapplicable ; Inapplicable ; Pass         ; Inapplicable ; Inapplicable ; Inapplicable ; Inapplicable ; Inapplicable ; Pass      ; Inapplicable ; Inapplicable ;
; datOutRa[23]       ; Inapplicable ; Inapplicable ; Inapplicable ; Inapplicable ; Inapplicable ; Pass      ; Inapplicable ; Inapplicable ; Pass      ; Pass      ; Inapplicable ; Pass         ; Inapplicable ; Inapplicable ; Inapplicable ; Inapplicable ; Pass         ; Inapplicable ; Inapplicable ; Inapplicable ; Inapplicable ; Pass         ; Inapplicable ; Inapplicable ; Inapplicable ; Inapplicable ; Inapplicable ; Pass      ; Inapplicable ; Inapplicable ;
; datOutRa[24]       ; Inapplicable ; Inapplicable ; Inapplicable ; Inapplicable ; Inapplicable ; Pass      ; Inapplicable ; Inapplicable ; Pass      ; Pass      ; Inapplicable ; Pass         ; Inapplicable ; Inapplicable ; Inapplicable ; Inapplicable ; Pass         ; Inapplicable ; Inapplicable ; Inapplicable ; Inapplicable ; Pass         ; Inapplicable ; Inapplicable ; Inapplicable ; Inapplicable ; Inapplicable ; Pass      ; Inapplicable ; Inapplicable ;
; datOutRa[25]       ; Inapplicable ; Inapplicable ; Inapplicable ; Inapplicable ; Inapplicable ; Pass      ; Inapplicable ; Inapplicable ; Pass      ; Pass      ; Inapplicable ; Pass         ; Inapplicable ; Inapplicable ; Inapplicable ; Inapplicable ; Pass         ; Inapplicable ; Inapplicable ; Inapplicable ; Inapplicable ; Pass         ; Inapplicable ; Inapplicable ; Inapplicable ; Inapplicable ; Inapplicable ; Pass      ; Inapplicable ; Inapplicable ;
; datOutRa[26]       ; Inapplicable ; Inapplicable ; Inapplicable ; Inapplicable ; Inapplicable ; Pass      ; Inapplicable ; Inapplicable ; Pass      ; Pass      ; Inapplicable ; Pass         ; Inapplicable ; Inapplicable ; Inapplicable ; Inapplicable ; Pass         ; Inapplicable ; Inapplicable ; Inapplicable ; Inapplicable ; Pass         ; Inapplicable ; Inapplicable ; Inapplicable ; Inapplicable ; Inapplicable ; Pass      ; Inapplicable ; Inapplicable ;
; datOutRa[27]       ; Inapplicable ; Inapplicable ; Inapplicable ; Inapplicable ; Inapplicable ; Pass      ; Inapplicable ; Inapplicable ; Pass      ; Pass      ; Inapplicable ; Pass         ; Inapplicable ; Inapplicable ; Inapplicable ; Inapplicable ; Pass         ; Inapplicable ; Inapplicable ; Inapplicable ; Inapplicable ; Pass         ; Inapplicable ; Inapplicable ; Inapplicable ; Inapplicable ; Inapplicable ; Pass      ; Inapplicable ; Inapplicable ;
; datOutRa[28]       ; Inapplicable ; Inapplicable ; Inapplicable ; Inapplicable ; Inapplicable ; Pass      ; Inapplicable ; Inapplicable ; Pass      ; Pass      ; Inapplicable ; Pass         ; Inapplicable ; Inapplicable ; Inapplicable ; Inapplicable ; Pass         ; Inapplicable ; Inapplicable ; Inapplicable ; Inapplicable ; Pass         ; Inapplicable ; Inapplicable ; Inapplicable ; Inapplicable ; Inapplicable ; Pass      ; Inapplicable ; Inapplicable ;
; datOutRa[29]       ; Inapplicable ; Inapplicable ; Inapplicable ; Inapplicable ; Inapplicable ; Pass      ; Inapplicable ; Inapplicable ; Pass      ; Pass      ; Inapplicable ; Pass         ; Inapplicable ; Inapplicable ; Inapplicable ; Inapplicable ; Pass         ; Inapplicable ; Inapplicable ; Inapplicable ; Inapplicable ; Pass         ; Inapplicable ; Inapplicable ; Inapplicable ; Inapplicable ; Inapplicable ; Pass      ; Inapplicable ; Inapplicable ;
; datOutRa[30]       ; Inapplicable ; Inapplicable ; Inapplicable ; Inapplicable ; Inapplicable ; Pass      ; Inapplicable ; Inapplicable ; Pass      ; Pass      ; Inapplicable ; Pass         ; Inapplicable ; Inapplicable ; Inapplicable ; Inapplicable ; Pass         ; Inapplicable ; Inapplicable ; Inapplicable ; Inapplicable ; Pass         ; Inapplicable ; Inapplicable ; Inapplicable ; Inapplicable ; Inapplicable ; Pass      ; Inapplicable ; Inapplicable ;
; datOutRa[31]       ; Inapplicable ; Inapplicable ; Inapplicable ; Inapplicable ; Inapplicable ; Pass      ; Inapplicable ; Inapplicable ; Pass      ; Pass      ; Inapplicable ; Pass         ; Inapplicable ; Inapplicable ; Inapplicable ; Inapplicable ; Pass         ; Inapplicable ; Inapplicable ; Inapplicable ; Inapplicable ; Pass         ; Inapplicable ; Inapplicable ; Inapplicable ; Inapplicable ; Inapplicable ; Pass      ; Inapplicable ; Inapplicable ;
; datOutRb[0]        ; Pass         ; Inapplicable ; Pass         ; Inapplicable ; Inapplicable ; Pass      ; Pass         ; Inapplicable ; Pass      ; Pass      ; Inapplicable ; Pass         ; Inapplicable ; Inapplicable ; Inapplicable ; Inapplicable ; Pass         ; Inapplicable ; Inapplicable ; Inapplicable ; Inapplicable ; Pass         ; Inapplicable ; Inapplicable ; Inapplicable ; Inapplicable ; Inapplicable ; Pass      ; Inapplicable ; Inapplicable ;
; datOutRb[1]        ; Pass         ; Inapplicable ; Pass         ; Inapplicable ; Inapplicable ; Pass      ; Pass         ; Inapplicable ; Pass      ; Pass      ; Inapplicable ; Pass         ; Inapplicable ; Inapplicable ; Inapplicable ; Inapplicable ; Pass         ; Inapplicable ; Inapplicable ; Inapplicable ; Inapplicable ; Pass         ; Inapplicable ; Inapplicable ; Inapplicable ; Inapplicable ; Inapplicable ; Pass      ; Inapplicable ; Inapplicable ;
; datOutRb[2]        ; Pass         ; Inapplicable ; Pass         ; Inapplicable ; Inapplicable ; Pass      ; Pass         ; Inapplicable ; Pass      ; Pass      ; Inapplicable ; Pass         ; Inapplicable ; Inapplicable ; Inapplicable ; Inapplicable ; Pass         ; Inapplicable ; Inapplicable ; Inapplicable ; Inapplicable ; Pass         ; Inapplicable ; Inapplicable ; Inapplicable ; Inapplicable ; Inapplicable ; Pass      ; Inapplicable ; Inapplicable ;
; datOutRb[3]        ; Inapplicable ; Inapplicable ; Inapplicable ; Inapplicable ; Inapplicable ; Pass      ; Inapplicable ; Inapplicable ; Pass      ; Pass      ; Inapplicable ; Pass         ; Inapplicable ; Inapplicable ; Inapplicable ; Inapplicable ; Pass         ; Inapplicable ; Inapplicable ; Inapplicable ; Inapplicable ; Pass         ; Inapplicable ; Inapplicable ; Inapplicable ; Inapplicable ; Inapplicable ; Pass      ; Inapplicable ; Inapplicable ;
; datOutRb[4]        ; Inapplicable ; Inapplicable ; Inapplicable ; Inapplicable ; Inapplicable ; Pass      ; Inapplicable ; Inapplicable ; Pass      ; Pass      ; Inapplicable ; Pass         ; Inapplicable ; Inapplicable ; Inapplicable ; Inapplicable ; Pass         ; Inapplicable ; Inapplicable ; Inapplicable ; Inapplicable ; Pass         ; Inapplicable ; Inapplicable ; Inapplicable ; Inapplicable ; Inapplicable ; Pass      ; Inapplicable ; Inapplicable ;
; datOutRb[5]        ; Inapplicable ; Inapplicable ; Inapplicable ; Inapplicable ; Inapplicable ; Pass      ; Inapplicable ; Inapplicable ; Pass      ; Pass      ; Inapplicable ; Pass         ; Inapplicable ; Inapplicable ; Inapplicable ; Inapplicable ; Pass         ; Inapplicable ; Inapplicable ; Inapplicable ; Inapplicable ; Pass         ; Inapplicable ; Inapplicable ; Inapplicable ; Inapplicable ; Inapplicable ; Pass      ; Inapplicable ; Inapplicable ;
; datOutRb[6]        ; Inapplicable ; Inapplicable ; Inapplicable ; Inapplicable ; Inapplicable ; Pass      ; Inapplicable ; Inapplicable ; Pass      ; Pass      ; Inapplicable ; Pass         ; Inapplicable ; Inapplicable ; Inapplicable ; Inapplicable ; Pass         ; Inapplicable ; Inapplicable ; Inapplicable ; Inapplicable ; Pass         ; Inapplicable ; Inapplicable ; Inapplicable ; Inapplicable ; Inapplicable ; Pass      ; Inapplicable ; Inapplicable ;
; datOutRb[7]        ; Inapplicable ; Inapplicable ; Inapplicable ; Inapplicable ; Inapplicable ; Pass      ; Inapplicable ; Inapplicable ; Pass      ; Pass      ; Inapplicable ; Pass         ; Inapplicable ; Inapplicable ; Inapplicable ; Inapplicable ; Pass         ; Inapplicable ; Inapplicable ; Inapplicable ; Inapplicable ; Pass         ; Inapplicable ; Inapplicable ; Inapplicable ; Inapplicable ; Inapplicable ; Pass      ; Inapplicable ; Inapplicable ;
; datOutRb[8]        ; Inapplicable ; Inapplicable ; Inapplicable ; Inapplicable ; Inapplicable ; Pass      ; Inapplicable ; Inapplicable ; Pass      ; Pass      ; Inapplicable ; Pass         ; Inapplicable ; Inapplicable ; Inapplicable ; Inapplicable ; Pass         ; Inapplicable ; Inapplicable ; Inapplicable ; Inapplicable ; Pass         ; Inapplicable ; Inapplicable ; Inapplicable ; Inapplicable ; Inapplicable ; Pass      ; Inapplicable ; Inapplicable ;
; datOutRb[9]        ; Inapplicable ; Inapplicable ; Inapplicable ; Inapplicable ; Inapplicable ; Pass      ; Inapplicable ; Inapplicable ; Pass      ; Pass      ; Inapplicable ; Pass         ; Inapplicable ; Inapplicable ; Inapplicable ; Inapplicable ; Pass         ; Inapplicable ; Inapplicable ; Inapplicable ; Inapplicable ; Pass         ; Inapplicable ; Inapplicable ; Inapplicable ; Inapplicable ; Inapplicable ; Pass      ; Inapplicable ; Inapplicable ;
; datOutRb[10]       ; Inapplicable ; Inapplicable ; Inapplicable ; Inapplicable ; Inapplicable ; Pass      ; Inapplicable ; Inapplicable ; Pass      ; Pass      ; Inapplicable ; Pass         ; Inapplicable ; Inapplicable ; Inapplicable ; Inapplicable ; Pass         ; Inapplicable ; Inapplicable ; Inapplicable ; Inapplicable ; Pass         ; Inapplicable ; Inapplicable ; Inapplicable ; Inapplicable ; Inapplicable ; Pass      ; Inapplicable ; Inapplicable ;
; datOutRb[11]       ; Inapplicable ; Inapplicable ; Inapplicable ; Inapplicable ; Inapplicable ; Pass      ; Inapplicable ; Inapplicable ; Pass      ; Pass      ; Inapplicable ; Pass         ; Inapplicable ; Inapplicable ; Inapplicable ; Inapplicable ; Pass         ; Inapplicable ; Inapplicable ; Inapplicable ; Inapplicable ; Pass         ; Inapplicable ; Inapplicable ; Inapplicable ; Inapplicable ; Inapplicable ; Pass      ; Inapplicable ; Inapplicable ;
; datOutRb[12]       ; Inapplicable ; Inapplicable ; Inapplicable ; Inapplicable ; Inapplicable ; Pass      ; Inapplicable ; Inapplicable ; Pass      ; Pass      ; Inapplicable ; Pass         ; Inapplicable ; Inapplicable ; Inapplicable ; Inapplicable ; Pass         ; Inapplicable ; Inapplicable ; Inapplicable ; Inapplicable ; Pass         ; Inapplicable ; Inapplicable ; Inapplicable ; Inapplicable ; Inapplicable ; Pass      ; Inapplicable ; Inapplicable ;
; datOutRb[13]       ; Inapplicable ; Inapplicable ; Inapplicable ; Inapplicable ; Inapplicable ; Pass      ; Inapplicable ; Inapplicable ; Pass      ; Pass      ; Inapplicable ; Pass         ; Inapplicable ; Inapplicable ; Inapplicable ; Inapplicable ; Pass         ; Inapplicable ; Inapplicable ; Inapplicable ; Inapplicable ; Pass         ; Inapplicable ; Inapplicable ; Inapplicable ; Inapplicable ; Inapplicable ; Pass      ; Inapplicable ; Inapplicable ;
; datOutRb[14]       ; Inapplicable ; Inapplicable ; Inapplicable ; Inapplicable ; Inapplicable ; Pass      ; Inapplicable ; Inapplicable ; Pass      ; Pass      ; Inapplicable ; Pass         ; Inapplicable ; Inapplicable ; Inapplicable ; Inapplicable ; Pass         ; Inapplicable ; Inapplicable ; Inapplicable ; Inapplicable ; Pass         ; Inapplicable ; Inapplicable ; Inapplicable ; Inapplicable ; Inapplicable ; Pass      ; Inapplicable ; Inapplicable ;
; datOutRb[15]       ; Inapplicable ; Inapplicable ; Inapplicable ; Inapplicable ; Inapplicable ; Pass      ; Inapplicable ; Inapplicable ; Pass      ; Pass      ; Inapplicable ; Pass         ; Inapplicable ; Inapplicable ; Inapplicable ; Inapplicable ; Pass         ; Inapplicable ; Inapplicable ; Inapplicable ; Inapplicable ; Pass         ; Inapplicable ; Inapplicable ; Inapplicable ; Inapplicable ; Inapplicable ; Pass      ; Inapplicable ; Inapplicable ;
; datOutRb[16]       ; Inapplicable ; Inapplicable ; Inapplicable ; Inapplicable ; Inapplicable ; Pass      ; Inapplicable ; Inapplicable ; Pass      ; Pass      ; Inapplicable ; Pass         ; Inapplicable ; Inapplicable ; Inapplicable ; Inapplicable ; Pass         ; Inapplicable ; Inapplicable ; Inapplicable ; Inapplicable ; Pass         ; Inapplicable ; Inapplicable ; Inapplicable ; Inapplicable ; Inapplicable ; Pass      ; Inapplicable ; Inapplicable ;
; datOutRb[17]       ; Inapplicable ; Inapplicable ; Inapplicable ; Inapplicable ; Inapplicable ; Pass      ; Inapplicable ; Inapplicable ; Pass      ; Pass      ; Inapplicable ; Pass         ; Inapplicable ; Inapplicable ; Inapplicable ; Inapplicable ; Pass         ; Inapplicable ; Inapplicable ; Inapplicable ; Inapplicable ; Pass         ; Inapplicable ; Inapplicable ; Inapplicable ; Inapplicable ; Inapplicable ; Pass      ; Inapplicable ; Inapplicable ;
; datOutRb[18]       ; Inapplicable ; Inapplicable ; Inapplicable ; Inapplicable ; Inapplicable ; Pass      ; Inapplicable ; Inapplicable ; Pass      ; Pass      ; Inapplicable ; Pass         ; Inapplicable ; Inapplicable ; Inapplicable ; Inapplicable ; Pass         ; Inapplicable ; Inapplicable ; Inapplicable ; Inapplicable ; Pass         ; Inapplicable ; Inapplicable ; Inapplicable ; Inapplicable ; Inapplicable ; Pass      ; Inapplicable ; Inapplicable ;
; datOutRb[19]       ; Inapplicable ; Inapplicable ; Inapplicable ; Inapplicable ; Inapplicable ; Pass      ; Inapplicable ; Inapplicable ; Pass      ; Pass      ; Inapplicable ; Pass         ; Inapplicable ; Inapplicable ; Inapplicable ; Inapplicable ; Pass         ; Inapplicable ; Inapplicable ; Inapplicable ; Inapplicable ; Pass         ; Inapplicable ; Inapplicable ; Inapplicable ; Inapplicable ; Inapplicable ; Pass      ; Inapplicable ; Inapplicable ;
; datOutRb[20]       ; Inapplicable ; Inapplicable ; Inapplicable ; Inapplicable ; Inapplicable ; Pass      ; Inapplicable ; Inapplicable ; Pass      ; Pass      ; Inapplicable ; Pass         ; Inapplicable ; Inapplicable ; Inapplicable ; Inapplicable ; Pass         ; Inapplicable ; Inapplicable ; Inapplicable ; Inapplicable ; Pass         ; Inapplicable ; Inapplicable ; Inapplicable ; Inapplicable ; Inapplicable ; Pass      ; Inapplicable ; Inapplicable ;
; datOutRb[21]       ; Inapplicable ; Inapplicable ; Inapplicable ; Inapplicable ; Inapplicable ; Pass      ; Inapplicable ; Inapplicable ; Pass      ; Pass      ; Inapplicable ; Pass         ; Inapplicable ; Inapplicable ; Inapplicable ; Inapplicable ; Pass         ; Inapplicable ; Inapplicable ; Inapplicable ; Inapplicable ; Pass         ; Inapplicable ; Inapplicable ; Inapplicable ; Inapplicable ; Inapplicable ; Pass      ; Inapplicable ; Inapplicable ;
; datOutRb[22]       ; Inapplicable ; Inapplicable ; Inapplicable ; Inapplicable ; Inapplicable ; Pass      ; Inapplicable ; Inapplicable ; Pass      ; Pass      ; Inapplicable ; Pass         ; Inapplicable ; Inapplicable ; Inapplicable ; Inapplicable ; Pass         ; Inapplicable ; Inapplicable ; Inapplicable ; Inapplicable ; Pass         ; Inapplicable ; Inapplicable ; Inapplicable ; Inapplicable ; Inapplicable ; Pass      ; Inapplicable ; Inapplicable ;
; datOutRb[23]       ; Inapplicable ; Inapplicable ; Inapplicable ; Inapplicable ; Inapplicable ; Pass      ; Inapplicable ; Inapplicable ; Pass      ; Pass      ; Inapplicable ; Pass         ; Inapplicable ; Inapplicable ; Inapplicable ; Inapplicable ; Pass         ; Inapplicable ; Inapplicable ; Inapplicable ; Inapplicable ; Pass         ; Inapplicable ; Inapplicable ; Inapplicable ; Inapplicable ; Inapplicable ; Pass      ; Inapplicable ; Inapplicable ;
; datOutRb[24]       ; Inapplicable ; Inapplicable ; Inapplicable ; Inapplicable ; Inapplicable ; Pass      ; Inapplicable ; Inapplicable ; Pass      ; Pass      ; Inapplicable ; Pass         ; Inapplicable ; Inapplicable ; Inapplicable ; Inapplicable ; Pass         ; Inapplicable ; Inapplicable ; Inapplicable ; Inapplicable ; Pass         ; Inapplicable ; Inapplicable ; Inapplicable ; Inapplicable ; Inapplicable ; Pass      ; Inapplicable ; Inapplicable ;
; datOutRb[25]       ; Inapplicable ; Inapplicable ; Inapplicable ; Inapplicable ; Inapplicable ; Pass      ; Inapplicable ; Inapplicable ; Pass      ; Pass      ; Inapplicable ; Pass         ; Inapplicable ; Inapplicable ; Inapplicable ; Inapplicable ; Pass         ; Inapplicable ; Inapplicable ; Inapplicable ; Inapplicable ; Pass         ; Inapplicable ; Inapplicable ; Inapplicable ; Inapplicable ; Inapplicable ; Pass      ; Inapplicable ; Inapplicable ;
; datOutRb[26]       ; Inapplicable ; Inapplicable ; Inapplicable ; Inapplicable ; Inapplicable ; Pass      ; Inapplicable ; Inapplicable ; Pass      ; Pass      ; Inapplicable ; Pass         ; Inapplicable ; Inapplicable ; Inapplicable ; Inapplicable ; Pass         ; Inapplicable ; Inapplicable ; Inapplicable ; Inapplicable ; Pass         ; Inapplicable ; Inapplicable ; Inapplicable ; Inapplicable ; Inapplicable ; Pass      ; Inapplicable ; Inapplicable ;
; datOutRb[27]       ; Inapplicable ; Inapplicable ; Inapplicable ; Inapplicable ; Inapplicable ; Pass      ; Inapplicable ; Inapplicable ; Pass      ; Pass      ; Inapplicable ; Pass         ; Inapplicable ; Inapplicable ; Inapplicable ; Inapplicable ; Pass         ; Inapplicable ; Inapplicable ; Inapplicable ; Inapplicable ; Pass         ; Inapplicable ; Inapplicable ; Inapplicable ; Inapplicable ; Inapplicable ; Pass      ; Inapplicable ; Inapplicable ;
; datOutRb[28]       ; Inapplicable ; Inapplicable ; Inapplicable ; Inapplicable ; Inapplicable ; Pass      ; Inapplicable ; Inapplicable ; Pass      ; Pass      ; Inapplicable ; Pass         ; Inapplicable ; Inapplicable ; Inapplicable ; Inapplicable ; Pass         ; Inapplicable ; Inapplicable ; Inapplicable ; Inapplicable ; Pass         ; Inapplicable ; Inapplicable ; Inapplicable ; Inapplicable ; Inapplicable ; Pass      ; Inapplicable ; Inapplicable ;
; datOutRb[29]       ; Inapplicable ; Inapplicable ; Inapplicable ; Inapplicable ; Inapplicable ; Pass      ; Inapplicable ; Inapplicable ; Pass      ; Pass      ; Inapplicable ; Pass         ; Inapplicable ; Inapplicable ; Inapplicable ; Inapplicable ; Pass         ; Inapplicable ; Inapplicable ; Inapplicable ; Inapplicable ; Pass         ; Inapplicable ; Inapplicable ; Inapplicable ; Inapplicable ; Inapplicable ; Pass      ; Inapplicable ; Inapplicable ;
; datOutRb[30]       ; Inapplicable ; Inapplicable ; Inapplicable ; Inapplicable ; Inapplicable ; Pass      ; Inapplicable ; Inapplicable ; Pass      ; Pass      ; Inapplicable ; Pass         ; Inapplicable ; Inapplicable ; Inapplicable ; Inapplicable ; Pass         ; Inapplicable ; Inapplicable ; Inapplicable ; Inapplicable ; Pass         ; Inapplicable ; Inapplicable ; Inapplicable ; Inapplicable ; Inapplicable ; Pass      ; Inapplicable ; Inapplicable ;
; datOutRb[31]       ; Inapplicable ; Inapplicable ; Inapplicable ; Inapplicable ; Inapplicable ; Pass      ; Inapplicable ; Inapplicable ; Pass      ; Pass      ; Inapplicable ; Pass         ; Inapplicable ; Inapplicable ; Inapplicable ; Inapplicable ; Pass         ; Inapplicable ; Inapplicable ; Inapplicable ; Inapplicable ; Pass         ; Inapplicable ; Inapplicable ; Inapplicable ; Inapplicable ; Inapplicable ; Pass      ; Inapplicable ; Inapplicable ;
; rst                ; Pass         ; Inapplicable ; Pass         ; Inapplicable ; Inapplicable ; Pass      ; Pass         ; Inapplicable ; Pass      ; Pass      ; Inapplicable ; Inapplicable ; Inapplicable ; Inapplicable ; Pass         ; Inapplicable ; Inapplicable ; Pass         ; Inapplicable ; Inapplicable ; Inapplicable ; Inapplicable ; Inapplicable ; Inapplicable ; Inapplicable ; Inapplicable ; Inapplicable ; Pass      ; Inapplicable ; Inapplicable ;
; addrRa[0]          ; Pass         ; Inapplicable ; Pass         ; Inapplicable ; Inapplicable ; Pass      ; Pass         ; Inapplicable ; Pass      ; Pass      ; Inapplicable ; Inapplicable ; Inapplicable ; Inapplicable ; Pass         ; Inapplicable ; Inapplicable ; Pass         ; Inapplicable ; Inapplicable ; Inapplicable ; Inapplicable ; Inapplicable ; Inapplicable ; Inapplicable ; Inapplicable ; Inapplicable ; Pass      ; Inapplicable ; Inapplicable ;
; addrRb[0]          ; Pass         ; Inapplicable ; Pass         ; Inapplicable ; Inapplicable ; Pass      ; Pass         ; Inapplicable ; Pass      ; Pass      ; Inapplicable ; Inapplicable ; Inapplicable ; Inapplicable ; Pass         ; Inapplicable ; Inapplicable ; Pass         ; Inapplicable ; Inapplicable ; Inapplicable ; Inapplicable ; Inapplicable ; Inapplicable ; Inapplicable ; Inapplicable ; Inapplicable ; Pass      ; Inapplicable ; Inapplicable ;
; datW[0]            ; Inapplicable ; Inapplicable ; Inapplicable ; Inapplicable ; Inapplicable ; Pass      ; Inapplicable ; Inapplicable ; Pass      ; Pass      ; Inapplicable ; Inapplicable ; Inapplicable ; Inapplicable ; Pass         ; Inapplicable ; Inapplicable ; Pass         ; Inapplicable ; Inapplicable ; Inapplicable ; Inapplicable ; Inapplicable ; Inapplicable ; Inapplicable ; Inapplicable ; Inapplicable ; Pass      ; Inapplicable ; Inapplicable ;
; clk                ; Pass         ; Inapplicable ; Pass         ; Inapplicable ; Inapplicable ; Pass      ; Pass         ; Inapplicable ; Pass      ; Pass      ; Inapplicable ; Inapplicable ; Inapplicable ; Inapplicable ; Pass         ; Inapplicable ; Inapplicable ; Pass         ; Inapplicable ; Inapplicable ; Inapplicable ; Inapplicable ; Inapplicable ; Inapplicable ; Inapplicable ; Inapplicable ; Inapplicable ; Pass      ; Inapplicable ; Inapplicable ;
; addrW[0]           ; Pass         ; Inapplicable ; Pass         ; Inapplicable ; Inapplicable ; Pass      ; Pass         ; Inapplicable ; Pass      ; Pass      ; Inapplicable ; Inapplicable ; Inapplicable ; Inapplicable ; Pass         ; Inapplicable ; Inapplicable ; Pass         ; Inapplicable ; Inapplicable ; Inapplicable ; Inapplicable ; Inapplicable ; Inapplicable ; Inapplicable ; Inapplicable ; Inapplicable ; Pass      ; Inapplicable ; Inapplicable ;
; addrW[1]           ; Pass         ; Inapplicable ; Pass         ; Inapplicable ; Inapplicable ; Pass      ; Pass         ; Inapplicable ; Pass      ; Pass      ; Inapplicable ; Inapplicable ; Inapplicable ; Inapplicable ; Pass         ; Inapplicable ; Inapplicable ; Pass         ; Inapplicable ; Inapplicable ; Inapplicable ; Inapplicable ; Inapplicable ; Inapplicable ; Inapplicable ; Inapplicable ; Inapplicable ; Pass      ; Inapplicable ; Inapplicable ;
; addrW[2]           ; Pass         ; Inapplicable ; Pass         ; Inapplicable ; Inapplicable ; Pass      ; Pass         ; Inapplicable ; Pass      ; Pass      ; Inapplicable ; Inapplicable ; Inapplicable ; Inapplicable ; Pass         ; Inapplicable ; Inapplicable ; Pass         ; Inapplicable ; Inapplicable ; Inapplicable ; Inapplicable ; Inapplicable ; Inapplicable ; Inapplicable ; Inapplicable ; Inapplicable ; Pass      ; Inapplicable ; Inapplicable ;
; addrW[3]           ; Inapplicable ; Inapplicable ; Inapplicable ; Inapplicable ; Inapplicable ; Pass      ; Inapplicable ; Inapplicable ; Pass      ; Pass      ; Inapplicable ; Inapplicable ; Inapplicable ; Inapplicable ; Pass         ; Inapplicable ; Inapplicable ; Pass         ; Inapplicable ; Inapplicable ; Inapplicable ; Inapplicable ; Inapplicable ; Inapplicable ; Inapplicable ; Inapplicable ; Inapplicable ; Pass      ; Inapplicable ; Inapplicable ;
; addrW[4]           ; Inapplicable ; Inapplicable ; Inapplicable ; Inapplicable ; Inapplicable ; Pass      ; Inapplicable ; Inapplicable ; Pass      ; Pass      ; Inapplicable ; Inapplicable ; Inapplicable ; Inapplicable ; Pass         ; Inapplicable ; Inapplicable ; Pass         ; Inapplicable ; Inapplicable ; Inapplicable ; Inapplicable ; Inapplicable ; Inapplicable ; Inapplicable ; Inapplicable ; Inapplicable ; Pass      ; Inapplicable ; Inapplicable ;
; addrW[5]           ; Inapplicable ; Inapplicable ; Inapplicable ; Inapplicable ; Inapplicable ; Pass      ; Inapplicable ; Inapplicable ; Pass      ; Pass      ; Inapplicable ; Inapplicable ; Inapplicable ; Inapplicable ; Pass         ; Inapplicable ; Inapplicable ; Pass         ; Inapplicable ; Inapplicable ; Inapplicable ; Inapplicable ; Inapplicable ; Inapplicable ; Inapplicable ; Inapplicable ; Inapplicable ; Pass      ; Inapplicable ; Inapplicable ;
; addrW[6]           ; Inapplicable ; Inapplicable ; Inapplicable ; Inapplicable ; Inapplicable ; Pass      ; Inapplicable ; Inapplicable ; Pass      ; Pass      ; Inapplicable ; Inapplicable ; Inapplicable ; Inapplicable ; Pass         ; Inapplicable ; Inapplicable ; Pass         ; Inapplicable ; Inapplicable ; Inapplicable ; Inapplicable ; Inapplicable ; Inapplicable ; Inapplicable ; Inapplicable ; Inapplicable ; Pass      ; Inapplicable ; Inapplicable ;
; addrW[7]           ; Inapplicable ; Inapplicable ; Inapplicable ; Inapplicable ; Inapplicable ; Pass      ; Inapplicable ; Inapplicable ; Pass      ; Pass      ; Inapplicable ; Inapplicable ; Inapplicable ; Inapplicable ; Pass         ; Inapplicable ; Inapplicable ; Pass         ; Inapplicable ; Inapplicable ; Inapplicable ; Inapplicable ; Inapplicable ; Inapplicable ; Inapplicable ; Inapplicable ; Inapplicable ; Pass      ; Inapplicable ; Inapplicable ;
; addrW[8]           ; Inapplicable ; Inapplicable ; Inapplicable ; Inapplicable ; Inapplicable ; Pass      ; Inapplicable ; Inapplicable ; Pass      ; Pass      ; Inapplicable ; Inapplicable ; Inapplicable ; Inapplicable ; Pass         ; Inapplicable ; Inapplicable ; Pass         ; Inapplicable ; Inapplicable ; Inapplicable ; Inapplicable ; Inapplicable ; Inapplicable ; Inapplicable ; Inapplicable ; Inapplicable ; Pass      ; Inapplicable ; Inapplicable ;
; addrW[9]           ; Inapplicable ; Inapplicable ; Inapplicable ; Inapplicable ; Inapplicable ; Pass      ; Inapplicable ; Inapplicable ; Pass      ; Pass      ; Inapplicable ; Inapplicable ; Inapplicable ; Inapplicable ; Pass         ; Inapplicable ; Inapplicable ; Pass         ; Inapplicable ; Inapplicable ; Inapplicable ; Inapplicable ; Inapplicable ; Inapplicable ; Inapplicable ; Inapplicable ; Inapplicable ; Pass      ; Inapplicable ; Inapplicable ;
; addrW[10]          ; Inapplicable ; Inapplicable ; Inapplicable ; Inapplicable ; Inapplicable ; Pass      ; Inapplicable ; Inapplicable ; Pass      ; Pass      ; Inapplicable ; Inapplicable ; Inapplicable ; Inapplicable ; Pass         ; Inapplicable ; Inapplicable ; Pass         ; Inapplicable ; Inapplicable ; Inapplicable ; Inapplicable ; Inapplicable ; Inapplicable ; Inapplicable ; Inapplicable ; Inapplicable ; Pass      ; Inapplicable ; Inapplicable ;
; addrW[11]          ; Inapplicable ; Inapplicable ; Inapplicable ; Inapplicable ; Inapplicable ; Pass      ; Inapplicable ; Inapplicable ; Pass      ; Pass      ; Inapplicable ; Inapplicable ; Inapplicable ; Inapplicable ; Pass         ; Inapplicable ; Inapplicable ; Pass         ; Inapplicable ; Inapplicable ; Inapplicable ; Inapplicable ; Inapplicable ; Inapplicable ; Inapplicable ; Inapplicable ; Inapplicable ; Pass      ; Inapplicable ; Inapplicable ;
; addrW[12]          ; Inapplicable ; Inapplicable ; Inapplicable ; Inapplicable ; Inapplicable ; Pass      ; Inapplicable ; Inapplicable ; Pass      ; Pass      ; Inapplicable ; Inapplicable ; Inapplicable ; Inapplicable ; Pass         ; Inapplicable ; Inapplicable ; Pass         ; Inapplicable ; Inapplicable ; Inapplicable ; Inapplicable ; Inapplicable ; Inapplicable ; Inapplicable ; Inapplicable ; Inapplicable ; Pass      ; Inapplicable ; Inapplicable ;
; addrW[13]          ; Inapplicable ; Inapplicable ; Inapplicable ; Inapplicable ; Inapplicable ; Pass      ; Inapplicable ; Inapplicable ; Pass      ; Pass      ; Inapplicable ; Inapplicable ; Inapplicable ; Inapplicable ; Pass         ; Inapplicable ; Inapplicable ; Pass         ; Inapplicable ; Inapplicable ; Inapplicable ; Inapplicable ; Inapplicable ; Inapplicable ; Inapplicable ; Inapplicable ; Inapplicable ; Pass      ; Inapplicable ; Inapplicable ;
; addrW[14]          ; Inapplicable ; Inapplicable ; Inapplicable ; Inapplicable ; Inapplicable ; Pass      ; Inapplicable ; Inapplicable ; Pass      ; Pass      ; Inapplicable ; Inapplicable ; Inapplicable ; Inapplicable ; Pass         ; Inapplicable ; Inapplicable ; Pass         ; Inapplicable ; Inapplicable ; Inapplicable ; Inapplicable ; Inapplicable ; Inapplicable ; Inapplicable ; Inapplicable ; Inapplicable ; Pass      ; Inapplicable ; Inapplicable ;
; addrW[15]          ; Inapplicable ; Inapplicable ; Inapplicable ; Inapplicable ; Inapplicable ; Pass      ; Inapplicable ; Inapplicable ; Pass      ; Pass      ; Inapplicable ; Inapplicable ; Inapplicable ; Inapplicable ; Pass         ; Inapplicable ; Inapplicable ; Pass         ; Inapplicable ; Inapplicable ; Inapplicable ; Inapplicable ; Inapplicable ; Inapplicable ; Inapplicable ; Inapplicable ; Inapplicable ; Pass      ; Inapplicable ; Inapplicable ;
; RegWrite           ; Pass         ; Inapplicable ; Pass         ; Inapplicable ; Inapplicable ; Pass      ; Pass         ; Inapplicable ; Pass      ; Pass      ; Inapplicable ; Inapplicable ; Inapplicable ; Inapplicable ; Pass         ; Inapplicable ; Inapplicable ; Pass         ; Inapplicable ; Inapplicable ; Inapplicable ; Inapplicable ; Inapplicable ; Inapplicable ; Inapplicable ; Inapplicable ; Inapplicable ; Pass      ; Inapplicable ; Inapplicable ;
; addrW[16]          ; Inapplicable ; Inapplicable ; Inapplicable ; Inapplicable ; Inapplicable ; Pass      ; Inapplicable ; Inapplicable ; Pass      ; Pass      ; Inapplicable ; Inapplicable ; Inapplicable ; Inapplicable ; Pass         ; Inapplicable ; Inapplicable ; Pass         ; Inapplicable ; Inapplicable ; Inapplicable ; Inapplicable ; Inapplicable ; Inapplicable ; Inapplicable ; Inapplicable ; Inapplicable ; Pass      ; Inapplicable ; Inapplicable ;
; addrW[17]          ; Inapplicable ; Inapplicable ; Inapplicable ; Inapplicable ; Inapplicable ; Pass      ; Inapplicable ; Inapplicable ; Pass      ; Pass      ; Inapplicable ; Inapplicable ; Inapplicable ; Inapplicable ; Pass         ; Inapplicable ; Inapplicable ; Pass         ; Inapplicable ; Inapplicable ; Inapplicable ; Inapplicable ; Inapplicable ; Inapplicable ; Inapplicable ; Inapplicable ; Inapplicable ; Pass      ; Inapplicable ; Inapplicable ;
; addrW[18]          ; Inapplicable ; Inapplicable ; Inapplicable ; Inapplicable ; Inapplicable ; Pass      ; Inapplicable ; Inapplicable ; Pass      ; Pass      ; Inapplicable ; Inapplicable ; Inapplicable ; Inapplicable ; Pass         ; Inapplicable ; Inapplicable ; Pass         ; Inapplicable ; Inapplicable ; Inapplicable ; Inapplicable ; Inapplicable ; Inapplicable ; Inapplicable ; Inapplicable ; Inapplicable ; Pass      ; Inapplicable ; Inapplicable ;
; addrW[19]          ; Inapplicable ; Inapplicable ; Inapplicable ; Inapplicable ; Inapplicable ; Pass      ; Inapplicable ; Inapplicable ; Pass      ; Pass      ; Inapplicable ; Inapplicable ; Inapplicable ; Inapplicable ; Pass         ; Inapplicable ; Inapplicable ; Pass         ; Inapplicable ; Inapplicable ; Inapplicable ; Inapplicable ; Inapplicable ; Inapplicable ; Inapplicable ; Inapplicable ; Inapplicable ; Pass      ; Inapplicable ; Inapplicable ;
; addrW[20]          ; Inapplicable ; Inapplicable ; Inapplicable ; Inapplicable ; Inapplicable ; Pass      ; Inapplicable ; Inapplicable ; Pass      ; Pass      ; Inapplicable ; Inapplicable ; Inapplicable ; Inapplicable ; Pass         ; Inapplicable ; Inapplicable ; Pass         ; Inapplicable ; Inapplicable ; Inapplicable ; Inapplicable ; Inapplicable ; Inapplicable ; Inapplicable ; Inapplicable ; Inapplicable ; Pass      ; Inapplicable ; Inapplicable ;
; addrW[21]          ; Inapplicable ; Inapplicable ; Inapplicable ; Inapplicable ; Inapplicable ; Pass      ; Inapplicable ; Inapplicable ; Pass      ; Pass      ; Inapplicable ; Inapplicable ; Inapplicable ; Inapplicable ; Pass         ; Inapplicable ; Inapplicable ; Pass         ; Inapplicable ; Inapplicable ; Inapplicable ; Inapplicable ; Inapplicable ; Inapplicable ; Inapplicable ; Inapplicable ; Inapplicable ; Pass      ; Inapplicable ; Inapplicable ;
; addrW[22]          ; Inapplicable ; Inapplicable ; Inapplicable ; Inapplicable ; Inapplicable ; Pass      ; Inapplicable ; Inapplicable ; Pass      ; Pass      ; Inapplicable ; Inapplicable ; Inapplicable ; Inapplicable ; Pass         ; Inapplicable ; Inapplicable ; Pass         ; Inapplicable ; Inapplicable ; Inapplicable ; Inapplicable ; Inapplicable ; Inapplicable ; Inapplicable ; Inapplicable ; Inapplicable ; Pass      ; Inapplicable ; Inapplicable ;
; addrW[23]          ; Inapplicable ; Inapplicable ; Inapplicable ; Inapplicable ; Inapplicable ; Pass      ; Inapplicable ; Inapplicable ; Pass      ; Pass      ; Inapplicable ; Inapplicable ; Inapplicable ; Inapplicable ; Pass         ; Inapplicable ; Inapplicable ; Pass         ; Inapplicable ; Inapplicable ; Inapplicable ; Inapplicable ; Inapplicable ; Inapplicable ; Inapplicable ; Inapplicable ; Inapplicable ; Pass      ; Inapplicable ; Inapplicable ;
; addrW[24]          ; Inapplicable ; Inapplicable ; Inapplicable ; Inapplicable ; Inapplicable ; Pass      ; Inapplicable ; Inapplicable ; Pass      ; Pass      ; Inapplicable ; Inapplicable ; Inapplicable ; Inapplicable ; Pass         ; Inapplicable ; Inapplicable ; Pass         ; Inapplicable ; Inapplicable ; Inapplicable ; Inapplicable ; Inapplicable ; Inapplicable ; Inapplicable ; Inapplicable ; Inapplicable ; Pass      ; Inapplicable ; Inapplicable ;
; addrW[25]          ; Inapplicable ; Inapplicable ; Inapplicable ; Inapplicable ; Inapplicable ; Pass      ; Inapplicable ; Inapplicable ; Pass      ; Pass      ; Inapplicable ; Inapplicable ; Inapplicable ; Inapplicable ; Pass         ; Inapplicable ; Inapplicable ; Pass         ; Inapplicable ; Inapplicable ; Inapplicable ; Inapplicable ; Inapplicable ; Inapplicable ; Inapplicable ; Inapplicable ; Inapplicable ; Pass      ; Inapplicable ; Inapplicable ;
; addrW[26]          ; Inapplicable ; Inapplicable ; Inapplicable ; Inapplicable ; Inapplicable ; Pass      ; Inapplicable ; Inapplicable ; Pass      ; Pass      ; Inapplicable ; Inapplicable ; Inapplicable ; Inapplicable ; Pass         ; Inapplicable ; Inapplicable ; Pass         ; Inapplicable ; Inapplicable ; Inapplicable ; Inapplicable ; Inapplicable ; Inapplicable ; Inapplicable ; Inapplicable ; Inapplicable ; Pass      ; Inapplicable ; Inapplicable ;
; addrW[27]          ; Inapplicable ; Inapplicable ; Inapplicable ; Inapplicable ; Inapplicable ; Pass      ; Inapplicable ; Inapplicable ; Pass      ; Pass      ; Inapplicable ; Inapplicable ; Inapplicable ; Inapplicable ; Pass         ; Inapplicable ; Inapplicable ; Pass         ; Inapplicable ; Inapplicable ; Inapplicable ; Inapplicable ; Inapplicable ; Inapplicable ; Inapplicable ; Inapplicable ; Inapplicable ; Pass      ; Inapplicable ; Inapplicable ;
; addrW[28]          ; Inapplicable ; Inapplicable ; Inapplicable ; Inapplicable ; Inapplicable ; Pass      ; Inapplicable ; Inapplicable ; Pass      ; Pass      ; Inapplicable ; Inapplicable ; Inapplicable ; Inapplicable ; Pass         ; Inapplicable ; Inapplicable ; Pass         ; Inapplicable ; Inapplicable ; Inapplicable ; Inapplicable ; Inapplicable ; Inapplicable ; Inapplicable ; Inapplicable ; Inapplicable ; Pass      ; Inapplicable ; Inapplicable ;
; addrW[29]          ; Inapplicable ; Inapplicable ; Inapplicable ; Inapplicable ; Inapplicable ; Pass      ; Inapplicable ; Inapplicable ; Pass      ; Pass      ; Inapplicable ; Inapplicable ; Inapplicable ; Inapplicable ; Pass         ; Inapplicable ; Inapplicable ; Pass         ; Inapplicable ; Inapplicable ; Inapplicable ; Inapplicable ; Inapplicable ; Inapplicable ; Inapplicable ; Inapplicable ; Inapplicable ; Pass      ; Inapplicable ; Inapplicable ;
; addrW[30]          ; Inapplicable ; Inapplicable ; Inapplicable ; Inapplicable ; Inapplicable ; Pass      ; Inapplicable ; Inapplicable ; Pass      ; Pass      ; Inapplicable ; Inapplicable ; Inapplicable ; Inapplicable ; Pass         ; Inapplicable ; Inapplicable ; Pass         ; Inapplicable ; Inapplicable ; Inapplicable ; Inapplicable ; Inapplicable ; Inapplicable ; Inapplicable ; Inapplicable ; Inapplicable ; Pass      ; Inapplicable ; Inapplicable ;
; addrW[31]          ; Inapplicable ; Inapplicable ; Inapplicable ; Inapplicable ; Inapplicable ; Pass      ; Inapplicable ; Inapplicable ; Pass      ; Pass      ; Inapplicable ; Inapplicable ; Inapplicable ; Inapplicable ; Pass         ; Inapplicable ; Inapplicable ; Pass         ; Inapplicable ; Inapplicable ; Inapplicable ; Inapplicable ; Inapplicable ; Inapplicable ; Inapplicable ; Inapplicable ; Inapplicable ; Pass      ; Inapplicable ; Inapplicable ;
; datW[1]            ; Inapplicable ; Inapplicable ; Inapplicable ; Inapplicable ; Inapplicable ; Pass      ; Inapplicable ; Inapplicable ; Pass      ; Pass      ; Inapplicable ; Inapplicable ; Inapplicable ; Inapplicable ; Pass         ; Inapplicable ; Inapplicable ; Pass         ; Inapplicable ; Inapplicable ; Inapplicable ; Inapplicable ; Inapplicable ; Inapplicable ; Inapplicable ; Inapplicable ; Inapplicable ; Pass      ; Inapplicable ; Inapplicable ;
; datW[2]            ; Inapplicable ; Inapplicable ; Inapplicable ; Inapplicable ; Inapplicable ; Pass      ; Inapplicable ; Inapplicable ; Pass      ; Pass      ; Inapplicable ; Inapplicable ; Inapplicable ; Inapplicable ; Pass         ; Inapplicable ; Inapplicable ; Pass         ; Inapplicable ; Inapplicable ; Inapplicable ; Inapplicable ; Inapplicable ; Inapplicable ; Inapplicable ; Inapplicable ; Inapplicable ; Pass      ; Inapplicable ; Inapplicable ;
; datW[3]            ; Inapplicable ; Inapplicable ; Inapplicable ; Inapplicable ; Inapplicable ; Pass      ; Inapplicable ; Inapplicable ; Pass      ; Pass      ; Inapplicable ; Inapplicable ; Inapplicable ; Inapplicable ; Pass         ; Inapplicable ; Inapplicable ; Pass         ; Inapplicable ; Inapplicable ; Inapplicable ; Inapplicable ; Inapplicable ; Inapplicable ; Inapplicable ; Inapplicable ; Inapplicable ; Pass      ; Inapplicable ; Inapplicable ;
; datW[4]            ; Inapplicable ; Inapplicable ; Inapplicable ; Inapplicable ; Inapplicable ; Pass      ; Inapplicable ; Inapplicable ; Pass      ; Pass      ; Inapplicable ; Inapplicable ; Inapplicable ; Inapplicable ; Pass         ; Inapplicable ; Inapplicable ; Pass         ; Inapplicable ; Inapplicable ; Inapplicable ; Inapplicable ; Inapplicable ; Inapplicable ; Inapplicable ; Inapplicable ; Inapplicable ; Pass      ; Inapplicable ; Inapplicable ;
; datW[5]            ; Inapplicable ; Inapplicable ; Inapplicable ; Inapplicable ; Inapplicable ; Pass      ; Inapplicable ; Inapplicable ; Pass      ; Pass      ; Inapplicable ; Inapplicable ; Inapplicable ; Inapplicable ; Pass         ; Inapplicable ; Inapplicable ; Pass         ; Inapplicable ; Inapplicable ; Inapplicable ; Inapplicable ; Inapplicable ; Inapplicable ; Inapplicable ; Inapplicable ; Inapplicable ; Pass      ; Inapplicable ; Inapplicable ;
; datW[6]            ; Inapplicable ; Inapplicable ; Inapplicable ; Inapplicable ; Inapplicable ; Pass      ; Inapplicable ; Inapplicable ; Pass      ; Pass      ; Inapplicable ; Inapplicable ; Inapplicable ; Inapplicable ; Pass         ; Inapplicable ; Inapplicable ; Pass         ; Inapplicable ; Inapplicable ; Inapplicable ; Inapplicable ; Inapplicable ; Inapplicable ; Inapplicable ; Inapplicable ; Inapplicable ; Pass      ; Inapplicable ; Inapplicable ;
; datW[7]            ; Inapplicable ; Inapplicable ; Inapplicable ; Inapplicable ; Inapplicable ; Pass      ; Inapplicable ; Inapplicable ; Pass      ; Pass      ; Inapplicable ; Inapplicable ; Inapplicable ; Inapplicable ; Pass         ; Inapplicable ; Inapplicable ; Pass         ; Inapplicable ; Inapplicable ; Inapplicable ; Inapplicable ; Inapplicable ; Inapplicable ; Inapplicable ; Inapplicable ; Inapplicable ; Pass      ; Inapplicable ; Inapplicable ;
; datW[8]            ; Inapplicable ; Inapplicable ; Inapplicable ; Inapplicable ; Inapplicable ; Pass      ; Inapplicable ; Inapplicable ; Pass      ; Pass      ; Inapplicable ; Inapplicable ; Inapplicable ; Inapplicable ; Pass         ; Inapplicable ; Inapplicable ; Pass         ; Inapplicable ; Inapplicable ; Inapplicable ; Inapplicable ; Inapplicable ; Inapplicable ; Inapplicable ; Inapplicable ; Inapplicable ; Pass      ; Inapplicable ; Inapplicable ;
; datW[9]            ; Inapplicable ; Inapplicable ; Inapplicable ; Inapplicable ; Inapplicable ; Pass      ; Inapplicable ; Inapplicable ; Pass      ; Pass      ; Inapplicable ; Inapplicable ; Inapplicable ; Inapplicable ; Pass         ; Inapplicable ; Inapplicable ; Pass         ; Inapplicable ; Inapplicable ; Inapplicable ; Inapplicable ; Inapplicable ; Inapplicable ; Inapplicable ; Inapplicable ; Inapplicable ; Pass      ; Inapplicable ; Inapplicable ;
; datW[10]           ; Inapplicable ; Inapplicable ; Inapplicable ; Inapplicable ; Inapplicable ; Pass      ; Inapplicable ; Inapplicable ; Pass      ; Pass      ; Inapplicable ; Inapplicable ; Inapplicable ; Inapplicable ; Pass         ; Inapplicable ; Inapplicable ; Pass         ; Inapplicable ; Inapplicable ; Inapplicable ; Inapplicable ; Inapplicable ; Inapplicable ; Inapplicable ; Inapplicable ; Inapplicable ; Pass      ; Inapplicable ; Inapplicable ;
; datW[11]           ; Inapplicable ; Inapplicable ; Inapplicable ; Inapplicable ; Inapplicable ; Pass      ; Inapplicable ; Inapplicable ; Pass      ; Pass      ; Inapplicable ; Inapplicable ; Inapplicable ; Inapplicable ; Pass         ; Inapplicable ; Inapplicable ; Pass         ; Inapplicable ; Inapplicable ; Inapplicable ; Inapplicable ; Inapplicable ; Inapplicable ; Inapplicable ; Inapplicable ; Inapplicable ; Pass      ; Inapplicable ; Inapplicable ;
; datW[12]           ; Inapplicable ; Inapplicable ; Inapplicable ; Inapplicable ; Inapplicable ; Pass      ; Inapplicable ; Inapplicable ; Pass      ; Pass      ; Inapplicable ; Inapplicable ; Inapplicable ; Inapplicable ; Pass         ; Inapplicable ; Inapplicable ; Pass         ; Inapplicable ; Inapplicable ; Inapplicable ; Inapplicable ; Inapplicable ; Inapplicable ; Inapplicable ; Inapplicable ; Inapplicable ; Pass      ; Inapplicable ; Inapplicable ;
; datW[13]           ; Inapplicable ; Inapplicable ; Inapplicable ; Inapplicable ; Inapplicable ; Pass      ; Inapplicable ; Inapplicable ; Pass      ; Pass      ; Inapplicable ; Inapplicable ; Inapplicable ; Inapplicable ; Pass         ; Inapplicable ; Inapplicable ; Pass         ; Inapplicable ; Inapplicable ; Inapplicable ; Inapplicable ; Inapplicable ; Inapplicable ; Inapplicable ; Inapplicable ; Inapplicable ; Pass      ; Inapplicable ; Inapplicable ;
; datW[14]           ; Inapplicable ; Inapplicable ; Inapplicable ; Inapplicable ; Inapplicable ; Pass      ; Inapplicable ; Inapplicable ; Pass      ; Pass      ; Inapplicable ; Inapplicable ; Inapplicable ; Inapplicable ; Pass         ; Inapplicable ; Inapplicable ; Pass         ; Inapplicable ; Inapplicable ; Inapplicable ; Inapplicable ; Inapplicable ; Inapplicable ; Inapplicable ; Inapplicable ; Inapplicable ; Pass      ; Inapplicable ; Inapplicable ;
; datW[15]           ; Inapplicable ; Inapplicable ; Inapplicable ; Inapplicable ; Inapplicable ; Pass      ; Inapplicable ; Inapplicable ; Pass      ; Pass      ; Inapplicable ; Inapplicable ; Inapplicable ; Inapplicable ; Pass         ; Inapplicable ; Inapplicable ; Pass         ; Inapplicable ; Inapplicable ; Inapplicable ; Inapplicable ; Inapplicable ; Inapplicable ; Inapplicable ; Inapplicable ; Inapplicable ; Pass      ; Inapplicable ; Inapplicable ;
; datW[16]           ; Inapplicable ; Inapplicable ; Inapplicable ; Inapplicable ; Inapplicable ; Pass      ; Inapplicable ; Inapplicable ; Pass      ; Pass      ; Inapplicable ; Inapplicable ; Inapplicable ; Inapplicable ; Pass         ; Inapplicable ; Inapplicable ; Pass         ; Inapplicable ; Inapplicable ; Inapplicable ; Inapplicable ; Inapplicable ; Inapplicable ; Inapplicable ; Inapplicable ; Inapplicable ; Pass      ; Inapplicable ; Inapplicable ;
; datW[17]           ; Inapplicable ; Inapplicable ; Inapplicable ; Inapplicable ; Inapplicable ; Pass      ; Inapplicable ; Inapplicable ; Pass      ; Pass      ; Inapplicable ; Inapplicable ; Inapplicable ; Inapplicable ; Pass         ; Inapplicable ; Inapplicable ; Pass         ; Inapplicable ; Inapplicable ; Inapplicable ; Inapplicable ; Inapplicable ; Inapplicable ; Inapplicable ; Inapplicable ; Inapplicable ; Pass      ; Inapplicable ; Inapplicable ;
; datW[18]           ; Inapplicable ; Inapplicable ; Inapplicable ; Inapplicable ; Inapplicable ; Pass      ; Inapplicable ; Inapplicable ; Pass      ; Pass      ; Inapplicable ; Inapplicable ; Inapplicable ; Inapplicable ; Pass         ; Inapplicable ; Inapplicable ; Pass         ; Inapplicable ; Inapplicable ; Inapplicable ; Inapplicable ; Inapplicable ; Inapplicable ; Inapplicable ; Inapplicable ; Inapplicable ; Pass      ; Inapplicable ; Inapplicable ;
; datW[19]           ; Inapplicable ; Inapplicable ; Inapplicable ; Inapplicable ; Inapplicable ; Pass      ; Inapplicable ; Inapplicable ; Pass      ; Pass      ; Inapplicable ; Inapplicable ; Inapplicable ; Inapplicable ; Pass         ; Inapplicable ; Inapplicable ; Pass         ; Inapplicable ; Inapplicable ; Inapplicable ; Inapplicable ; Inapplicable ; Inapplicable ; Inapplicable ; Inapplicable ; Inapplicable ; Pass      ; Inapplicable ; Inapplicable ;
; datW[20]           ; Inapplicable ; Inapplicable ; Inapplicable ; Inapplicable ; Inapplicable ; Pass      ; Inapplicable ; Inapplicable ; Pass      ; Pass      ; Inapplicable ; Inapplicable ; Inapplicable ; Inapplicable ; Pass         ; Inapplicable ; Inapplicable ; Pass         ; Inapplicable ; Inapplicable ; Inapplicable ; Inapplicable ; Inapplicable ; Inapplicable ; Inapplicable ; Inapplicable ; Inapplicable ; Pass      ; Inapplicable ; Inapplicable ;
; datW[21]           ; Inapplicable ; Inapplicable ; Inapplicable ; Inapplicable ; Inapplicable ; Pass      ; Inapplicable ; Inapplicable ; Pass      ; Pass      ; Inapplicable ; Inapplicable ; Inapplicable ; Inapplicable ; Pass         ; Inapplicable ; Inapplicable ; Pass         ; Inapplicable ; Inapplicable ; Inapplicable ; Inapplicable ; Inapplicable ; Inapplicable ; Inapplicable ; Inapplicable ; Inapplicable ; Pass      ; Inapplicable ; Inapplicable ;
; datW[22]           ; Inapplicable ; Inapplicable ; Inapplicable ; Inapplicable ; Inapplicable ; Pass      ; Inapplicable ; Inapplicable ; Pass      ; Pass      ; Inapplicable ; Inapplicable ; Inapplicable ; Inapplicable ; Pass         ; Inapplicable ; Inapplicable ; Pass         ; Inapplicable ; Inapplicable ; Inapplicable ; Inapplicable ; Inapplicable ; Inapplicable ; Inapplicable ; Inapplicable ; Inapplicable ; Pass      ; Inapplicable ; Inapplicable ;
; datW[23]           ; Inapplicable ; Inapplicable ; Inapplicable ; Inapplicable ; Inapplicable ; Pass      ; Inapplicable ; Inapplicable ; Pass      ; Pass      ; Inapplicable ; Inapplicable ; Inapplicable ; Inapplicable ; Pass         ; Inapplicable ; Inapplicable ; Pass         ; Inapplicable ; Inapplicable ; Inapplicable ; Inapplicable ; Inapplicable ; Inapplicable ; Inapplicable ; Inapplicable ; Inapplicable ; Pass      ; Inapplicable ; Inapplicable ;
; datW[24]           ; Inapplicable ; Inapplicable ; Inapplicable ; Inapplicable ; Inapplicable ; Pass      ; Inapplicable ; Inapplicable ; Pass      ; Pass      ; Inapplicable ; Inapplicable ; Inapplicable ; Inapplicable ; Pass         ; Inapplicable ; Inapplicable ; Pass         ; Inapplicable ; Inapplicable ; Inapplicable ; Inapplicable ; Inapplicable ; Inapplicable ; Inapplicable ; Inapplicable ; Inapplicable ; Pass      ; Inapplicable ; Inapplicable ;
; datW[25]           ; Inapplicable ; Inapplicable ; Inapplicable ; Inapplicable ; Inapplicable ; Pass      ; Inapplicable ; Inapplicable ; Pass      ; Pass      ; Inapplicable ; Inapplicable ; Inapplicable ; Inapplicable ; Pass         ; Inapplicable ; Inapplicable ; Pass         ; Inapplicable ; Inapplicable ; Inapplicable ; Inapplicable ; Inapplicable ; Inapplicable ; Inapplicable ; Inapplicable ; Inapplicable ; Pass      ; Inapplicable ; Inapplicable ;
; datW[26]           ; Inapplicable ; Inapplicable ; Inapplicable ; Inapplicable ; Inapplicable ; Pass      ; Inapplicable ; Inapplicable ; Pass      ; Pass      ; Inapplicable ; Inapplicable ; Inapplicable ; Inapplicable ; Pass         ; Inapplicable ; Inapplicable ; Pass         ; Inapplicable ; Inapplicable ; Inapplicable ; Inapplicable ; Inapplicable ; Inapplicable ; Inapplicable ; Inapplicable ; Inapplicable ; Pass      ; Inapplicable ; Inapplicable ;
; datW[27]           ; Inapplicable ; Inapplicable ; Inapplicable ; Inapplicable ; Inapplicable ; Pass      ; Inapplicable ; Inapplicable ; Pass      ; Pass      ; Inapplicable ; Inapplicable ; Inapplicable ; Inapplicable ; Pass         ; Inapplicable ; Inapplicable ; Pass         ; Inapplicable ; Inapplicable ; Inapplicable ; Inapplicable ; Inapplicable ; Inapplicable ; Inapplicable ; Inapplicable ; Inapplicable ; Pass      ; Inapplicable ; Inapplicable ;
; datW[28]           ; Inapplicable ; Inapplicable ; Inapplicable ; Inapplicable ; Inapplicable ; Pass      ; Inapplicable ; Inapplicable ; Pass      ; Pass      ; Inapplicable ; Inapplicable ; Inapplicable ; Inapplicable ; Pass         ; Inapplicable ; Inapplicable ; Pass         ; Inapplicable ; Inapplicable ; Inapplicable ; Inapplicable ; Inapplicable ; Inapplicable ; Inapplicable ; Inapplicable ; Inapplicable ; Pass      ; Inapplicable ; Inapplicable ;
; datW[29]           ; Inapplicable ; Inapplicable ; Inapplicable ; Inapplicable ; Inapplicable ; Pass      ; Inapplicable ; Inapplicable ; Pass      ; Pass      ; Inapplicable ; Inapplicable ; Inapplicable ; Inapplicable ; Pass         ; Inapplicable ; Inapplicable ; Pass         ; Inapplicable ; Inapplicable ; Inapplicable ; Inapplicable ; Inapplicable ; Inapplicable ; Inapplicable ; Inapplicable ; Inapplicable ; Pass      ; Inapplicable ; Inapplicable ;
; datW[30]           ; Inapplicable ; Inapplicable ; Inapplicable ; Inapplicable ; Inapplicable ; Pass      ; Inapplicable ; Inapplicable ; Pass      ; Pass      ; Inapplicable ; Inapplicable ; Inapplicable ; Inapplicable ; Pass         ; Inapplicable ; Inapplicable ; Pass         ; Inapplicable ; Inapplicable ; Inapplicable ; Inapplicable ; Inapplicable ; Inapplicable ; Inapplicable ; Inapplicable ; Inapplicable ; Pass      ; Inapplicable ; Inapplicable ;
; datW[31]           ; Inapplicable ; Inapplicable ; Inapplicable ; Inapplicable ; Inapplicable ; Pass      ; Inapplicable ; Inapplicable ; Pass      ; Pass      ; Inapplicable ; Inapplicable ; Inapplicable ; Inapplicable ; Pass         ; Inapplicable ; Inapplicable ; Pass         ; Inapplicable ; Inapplicable ; Inapplicable ; Inapplicable ; Inapplicable ; Inapplicable ; Inapplicable ; Inapplicable ; Inapplicable ; Pass      ; Inapplicable ; Inapplicable ;
+--------------------+--------------+--------------+--------------+--------------+--------------+-----------+--------------+--------------+-----------+-----------+--------------+--------------+--------------+--------------+--------------+--------------+--------------+--------------+--------------+--------------+--------------+--------------+--------------+--------------+--------------+--------------+--------------+-----------+--------------+--------------+


+-------------------------------------------------------------------------------------------+
; Fitter Device Options                                                                     ;
+------------------------------------------------------------------+------------------------+
; Option                                                           ; Setting                ;
+------------------------------------------------------------------+------------------------+
; Enable user-supplied start-up clock (CLKUSR)                     ; Off                    ;
; Enable device-wide reset (DEV_CLRn)                              ; Off                    ;
; Enable device-wide output enable (DEV_OE)                        ; Off                    ;
; Enable INIT_DONE output                                          ; Off                    ;
; Configuration scheme                                             ; Internal Configuration ;
; Enable Error Detection CRC_ERROR pin                             ; Off                    ;
; Enable open drain on CRC_ERROR pin                               ; Off                    ;
; Enable nCONFIG, nSTATUS, and CONF_DONE pins                      ; On                     ;
; Enable JTAG pin sharing                                          ; Off                    ;
; Enable nCE pin                                                   ; Off                    ;
; Enable CONFIG_SEL pin                                            ; On                     ;
; Enable input tri-state on active configuration pins in user mode ; Off                    ;
; Configuration Voltage Level                                      ; Auto                   ;
; Force Configuration Voltage Level                                ; Off                    ;
; Data[0]                                                          ; Unreserved             ;
; Data[1]/ASDO                                                     ; Unreserved             ;
; FLASH_nCE/nCSO                                                   ; Unreserved             ;
; DCLK                                                             ; Unreserved             ;
+------------------------------------------------------------------+------------------------+


+------------------------------------+
; Operating Settings and Conditions  ;
+---------------------------+--------+
; Setting                   ; Value  ;
+---------------------------+--------+
; Nominal Core Voltage      ; 1.20 V ;
; Low Junction Temperature  ; 0 °C   ;
; High Junction Temperature ; 85 °C  ;
+---------------------------+--------+


+-----------------+
; Fitter Messages ;
+-----------------+
Warning (18236): Number of processors has not been specified which may cause overloading on shared machines.  Set the global assignment NUM_PARALLEL_PROCESSORS in your QSF to an appropriate value for best performance.
Info (20030): Parallel compilation is enabled and will use 2 of the 2 processors detected
Info (119006): Selected device 10M50DAF484C7G for design "banco_registros"
Info (21077): Low junction temperature is 0 degrees C
Info (21077): High junction temperature is 85 degrees C
Info (171003): Fitter is performing an Auto Fit compilation, which may decrease Fitter effort to reduce compilation time
Warning (292013): Feature LogicLock is only available with a valid subscription license. You can purchase a software subscription to gain full access to this feature.
Info (176444): Device migration not selected. If you intend to use device migration later, you may need to change the pin assignments as they may be incompatible with other devices
    Info (176445): Device 10M08DAF484I7G is compatible
    Info (176445): Device 10M08DAF484I7P is compatible
    Info (176445): Device 10M16DAF484A7G is compatible
    Info (176445): Device 10M16DAF484C7G is compatible
    Info (176445): Device 10M16DAF484I7G is compatible
    Info (176445): Device 10M16DAF484I7P is compatible
    Info (176445): Device 10M25DAF484A7G is compatible
    Info (176445): Device 10M25DAF484C7G is compatible
    Info (176445): Device 10M25DAF484I7G is compatible
    Info (176445): Device 10M50DAF484I7G is compatible
    Info (176445): Device 10M50DAF484I7P is compatible
    Info (176445): Device 10M40DAF484C7G is compatible
    Info (176445): Device 10M40DAF484I7G is compatible
Info (169124): Fitter converted 8 user pins into dedicated programming pins
    Info (169125): Pin ~ALTERA_TMS~ is reserved at location H2
    Info (169125): Pin ~ALTERA_TCK~ is reserved at location G2
    Info (169125): Pin ~ALTERA_TDI~ is reserved at location L4
    Info (169125): Pin ~ALTERA_TDO~ is reserved at location M5
    Info (169125): Pin ~ALTERA_CONFIG_SEL~ is reserved at location H10
    Info (169125): Pin ~ALTERA_nCONFIG~ is reserved at location H9
    Info (169125): Pin ~ALTERA_nSTATUS~ is reserved at location G9
    Info (169125): Pin ~ALTERA_CONF_DONE~ is reserved at location F8
Info (169141): DATA[0] dual-purpose pin not reserved
Info (12825): Data[1]/ASDO dual-purpose pin not reserved
Info (12825): nCSO dual-purpose pin not reserved
Info (12825): DCLK dual-purpose pin not reserved
Warning (15714): Some pins have incomplete I/O assignments. Refer to the I/O Assignment Warnings report for details
Critical Warning (169085): No exact pin location assignment(s) for 177 pins of 195 total pins. For the list of pins please refer to the I/O Assignment Warnings table in the fitter report.
Critical Warning (332012): Synopsys Design Constraints File file not found: 'banco_registros.sdc'. A Synopsys Design Constraints File is required by the Timing Analyzer to get proper timing constraints. Without it, the Compiler will not properly optimize the design.
Info (332144): No user constrained base clocks found in the design
Info (332143): No user constrained clock uncertainty found in the design. Calling "derive_clock_uncertainty"
Info (332154): The derive_clock_uncertainty command did not apply clock uncertainty to any clock-to-clock transfers.
Info (332130): Timing requirements not specified -- quality metrics such as performance may be sacrificed to reduce compilation time.
Info (176353): Automatically promoted node clk~input (placed in PIN P11 (CLK7p, DIFFIO_TX_RX_B20p, DIFFOUT_B20p, High_Speed)) File: D:/Users/JuanDavidMedellinC/Downloads/proyectosQuartus/banco_registros/banco_registros.v Line: 16
    Info (176355): Automatically promoted destinations to use location or clock signal Global Clock CLKCTRL_G19
Info (176233): Starting register packing
Info (176235): Finished register packing
    Extra Info (176219): No registers were packed into other blocks
Info (176214): Statistics of I/O pins that need to be placed that use the same VCCIO and VREF, before I/O pin placement
    Info (176211): Number of I/O pins in group: 177 (unused VREF, 2.5V VCCIO, 119 input, 58 output, 0 bidirectional)
        Info (176212): I/O standards used: 2.5 V.
Info (176215): I/O bank details before I/O pin placement
    Info (176214): Statistics of I/O banks
        Info (176213): I/O bank number 1A does not use VREF pins and has undetermined VCCIO pins. 0 total pin(s) used --  16 pins available
        Info (176213): I/O bank number 1B does not use VREF pins and has undetermined VCCIO pins. 4 total pin(s) used --  20 pins available
        Info (176213): I/O bank number 2 does not use VREF pins and has undetermined VCCIO pins. 0 total pin(s) used --  36 pins available
        Info (176213): I/O bank number 3 does not use VREF pins and has undetermined VCCIO pins. 1 total pin(s) used --  47 pins available
        Info (176213): I/O bank number 4 does not use VREF pins and has undetermined VCCIO pins. 0 total pin(s) used --  48 pins available
        Info (176213): I/O bank number 5 does not use VREF pins and has undetermined VCCIO pins. 0 total pin(s) used --  40 pins available
        Info (176213): I/O bank number 6 does not use VREF pins and has undetermined VCCIO pins. 0 total pin(s) used --  60 pins available
        Info (176213): I/O bank number 7 does not use VREF pins and has 2.5V VCCIO pins. 17 total pin(s) used --  35 pins available
        Info (176213): I/O bank number 8 does not use VREF pins and has undetermined VCCIO pins. 4 total pin(s) used --  32 pins available
Info (171121): Fitter preparation operations ending: elapsed time is 00:00:02
Info (14896): Fitter has disabled Advanced Physical Optimization because it is not supported for the current family.
Info (170189): Fitter placement preparation operations beginning
Info (170190): Fitter placement preparation operations ending: elapsed time is 00:00:00
Info (170191): Fitter placement operations beginning
Info (170137): Fitter placement was successful
Info (170192): Fitter placement operations ending: elapsed time is 00:00:06
Info (170193): Fitter routing operations beginning
Info (170195): Router estimated average interconnect usage is 0% of the available device resources
    Info (170196): Router estimated peak interconnect usage is 1% of the available device resources in the region that extends from location X33_Y33 to location X44_Y43
Info (170199): The Fitter performed an Auto Fit compilation.  Optimizations were skipped to reduce compilation time.
    Info (170201): Optimizations that may affect the design's routability were skipped
    Info (170200): Optimizations that may affect the design's timing were skipped
Info (170194): Fitter routing operations ending: elapsed time is 00:00:00
Info (11888): Total time spent on timing analysis during the Fitter is 0.05 seconds.
Info (334003): Started post-fitting delay annotation
Info (334004): Delay annotation completed successfully
Info (334003): Started post-fitting delay annotation
Info (334004): Delay annotation completed successfully
Info (11218): Fitter post-fit operations ending: elapsed time is 00:00:02
Info (144001): Generated suppressed messages file D:/Users/JuanDavidMedellinC/Downloads/proyectosQuartus/banco_registros/output_files/banco_registros.fit.smsg
Info: Quartus Prime Fitter was successful. 0 errors, 5 warnings
    Info: Peak virtual memory: 5375 megabytes
    Info: Processing ended: Thu Oct 24 13:53:43 2024
    Info: Elapsed time: 00:00:17
    Info: Total CPU time (on all processors): 00:00:20


+----------------------------+
; Fitter Suppressed Messages ;
+----------------------------+
The suppressed messages can be found in D:/Users/JuanDavidMedellinC/Downloads/proyectosQuartus/banco_registros/output_files/banco_registros.fit.smsg.


