Timing Analyzer report for mips_suma
Thu Oct 24 14:06:06 2024
Quartus Prime Version 22.1std.1 Build 917 02/14/2023 SC Lite Edition


---------------------
; Table of Contents ;
---------------------
  1. Legal Notice
  2. Timing Analyzer Summary
  3. Parallel Compilation
  4. Clocks
  5. Slow 1200mV 85C Model Fmax Summary
  6. Slow 1200mV 85C Model Setup Summary
  7. Slow 1200mV 85C Model Hold Summary
  8. Slow 1200mV 85C Model Recovery Summary
  9. Slow 1200mV 85C Model Removal Summary
 10. Slow 1200mV 85C Model Minimum Pulse Width Summary
 11. Slow 1200mV 85C Model Metastability Summary
 12. Slow 1200mV 0C Model Fmax Summary
 13. Slow 1200mV 0C Model Setup Summary
 14. Slow 1200mV 0C Model Hold Summary
 15. Slow 1200mV 0C Model Recovery Summary
 16. Slow 1200mV 0C Model Removal Summary
 17. Slow 1200mV 0C Model Minimum Pulse Width Summary
 18. Slow 1200mV 0C Model Metastability Summary
 19. Fast 1200mV 0C Model Setup Summary
 20. Fast 1200mV 0C Model Hold Summary
 21. Fast 1200mV 0C Model Recovery Summary
 22. Fast 1200mV 0C Model Removal Summary
 23. Fast 1200mV 0C Model Minimum Pulse Width Summary
 24. Fast 1200mV 0C Model Metastability Summary
 25. Multicorner Timing Analysis Summary
 26. Board Trace Model Assignments
 27. Input Transition Times
 28. Signal Integrity Metrics (Slow 1200mv 0c Model)
 29. Signal Integrity Metrics (Slow 1200mv 85c Model)
 30. Signal Integrity Metrics (Fast 1200mv 0c Model)
 31. Setup Transfers
 32. Hold Transfers
 33. Report TCCS
 34. Report RSKM
 35. Unconstrained Paths Summary
 36. Clock Status Summary
 37. Unconstrained Input Ports
 38. Unconstrained Output Ports
 39. Unconstrained Input Ports
 40. Unconstrained Output Ports
 41. Timing Analyzer Messages



----------------
; Legal Notice ;
----------------
Copyright (C) 2023  Intel Corporation. All rights reserved.
Your use of Intel Corporation's design tools, logic functions 
and other software and tools, and any partner logic 
functions, and any output files from any of the foregoing 
(including device programming or simulation files), and any 
associated documentation or information are expressly subject 
to the terms and conditions of the Intel Program License 
Subscription Agreement, the Intel Quartus Prime License Agreement,
the Intel FPGA IP License Agreement, or other applicable license
agreement, including, without limitation, that your use is for
the sole purpose of programming logic devices manufactured by
Intel and sold by Intel or its authorized distributors.  Please
refer to the applicable agreement for further details, at
https://fpgasoftware.intel.com/eula.



+--------------------------------------------------------------------------------+
; Timing Analyzer Summary                                                        ;
+-----------------------+--------------------------------------------------------+
; Quartus Prime Version ; Version 22.1std.1 Build 917 02/14/2023 SC Lite Edition ;
; Timing Analyzer       ; Legacy Timing Analyzer                                 ;
; Revision Name         ; mips_suma                                              ;
; Device Family         ; MAX 10                                                 ;
; Device Name           ; 10M50DAF484C7G                                         ;
; Timing Models         ; Final                                                  ;
; Delay Model           ; Combined                                               ;
; Rise/Fall Delays      ; Enabled                                                ;
+-----------------------+--------------------------------------------------------+


+------------------------------------------+
; Parallel Compilation                     ;
+----------------------------+-------------+
; Processors                 ; Number      ;
+----------------------------+-------------+
; Number detected on machine ; 4           ;
; Maximum allowed            ; 2           ;
;                            ;             ;
; Average used               ; 1.01        ;
; Maximum used               ; 2           ;
;                            ;             ;
; Usage by Processor         ; % Time Used ;
;     Processor 1            ; 100.0%      ;
;     Processor 2            ;   1.4%      ;
+----------------------------+-------------+


+---------------------------------------------------------------------------------------------------------------------------------------------------------------------------------+
; Clocks                                                                                                                                                                          ;
+------------+------+--------+------------+-------+-------+------------+-----------+-------------+-------+--------+-----------+------------+----------+--------+--------+---------+
; Clock Name ; Type ; Period ; Frequency  ; Rise  ; Fall  ; Duty Cycle ; Divide by ; Multiply by ; Phase ; Offset ; Edge List ; Edge Shift ; Inverted ; Master ; Source ; Targets ;
+------------+------+--------+------------+-------+-------+------------+-----------+-------------+-------+--------+-----------+------------+----------+--------+--------+---------+
; clk        ; Base ; 1.000  ; 1000.0 MHz ; 0.000 ; 0.500 ;            ;           ;             ;       ;        ;           ;            ;          ;        ;        ; { clk } ;
+------------+------+--------+------------+-------+-------+------------+-----------+-------------+-------+--------+-----------+------------+----------+--------+--------+---------+


+-----------------------------------------------------------------------------------------------------------+
; Slow 1200mV 85C Model Fmax Summary                                                                        ;
+------------+-----------------+------------+---------------------------------------------------------------+
; Fmax       ; Restricted Fmax ; Clock Name ; Note                                                          ;
+------------+-----------------+------------+---------------------------------------------------------------+
; 300.66 MHz ; 250.0 MHz       ; clk        ; limit due to minimum period restriction (max I/O toggle rate) ;
+------------+-----------------+------------+---------------------------------------------------------------+
This panel reports FMAX for every clock in the design, regardless of the user-specified clock periods.  FMAX is only computed for paths where the source and destination registers or ports are driven by the same clock.  Paths of different clocks, including generated clocks, are ignored.  For paths between a clock and its inversion, FMAX is computed as if the rising and falling edges are scaled along with FMAX, such that the duty cycle (in terms of a percentage) is maintained. Altera recommends that you always use clock constraints and other slack reports for sign-off analysis.


+-------------------------------------+
; Slow 1200mV 85C Model Setup Summary ;
+-------+--------+--------------------+
; Clock ; Slack  ; End Point TNS      ;
+-------+--------+--------------------+
; clk   ; -2.326 ; -52.551            ;
+-------+--------+--------------------+


+------------------------------------+
; Slow 1200mV 85C Model Hold Summary ;
+-------+-------+--------------------+
; Clock ; Slack ; End Point TNS      ;
+-------+-------+--------------------+
; clk   ; 0.505 ; 0.000              ;
+-------+-------+--------------------+


------------------------------------------
; Slow 1200mV 85C Model Recovery Summary ;
------------------------------------------
No paths to report.


-----------------------------------------
; Slow 1200mV 85C Model Removal Summary ;
-----------------------------------------
No paths to report.


+---------------------------------------------------+
; Slow 1200mV 85C Model Minimum Pulse Width Summary ;
+-------+--------+----------------------------------+
; Clock ; Slack  ; End Point TNS                    ;
+-------+--------+----------------------------------+
; clk   ; -3.000 ; -47.896                          ;
+-------+--------+----------------------------------+


-----------------------------------------------
; Slow 1200mV 85C Model Metastability Summary ;
-----------------------------------------------
No synchronizer chains to report.


+-----------------------------------------------------------------------------------------------------------+
; Slow 1200mV 0C Model Fmax Summary                                                                         ;
+------------+-----------------+------------+---------------------------------------------------------------+
; Fmax       ; Restricted Fmax ; Clock Name ; Note                                                          ;
+------------+-----------------+------------+---------------------------------------------------------------+
; 330.03 MHz ; 250.0 MHz       ; clk        ; limit due to minimum period restriction (max I/O toggle rate) ;
+------------+-----------------+------------+---------------------------------------------------------------+
This panel reports FMAX for every clock in the design, regardless of the user-specified clock periods.  FMAX is only computed for paths where the source and destination registers or ports are driven by the same clock.  Paths of different clocks, including generated clocks, are ignored.  For paths between a clock and its inversion, FMAX is computed as if the rising and falling edges are scaled along with FMAX, such that the duty cycle (in terms of a percentage) is maintained. Altera recommends that you always use clock constraints and other slack reports for sign-off analysis.


+------------------------------------+
; Slow 1200mV 0C Model Setup Summary ;
+-------+--------+-------------------+
; Clock ; Slack  ; End Point TNS     ;
+-------+--------+-------------------+
; clk   ; -2.030 ; -43.947           ;
+-------+--------+-------------------+


+-----------------------------------+
; Slow 1200mV 0C Model Hold Summary ;
+-------+-------+-------------------+
; Clock ; Slack ; End Point TNS     ;
+-------+-------+-------------------+
; clk   ; 0.463 ; 0.000             ;
+-------+-------+-------------------+


-----------------------------------------
; Slow 1200mV 0C Model Recovery Summary ;
-----------------------------------------
No paths to report.


----------------------------------------
; Slow 1200mV 0C Model Removal Summary ;
----------------------------------------
No paths to report.


+--------------------------------------------------+
; Slow 1200mV 0C Model Minimum Pulse Width Summary ;
+-------+--------+---------------------------------+
; Clock ; Slack  ; End Point TNS                   ;
+-------+--------+---------------------------------+
; clk   ; -3.000 ; -47.896                         ;
+-------+--------+---------------------------------+


----------------------------------------------
; Slow 1200mV 0C Model Metastability Summary ;
----------------------------------------------
No synchronizer chains to report.


+------------------------------------+
; Fast 1200mV 0C Model Setup Summary ;
+-------+--------+-------------------+
; Clock ; Slack  ; End Point TNS     ;
+-------+--------+-------------------+
; clk   ; -0.350 ; -3.408            ;
+-------+--------+-------------------+


+-----------------------------------+
; Fast 1200mV 0C Model Hold Summary ;
+-------+-------+-------------------+
; Clock ; Slack ; End Point TNS     ;
+-------+-------+-------------------+
; clk   ; 0.179 ; 0.000             ;
+-------+-------+-------------------+


-----------------------------------------
; Fast 1200mV 0C Model Recovery Summary ;
-----------------------------------------
No paths to report.


----------------------------------------
; Fast 1200mV 0C Model Removal Summary ;
----------------------------------------
No paths to report.


+--------------------------------------------------+
; Fast 1200mV 0C Model Minimum Pulse Width Summary ;
+-------+--------+---------------------------------+
; Clock ; Slack  ; End Point TNS                   ;
+-------+--------+---------------------------------+
; clk   ; -3.000 ; -36.272                         ;
+-------+--------+---------------------------------+


----------------------------------------------
; Fast 1200mV 0C Model Metastability Summary ;
----------------------------------------------
No synchronizer chains to report.


+-------------------------------------------------------------------------------+
; Multicorner Timing Analysis Summary                                           ;
+------------------+---------+-------+----------+---------+---------------------+
; Clock            ; Setup   ; Hold  ; Recovery ; Removal ; Minimum Pulse Width ;
+------------------+---------+-------+----------+---------+---------------------+
; Worst-case Slack ; -2.326  ; 0.179 ; N/A      ; N/A     ; -3.000              ;
;  clk             ; -2.326  ; 0.179 ; N/A      ; N/A     ; -3.000              ;
; Design-wide TNS  ; -52.551 ; 0.0   ; 0.0      ; 0.0     ; -47.896             ;
;  clk             ; -52.551 ; 0.000 ; N/A      ; N/A     ; -47.896             ;
+------------------+---------+-------+----------+---------+---------------------+


+-----------------------------------------------------------------------------------------------------------------------------------------------------------------------------------------------------------------------------------------------------------------------------------------------------------------------------------------------------------------------------------------------------------------+
; Board Trace Model Assignments                                                                                                                                                                                                                                                                                                                                                                                   ;
+--------------+--------------+-------------------+-------------------------+-------------------------+---------------+---------------------+----------------+------------------+--------+------------------+------------------------+------------------------+--------------+---------------+-----------------+-------+---------------------+--------------------+---------------+-----------------+-------------+
; Pin          ; I/O Standard ; Near Tline Length ; Near Tline L per Length ; Near Tline C per Length ; Near Series R ; Near Differential R ; Near Pull-up R ; Near Pull-down R ; Near C ; Far Tline Length ; Far Tline L per Length ; Far Tline C per Length ; Far Series R ; Far Pull-up R ; Far Pull-down R ; Far C ; Termination Voltage ; Far Differential R ; EBD File Name ; EBD Signal Name ; EBD Far-end ;
+--------------+--------------+-------------------+-------------------------+-------------------------+---------------+---------------------+----------------+------------------+--------+------------------+------------------------+------------------------+--------------+---------------+-----------------+-------+---------------------+--------------------+---------------+-----------------+-------------+
; out[0]       ; 2.5 V        ; 0 in              ; 0 H/in                  ; 0 F/in                  ; short         ; -                   ; open           ; open             ; open   ; 0 in             ; 0 H/in                 ; 0 F/in                 ; short        ; open          ; open            ; open  ; 0 V                 ; -                  ; n/a           ; n/a             ; n/a         ;
; out[1]       ; 2.5 V        ; 0 in              ; 0 H/in                  ; 0 F/in                  ; short         ; -                   ; open           ; open             ; open   ; 0 in             ; 0 H/in                 ; 0 F/in                 ; short        ; open          ; open            ; open  ; 0 V                 ; -                  ; n/a           ; n/a             ; n/a         ;
; out[2]       ; 2.5 V        ; 0 in              ; 0 H/in                  ; 0 F/in                  ; short         ; -                   ; open           ; open             ; open   ; 0 in             ; 0 H/in                 ; 0 F/in                 ; short        ; open          ; open            ; open  ; 0 V                 ; -                  ; n/a           ; n/a             ; n/a         ;
; out[3]       ; 2.5 V        ; 0 in              ; 0 H/in                  ; 0 F/in                  ; short         ; -                   ; open           ; open             ; open   ; 0 in             ; 0 H/in                 ; 0 F/in                 ; short        ; open          ; open            ; open  ; 0 V                 ; -                  ; n/a           ; n/a             ; n/a         ;
; out[4]       ; 2.5 V        ; 0 in              ; 0 H/in                  ; 0 F/in                  ; short         ; -                   ; open           ; open             ; open   ; 0 in             ; 0 H/in                 ; 0 F/in                 ; short        ; open          ; open            ; open  ; 0 V                 ; -                  ; n/a           ; n/a             ; n/a         ;
; out[5]       ; 2.5 V        ; 0 in              ; 0 H/in                  ; 0 F/in                  ; short         ; -                   ; open           ; open             ; open   ; 0 in             ; 0 H/in                 ; 0 F/in                 ; short        ; open          ; open            ; open  ; 0 V                 ; -                  ; n/a           ; n/a             ; n/a         ;
; out[6]       ; 2.5 V        ; 0 in              ; 0 H/in                  ; 0 F/in                  ; short         ; -                   ; open           ; open             ; open   ; 0 in             ; 0 H/in                 ; 0 F/in                 ; short        ; open          ; open            ; open  ; 0 V                 ; -                  ; n/a           ; n/a             ; n/a         ;
; out[7]       ; 2.5 V        ; 0 in              ; 0 H/in                  ; 0 F/in                  ; short         ; -                   ; open           ; open             ; open   ; 0 in             ; 0 H/in                 ; 0 F/in                 ; short        ; open          ; open            ; open  ; 0 V                 ; -                  ; n/a           ; n/a             ; n/a         ;
; out[8]       ; 2.5 V        ; 0 in              ; 0 H/in                  ; 0 F/in                  ; short         ; -                   ; open           ; open             ; open   ; 0 in             ; 0 H/in                 ; 0 F/in                 ; short        ; open          ; open            ; open  ; 0 V                 ; -                  ; n/a           ; n/a             ; n/a         ;
; out[9]       ; 2.5 V        ; 0 in              ; 0 H/in                  ; 0 F/in                  ; short         ; -                   ; open           ; open             ; open   ; 0 in             ; 0 H/in                 ; 0 F/in                 ; short        ; open          ; open            ; open  ; 0 V                 ; -                  ; n/a           ; n/a             ; n/a         ;
; out[10]      ; 2.5 V        ; 0 in              ; 0 H/in                  ; 0 F/in                  ; short         ; -                   ; open           ; open             ; open   ; 0 in             ; 0 H/in                 ; 0 F/in                 ; short        ; open          ; open            ; open  ; 0 V                 ; -                  ; n/a           ; n/a             ; n/a         ;
; out[11]      ; 2.5 V        ; 0 in              ; 0 H/in                  ; 0 F/in                  ; short         ; -                   ; open           ; open             ; open   ; 0 in             ; 0 H/in                 ; 0 F/in                 ; short        ; open          ; open            ; open  ; 0 V                 ; -                  ; n/a           ; n/a             ; n/a         ;
; out[12]      ; 2.5 V        ; 0 in              ; 0 H/in                  ; 0 F/in                  ; short         ; -                   ; open           ; open             ; open   ; 0 in             ; 0 H/in                 ; 0 F/in                 ; short        ; open          ; open            ; open  ; 0 V                 ; -                  ; n/a           ; n/a             ; n/a         ;
; out[13]      ; 2.5 V        ; 0 in              ; 0 H/in                  ; 0 F/in                  ; short         ; -                   ; open           ; open             ; open   ; 0 in             ; 0 H/in                 ; 0 F/in                 ; short        ; open          ; open            ; open  ; 0 V                 ; -                  ; n/a           ; n/a             ; n/a         ;
; out[14]      ; 2.5 V        ; 0 in              ; 0 H/in                  ; 0 F/in                  ; short         ; -                   ; open           ; open             ; open   ; 0 in             ; 0 H/in                 ; 0 F/in                 ; short        ; open          ; open            ; open  ; 0 V                 ; -                  ; n/a           ; n/a             ; n/a         ;
; out[15]      ; 2.5 V        ; 0 in              ; 0 H/in                  ; 0 F/in                  ; short         ; -                   ; open           ; open             ; open   ; 0 in             ; 0 H/in                 ; 0 F/in                 ; short        ; open          ; open            ; open  ; 0 V                 ; -                  ; n/a           ; n/a             ; n/a         ;
; out[16]      ; 2.5 V        ; 0 in              ; 0 H/in                  ; 0 F/in                  ; short         ; -                   ; open           ; open             ; open   ; 0 in             ; 0 H/in                 ; 0 F/in                 ; short        ; open          ; open            ; open  ; 0 V                 ; -                  ; n/a           ; n/a             ; n/a         ;
; out[17]      ; 2.5 V        ; 0 in              ; 0 H/in                  ; 0 F/in                  ; short         ; -                   ; open           ; open             ; open   ; 0 in             ; 0 H/in                 ; 0 F/in                 ; short        ; open          ; open            ; open  ; 0 V                 ; -                  ; n/a           ; n/a             ; n/a         ;
; out[18]      ; 2.5 V        ; 0 in              ; 0 H/in                  ; 0 F/in                  ; short         ; -                   ; open           ; open             ; open   ; 0 in             ; 0 H/in                 ; 0 F/in                 ; short        ; open          ; open            ; open  ; 0 V                 ; -                  ; n/a           ; n/a             ; n/a         ;
; out[19]      ; 2.5 V        ; 0 in              ; 0 H/in                  ; 0 F/in                  ; short         ; -                   ; open           ; open             ; open   ; 0 in             ; 0 H/in                 ; 0 F/in                 ; short        ; open          ; open            ; open  ; 0 V                 ; -                  ; n/a           ; n/a             ; n/a         ;
; out[20]      ; 2.5 V        ; 0 in              ; 0 H/in                  ; 0 F/in                  ; short         ; -                   ; open           ; open             ; open   ; 0 in             ; 0 H/in                 ; 0 F/in                 ; short        ; open          ; open            ; open  ; 0 V                 ; -                  ; n/a           ; n/a             ; n/a         ;
; out[21]      ; 2.5 V        ; 0 in              ; 0 H/in                  ; 0 F/in                  ; short         ; -                   ; open           ; open             ; open   ; 0 in             ; 0 H/in                 ; 0 F/in                 ; short        ; open          ; open            ; open  ; 0 V                 ; -                  ; n/a           ; n/a             ; n/a         ;
; out[22]      ; 2.5 V        ; 0 in              ; 0 H/in                  ; 0 F/in                  ; short         ; -                   ; open           ; open             ; open   ; 0 in             ; 0 H/in                 ; 0 F/in                 ; short        ; open          ; open            ; open  ; 0 V                 ; -                  ; n/a           ; n/a             ; n/a         ;
; out[23]      ; 2.5 V        ; 0 in              ; 0 H/in                  ; 0 F/in                  ; short         ; -                   ; open           ; open             ; open   ; 0 in             ; 0 H/in                 ; 0 F/in                 ; short        ; open          ; open            ; open  ; 0 V                 ; -                  ; n/a           ; n/a             ; n/a         ;
; out[24]      ; 2.5 V        ; 0 in              ; 0 H/in                  ; 0 F/in                  ; short         ; -                   ; open           ; open             ; open   ; 0 in             ; 0 H/in                 ; 0 F/in                 ; short        ; open          ; open            ; open  ; 0 V                 ; -                  ; n/a           ; n/a             ; n/a         ;
; out[25]      ; 2.5 V        ; 0 in              ; 0 H/in                  ; 0 F/in                  ; short         ; -                   ; open           ; open             ; open   ; 0 in             ; 0 H/in                 ; 0 F/in                 ; short        ; open          ; open            ; open  ; 0 V                 ; -                  ; n/a           ; n/a             ; n/a         ;
; out[26]      ; 2.5 V        ; 0 in              ; 0 H/in                  ; 0 F/in                  ; short         ; -                   ; open           ; open             ; open   ; 0 in             ; 0 H/in                 ; 0 F/in                 ; short        ; open          ; open            ; open  ; 0 V                 ; -                  ; n/a           ; n/a             ; n/a         ;
; out[27]      ; 2.5 V        ; 0 in              ; 0 H/in                  ; 0 F/in                  ; short         ; -                   ; open           ; open             ; open   ; 0 in             ; 0 H/in                 ; 0 F/in                 ; short        ; open          ; open            ; open  ; 0 V                 ; -                  ; n/a           ; n/a             ; n/a         ;
; out[28]      ; 2.5 V        ; 0 in              ; 0 H/in                  ; 0 F/in                  ; short         ; -                   ; open           ; open             ; open   ; 0 in             ; 0 H/in                 ; 0 F/in                 ; short        ; open          ; open            ; open  ; 0 V                 ; -                  ; n/a           ; n/a             ; n/a         ;
; out[29]      ; 2.5 V        ; 0 in              ; 0 H/in                  ; 0 F/in                  ; short         ; -                   ; open           ; open             ; open   ; 0 in             ; 0 H/in                 ; 0 F/in                 ; short        ; open          ; open            ; open  ; 0 V                 ; -                  ; n/a           ; n/a             ; n/a         ;
; out[30]      ; 2.5 V        ; 0 in              ; 0 H/in                  ; 0 F/in                  ; short         ; -                   ; open           ; open             ; open   ; 0 in             ; 0 H/in                 ; 0 F/in                 ; short        ; open          ; open            ; open  ; 0 V                 ; -                  ; n/a           ; n/a             ; n/a         ;
; out[31]      ; 2.5 V        ; 0 in              ; 0 H/in                  ; 0 F/in                  ; short         ; -                   ; open           ; open             ; open   ; 0 in             ; 0 H/in                 ; 0 F/in                 ; short        ; open          ; open            ; open  ; 0 V                 ; -                  ; n/a           ; n/a             ; n/a         ;
; A[0]         ; 2.5 V        ; 0 in              ; 0 H/in                  ; 0 F/in                  ; short         ; -                   ; open           ; open             ; open   ; 0 in             ; 0 H/in                 ; 0 F/in                 ; short        ; open          ; open            ; open  ; 0 V                 ; -                  ; n/a           ; n/a             ; n/a         ;
; A[1]         ; 2.5 V        ; 0 in              ; 0 H/in                  ; 0 F/in                  ; short         ; -                   ; open           ; open             ; open   ; 0 in             ; 0 H/in                 ; 0 F/in                 ; short        ; open          ; open            ; open  ; 0 V                 ; -                  ; n/a           ; n/a             ; n/a         ;
; A[2]         ; 2.5 V        ; 0 in              ; 0 H/in                  ; 0 F/in                  ; short         ; -                   ; open           ; open             ; open   ; 0 in             ; 0 H/in                 ; 0 F/in                 ; short        ; open          ; open            ; open  ; 0 V                 ; -                  ; n/a           ; n/a             ; n/a         ;
; A[3]         ; 2.5 V        ; 0 in              ; 0 H/in                  ; 0 F/in                  ; short         ; -                   ; open           ; open             ; open   ; 0 in             ; 0 H/in                 ; 0 F/in                 ; short        ; open          ; open            ; open  ; 0 V                 ; -                  ; n/a           ; n/a             ; n/a         ;
; A[4]         ; 2.5 V        ; 0 in              ; 0 H/in                  ; 0 F/in                  ; short         ; -                   ; open           ; open             ; open   ; 0 in             ; 0 H/in                 ; 0 F/in                 ; short        ; open          ; open            ; open  ; 0 V                 ; -                  ; n/a           ; n/a             ; n/a         ;
; A[5]         ; 2.5 V        ; 0 in              ; 0 H/in                  ; 0 F/in                  ; short         ; -                   ; open           ; open             ; open   ; 0 in             ; 0 H/in                 ; 0 F/in                 ; short        ; open          ; open            ; open  ; 0 V                 ; -                  ; n/a           ; n/a             ; n/a         ;
; A[6]         ; 2.5 V        ; 0 in              ; 0 H/in                  ; 0 F/in                  ; short         ; -                   ; open           ; open             ; open   ; 0 in             ; 0 H/in                 ; 0 F/in                 ; short        ; open          ; open            ; open  ; 0 V                 ; -                  ; n/a           ; n/a             ; n/a         ;
; A[7]         ; 2.5 V        ; 0 in              ; 0 H/in                  ; 0 F/in                  ; short         ; -                   ; open           ; open             ; open   ; 0 in             ; 0 H/in                 ; 0 F/in                 ; short        ; open          ; open            ; open  ; 0 V                 ; -                  ; n/a           ; n/a             ; n/a         ;
; A[8]         ; 2.5 V        ; 0 in              ; 0 H/in                  ; 0 F/in                  ; short         ; -                   ; open           ; open             ; open   ; 0 in             ; 0 H/in                 ; 0 F/in                 ; short        ; open          ; open            ; open  ; 0 V                 ; -                  ; n/a           ; n/a             ; n/a         ;
; A[9]         ; 2.5 V        ; 0 in              ; 0 H/in                  ; 0 F/in                  ; short         ; -                   ; open           ; open             ; open   ; 0 in             ; 0 H/in                 ; 0 F/in                 ; short        ; open          ; open            ; open  ; 0 V                 ; -                  ; n/a           ; n/a             ; n/a         ;
; A[10]        ; 2.5 V        ; 0 in              ; 0 H/in                  ; 0 F/in                  ; short         ; -                   ; open           ; open             ; open   ; 0 in             ; 0 H/in                 ; 0 F/in                 ; short        ; open          ; open            ; open  ; 0 V                 ; -                  ; n/a           ; n/a             ; n/a         ;
; A[11]        ; 2.5 V        ; 0 in              ; 0 H/in                  ; 0 F/in                  ; short         ; -                   ; open           ; open             ; open   ; 0 in             ; 0 H/in                 ; 0 F/in                 ; short        ; open          ; open            ; open  ; 0 V                 ; -                  ; n/a           ; n/a             ; n/a         ;
; A[12]        ; 2.5 V        ; 0 in              ; 0 H/in                  ; 0 F/in                  ; short         ; -                   ; open           ; open             ; open   ; 0 in             ; 0 H/in                 ; 0 F/in                 ; short        ; open          ; open            ; open  ; 0 V                 ; -                  ; n/a           ; n/a             ; n/a         ;
; A[13]        ; 2.5 V        ; 0 in              ; 0 H/in                  ; 0 F/in                  ; short         ; -                   ; open           ; open             ; open   ; 0 in             ; 0 H/in                 ; 0 F/in                 ; short        ; open          ; open            ; open  ; 0 V                 ; -                  ; n/a           ; n/a             ; n/a         ;
; A[14]        ; 2.5 V        ; 0 in              ; 0 H/in                  ; 0 F/in                  ; short         ; -                   ; open           ; open             ; open   ; 0 in             ; 0 H/in                 ; 0 F/in                 ; short        ; open          ; open            ; open  ; 0 V                 ; -                  ; n/a           ; n/a             ; n/a         ;
; A[15]        ; 2.5 V        ; 0 in              ; 0 H/in                  ; 0 F/in                  ; short         ; -                   ; open           ; open             ; open   ; 0 in             ; 0 H/in                 ; 0 F/in                 ; short        ; open          ; open            ; open  ; 0 V                 ; -                  ; n/a           ; n/a             ; n/a         ;
; A[16]        ; 2.5 V        ; 0 in              ; 0 H/in                  ; 0 F/in                  ; short         ; -                   ; open           ; open             ; open   ; 0 in             ; 0 H/in                 ; 0 F/in                 ; short        ; open          ; open            ; open  ; 0 V                 ; -                  ; n/a           ; n/a             ; n/a         ;
; A[17]        ; 2.5 V        ; 0 in              ; 0 H/in                  ; 0 F/in                  ; short         ; -                   ; open           ; open             ; open   ; 0 in             ; 0 H/in                 ; 0 F/in                 ; short        ; open          ; open            ; open  ; 0 V                 ; -                  ; n/a           ; n/a             ; n/a         ;
; A[18]        ; 2.5 V        ; 0 in              ; 0 H/in                  ; 0 F/in                  ; short         ; -                   ; open           ; open             ; open   ; 0 in             ; 0 H/in                 ; 0 F/in                 ; short        ; open          ; open            ; open  ; 0 V                 ; -                  ; n/a           ; n/a             ; n/a         ;
; A[19]        ; 2.5 V        ; 0 in              ; 0 H/in                  ; 0 F/in                  ; short         ; -                   ; open           ; open             ; open   ; 0 in             ; 0 H/in                 ; 0 F/in                 ; short        ; open          ; open            ; open  ; 0 V                 ; -                  ; n/a           ; n/a             ; n/a         ;
; A[20]        ; 2.5 V        ; 0 in              ; 0 H/in                  ; 0 F/in                  ; short         ; -                   ; open           ; open             ; open   ; 0 in             ; 0 H/in                 ; 0 F/in                 ; short        ; open          ; open            ; open  ; 0 V                 ; -                  ; n/a           ; n/a             ; n/a         ;
; A[21]        ; 2.5 V        ; 0 in              ; 0 H/in                  ; 0 F/in                  ; short         ; -                   ; open           ; open             ; open   ; 0 in             ; 0 H/in                 ; 0 F/in                 ; short        ; open          ; open            ; open  ; 0 V                 ; -                  ; n/a           ; n/a             ; n/a         ;
; A[22]        ; 2.5 V        ; 0 in              ; 0 H/in                  ; 0 F/in                  ; short         ; -                   ; open           ; open             ; open   ; 0 in             ; 0 H/in                 ; 0 F/in                 ; short        ; open          ; open            ; open  ; 0 V                 ; -                  ; n/a           ; n/a             ; n/a         ;
; A[23]        ; 2.5 V        ; 0 in              ; 0 H/in                  ; 0 F/in                  ; short         ; -                   ; open           ; open             ; open   ; 0 in             ; 0 H/in                 ; 0 F/in                 ; short        ; open          ; open            ; open  ; 0 V                 ; -                  ; n/a           ; n/a             ; n/a         ;
; A[24]        ; 2.5 V        ; 0 in              ; 0 H/in                  ; 0 F/in                  ; short         ; -                   ; open           ; open             ; open   ; 0 in             ; 0 H/in                 ; 0 F/in                 ; short        ; open          ; open            ; open  ; 0 V                 ; -                  ; n/a           ; n/a             ; n/a         ;
; A[25]        ; 2.5 V        ; 0 in              ; 0 H/in                  ; 0 F/in                  ; short         ; -                   ; open           ; open             ; open   ; 0 in             ; 0 H/in                 ; 0 F/in                 ; short        ; open          ; open            ; open  ; 0 V                 ; -                  ; n/a           ; n/a             ; n/a         ;
; A[26]        ; 2.5 V        ; 0 in              ; 0 H/in                  ; 0 F/in                  ; short         ; -                   ; open           ; open             ; open   ; 0 in             ; 0 H/in                 ; 0 F/in                 ; short        ; open          ; open            ; open  ; 0 V                 ; -                  ; n/a           ; n/a             ; n/a         ;
; A[27]        ; 2.5 V        ; 0 in              ; 0 H/in                  ; 0 F/in                  ; short         ; -                   ; open           ; open             ; open   ; 0 in             ; 0 H/in                 ; 0 F/in                 ; short        ; open          ; open            ; open  ; 0 V                 ; -                  ; n/a           ; n/a             ; n/a         ;
; A[28]        ; 2.5 V        ; 0 in              ; 0 H/in                  ; 0 F/in                  ; short         ; -                   ; open           ; open             ; open   ; 0 in             ; 0 H/in                 ; 0 F/in                 ; short        ; open          ; open            ; open  ; 0 V                 ; -                  ; n/a           ; n/a             ; n/a         ;
; A[29]        ; 2.5 V        ; 0 in              ; 0 H/in                  ; 0 F/in                  ; short         ; -                   ; open           ; open             ; open   ; 0 in             ; 0 H/in                 ; 0 F/in                 ; short        ; open          ; open            ; open  ; 0 V                 ; -                  ; n/a           ; n/a             ; n/a         ;
; A[30]        ; 2.5 V        ; 0 in              ; 0 H/in                  ; 0 F/in                  ; short         ; -                   ; open           ; open             ; open   ; 0 in             ; 0 H/in                 ; 0 F/in                 ; short        ; open          ; open            ; open  ; 0 V                 ; -                  ; n/a           ; n/a             ; n/a         ;
; A[31]        ; 2.5 V        ; 0 in              ; 0 H/in                  ; 0 F/in                  ; short         ; -                   ; open           ; open             ; open   ; 0 in             ; 0 H/in                 ; 0 F/in                 ; short        ; open          ; open            ; open  ; 0 V                 ; -                  ; n/a           ; n/a             ; n/a         ;
; B[0]         ; 2.5 V        ; 0 in              ; 0 H/in                  ; 0 F/in                  ; short         ; -                   ; open           ; open             ; open   ; 0 in             ; 0 H/in                 ; 0 F/in                 ; short        ; open          ; open            ; open  ; 0 V                 ; -                  ; n/a           ; n/a             ; n/a         ;
; B[1]         ; 2.5 V        ; 0 in              ; 0 H/in                  ; 0 F/in                  ; short         ; -                   ; open           ; open             ; open   ; 0 in             ; 0 H/in                 ; 0 F/in                 ; short        ; open          ; open            ; open  ; 0 V                 ; -                  ; n/a           ; n/a             ; n/a         ;
; B[2]         ; 2.5 V        ; 0 in              ; 0 H/in                  ; 0 F/in                  ; short         ; -                   ; open           ; open             ; open   ; 0 in             ; 0 H/in                 ; 0 F/in                 ; short        ; open          ; open            ; open  ; 0 V                 ; -                  ; n/a           ; n/a             ; n/a         ;
; B[3]         ; 2.5 V        ; 0 in              ; 0 H/in                  ; 0 F/in                  ; short         ; -                   ; open           ; open             ; open   ; 0 in             ; 0 H/in                 ; 0 F/in                 ; short        ; open          ; open            ; open  ; 0 V                 ; -                  ; n/a           ; n/a             ; n/a         ;
; B[4]         ; 2.5 V        ; 0 in              ; 0 H/in                  ; 0 F/in                  ; short         ; -                   ; open           ; open             ; open   ; 0 in             ; 0 H/in                 ; 0 F/in                 ; short        ; open          ; open            ; open  ; 0 V                 ; -                  ; n/a           ; n/a             ; n/a         ;
; B[5]         ; 2.5 V        ; 0 in              ; 0 H/in                  ; 0 F/in                  ; short         ; -                   ; open           ; open             ; open   ; 0 in             ; 0 H/in                 ; 0 F/in                 ; short        ; open          ; open            ; open  ; 0 V                 ; -                  ; n/a           ; n/a             ; n/a         ;
; B[6]         ; 2.5 V        ; 0 in              ; 0 H/in                  ; 0 F/in                  ; short         ; -                   ; open           ; open             ; open   ; 0 in             ; 0 H/in                 ; 0 F/in                 ; short        ; open          ; open            ; open  ; 0 V                 ; -                  ; n/a           ; n/a             ; n/a         ;
; B[7]         ; 2.5 V        ; 0 in              ; 0 H/in                  ; 0 F/in                  ; short         ; -                   ; open           ; open             ; open   ; 0 in             ; 0 H/in                 ; 0 F/in                 ; short        ; open          ; open            ; open  ; 0 V                 ; -                  ; n/a           ; n/a             ; n/a         ;
; B[8]         ; 2.5 V        ; 0 in              ; 0 H/in                  ; 0 F/in                  ; short         ; -                   ; open           ; open             ; open   ; 0 in             ; 0 H/in                 ; 0 F/in                 ; short        ; open          ; open            ; open  ; 0 V                 ; -                  ; n/a           ; n/a             ; n/a         ;
; B[9]         ; 2.5 V        ; 0 in              ; 0 H/in                  ; 0 F/in                  ; short         ; -                   ; open           ; open             ; open   ; 0 in             ; 0 H/in                 ; 0 F/in                 ; short        ; open          ; open            ; open  ; 0 V                 ; -                  ; n/a           ; n/a             ; n/a         ;
; B[10]        ; 2.5 V        ; 0 in              ; 0 H/in                  ; 0 F/in                  ; short         ; -                   ; open           ; open             ; open   ; 0 in             ; 0 H/in                 ; 0 F/in                 ; short        ; open          ; open            ; open  ; 0 V                 ; -                  ; n/a           ; n/a             ; n/a         ;
; B[11]        ; 2.5 V        ; 0 in              ; 0 H/in                  ; 0 F/in                  ; short         ; -                   ; open           ; open             ; open   ; 0 in             ; 0 H/in                 ; 0 F/in                 ; short        ; open          ; open            ; open  ; 0 V                 ; -                  ; n/a           ; n/a             ; n/a         ;
; B[12]        ; 2.5 V        ; 0 in              ; 0 H/in                  ; 0 F/in                  ; short         ; -                   ; open           ; open             ; open   ; 0 in             ; 0 H/in                 ; 0 F/in                 ; short        ; open          ; open            ; open  ; 0 V                 ; -                  ; n/a           ; n/a             ; n/a         ;
; B[13]        ; 2.5 V        ; 0 in              ; 0 H/in                  ; 0 F/in                  ; short         ; -                   ; open           ; open             ; open   ; 0 in             ; 0 H/in                 ; 0 F/in                 ; short        ; open          ; open            ; open  ; 0 V                 ; -                  ; n/a           ; n/a             ; n/a         ;
; B[14]        ; 2.5 V        ; 0 in              ; 0 H/in                  ; 0 F/in                  ; short         ; -                   ; open           ; open             ; open   ; 0 in             ; 0 H/in                 ; 0 F/in                 ; short        ; open          ; open            ; open  ; 0 V                 ; -                  ; n/a           ; n/a             ; n/a         ;
; B[15]        ; 2.5 V        ; 0 in              ; 0 H/in                  ; 0 F/in                  ; short         ; -                   ; open           ; open             ; open   ; 0 in             ; 0 H/in                 ; 0 F/in                 ; short        ; open          ; open            ; open  ; 0 V                 ; -                  ; n/a           ; n/a             ; n/a         ;
; B[16]        ; 2.5 V        ; 0 in              ; 0 H/in                  ; 0 F/in                  ; short         ; -                   ; open           ; open             ; open   ; 0 in             ; 0 H/in                 ; 0 F/in                 ; short        ; open          ; open            ; open  ; 0 V                 ; -                  ; n/a           ; n/a             ; n/a         ;
; B[17]        ; 2.5 V        ; 0 in              ; 0 H/in                  ; 0 F/in                  ; short         ; -                   ; open           ; open             ; open   ; 0 in             ; 0 H/in                 ; 0 F/in                 ; short        ; open          ; open            ; open  ; 0 V                 ; -                  ; n/a           ; n/a             ; n/a         ;
; B[18]        ; 2.5 V        ; 0 in              ; 0 H/in                  ; 0 F/in                  ; short         ; -                   ; open           ; open             ; open   ; 0 in             ; 0 H/in                 ; 0 F/in                 ; short        ; open          ; open            ; open  ; 0 V                 ; -                  ; n/a           ; n/a             ; n/a         ;
; B[19]        ; 2.5 V        ; 0 in              ; 0 H/in                  ; 0 F/in                  ; short         ; -                   ; open           ; open             ; open   ; 0 in             ; 0 H/in                 ; 0 F/in                 ; short        ; open          ; open            ; open  ; 0 V                 ; -                  ; n/a           ; n/a             ; n/a         ;
; B[20]        ; 2.5 V        ; 0 in              ; 0 H/in                  ; 0 F/in                  ; short         ; -                   ; open           ; open             ; open   ; 0 in             ; 0 H/in                 ; 0 F/in                 ; short        ; open          ; open            ; open  ; 0 V                 ; -                  ; n/a           ; n/a             ; n/a         ;
; B[21]        ; 2.5 V        ; 0 in              ; 0 H/in                  ; 0 F/in                  ; short         ; -                   ; open           ; open             ; open   ; 0 in             ; 0 H/in                 ; 0 F/in                 ; short        ; open          ; open            ; open  ; 0 V                 ; -                  ; n/a           ; n/a             ; n/a         ;
; B[22]        ; 2.5 V        ; 0 in              ; 0 H/in                  ; 0 F/in                  ; short         ; -                   ; open           ; open             ; open   ; 0 in             ; 0 H/in                 ; 0 F/in                 ; short        ; open          ; open            ; open  ; 0 V                 ; -                  ; n/a           ; n/a             ; n/a         ;
; B[23]        ; 2.5 V        ; 0 in              ; 0 H/in                  ; 0 F/in                  ; short         ; -                   ; open           ; open             ; open   ; 0 in             ; 0 H/in                 ; 0 F/in                 ; short        ; open          ; open            ; open  ; 0 V                 ; -                  ; n/a           ; n/a             ; n/a         ;
; B[24]        ; 2.5 V        ; 0 in              ; 0 H/in                  ; 0 F/in                  ; short         ; -                   ; open           ; open             ; open   ; 0 in             ; 0 H/in                 ; 0 F/in                 ; short        ; open          ; open            ; open  ; 0 V                 ; -                  ; n/a           ; n/a             ; n/a         ;
; B[25]        ; 2.5 V        ; 0 in              ; 0 H/in                  ; 0 F/in                  ; short         ; -                   ; open           ; open             ; open   ; 0 in             ; 0 H/in                 ; 0 F/in                 ; short        ; open          ; open            ; open  ; 0 V                 ; -                  ; n/a           ; n/a             ; n/a         ;
; B[26]        ; 2.5 V        ; 0 in              ; 0 H/in                  ; 0 F/in                  ; short         ; -                   ; open           ; open             ; open   ; 0 in             ; 0 H/in                 ; 0 F/in                 ; short        ; open          ; open            ; open  ; 0 V                 ; -                  ; n/a           ; n/a             ; n/a         ;
; B[27]        ; 2.5 V        ; 0 in              ; 0 H/in                  ; 0 F/in                  ; short         ; -                   ; open           ; open             ; open   ; 0 in             ; 0 H/in                 ; 0 F/in                 ; short        ; open          ; open            ; open  ; 0 V                 ; -                  ; n/a           ; n/a             ; n/a         ;
; B[28]        ; 2.5 V        ; 0 in              ; 0 H/in                  ; 0 F/in                  ; short         ; -                   ; open           ; open             ; open   ; 0 in             ; 0 H/in                 ; 0 F/in                 ; short        ; open          ; open            ; open  ; 0 V                 ; -                  ; n/a           ; n/a             ; n/a         ;
; B[29]        ; 2.5 V        ; 0 in              ; 0 H/in                  ; 0 F/in                  ; short         ; -                   ; open           ; open             ; open   ; 0 in             ; 0 H/in                 ; 0 F/in                 ; short        ; open          ; open            ; open  ; 0 V                 ; -                  ; n/a           ; n/a             ; n/a         ;
; B[30]        ; 2.5 V        ; 0 in              ; 0 H/in                  ; 0 F/in                  ; short         ; -                   ; open           ; open             ; open   ; 0 in             ; 0 H/in                 ; 0 F/in                 ; short        ; open          ; open            ; open  ; 0 V                 ; -                  ; n/a           ; n/a             ; n/a         ;
; B[31]        ; 2.5 V        ; 0 in              ; 0 H/in                  ; 0 F/in                  ; short         ; -                   ; open           ; open             ; open   ; 0 in             ; 0 H/in                 ; 0 F/in                 ; short        ; open          ; open            ; open  ; 0 V                 ; -                  ; n/a           ; n/a             ; n/a         ;
; instruc[0]   ; 2.5 V        ; 0 in              ; 0 H/in                  ; 0 F/in                  ; short         ; -                   ; open           ; open             ; open   ; 0 in             ; 0 H/in                 ; 0 F/in                 ; short        ; open          ; open            ; open  ; 0 V                 ; -                  ; n/a           ; n/a             ; n/a         ;
; instruc[1]   ; 2.5 V        ; 0 in              ; 0 H/in                  ; 0 F/in                  ; short         ; -                   ; open           ; open             ; open   ; 0 in             ; 0 H/in                 ; 0 F/in                 ; short        ; open          ; open            ; open  ; 0 V                 ; -                  ; n/a           ; n/a             ; n/a         ;
; instruc[2]   ; 2.5 V        ; 0 in              ; 0 H/in                  ; 0 F/in                  ; short         ; -                   ; open           ; open             ; open   ; 0 in             ; 0 H/in                 ; 0 F/in                 ; short        ; open          ; open            ; open  ; 0 V                 ; -                  ; n/a           ; n/a             ; n/a         ;
; instruc[3]   ; 2.5 V        ; 0 in              ; 0 H/in                  ; 0 F/in                  ; short         ; -                   ; open           ; open             ; open   ; 0 in             ; 0 H/in                 ; 0 F/in                 ; short        ; open          ; open            ; open  ; 0 V                 ; -                  ; n/a           ; n/a             ; n/a         ;
; instruc[4]   ; 2.5 V        ; 0 in              ; 0 H/in                  ; 0 F/in                  ; short         ; -                   ; open           ; open             ; open   ; 0 in             ; 0 H/in                 ; 0 F/in                 ; short        ; open          ; open            ; open  ; 0 V                 ; -                  ; n/a           ; n/a             ; n/a         ;
; instruc[5]   ; 2.5 V        ; 0 in              ; 0 H/in                  ; 0 F/in                  ; short         ; -                   ; open           ; open             ; open   ; 0 in             ; 0 H/in                 ; 0 F/in                 ; short        ; open          ; open            ; open  ; 0 V                 ; -                  ; n/a           ; n/a             ; n/a         ;
; instruc[6]   ; 2.5 V        ; 0 in              ; 0 H/in                  ; 0 F/in                  ; short         ; -                   ; open           ; open             ; open   ; 0 in             ; 0 H/in                 ; 0 F/in                 ; short        ; open          ; open            ; open  ; 0 V                 ; -                  ; n/a           ; n/a             ; n/a         ;
; instruc[7]   ; 2.5 V        ; 0 in              ; 0 H/in                  ; 0 F/in                  ; short         ; -                   ; open           ; open             ; open   ; 0 in             ; 0 H/in                 ; 0 F/in                 ; short        ; open          ; open            ; open  ; 0 V                 ; -                  ; n/a           ; n/a             ; n/a         ;
; instruc[8]   ; 2.5 V        ; 0 in              ; 0 H/in                  ; 0 F/in                  ; short         ; -                   ; open           ; open             ; open   ; 0 in             ; 0 H/in                 ; 0 F/in                 ; short        ; open          ; open            ; open  ; 0 V                 ; -                  ; n/a           ; n/a             ; n/a         ;
; instruc[9]   ; 2.5 V        ; 0 in              ; 0 H/in                  ; 0 F/in                  ; short         ; -                   ; open           ; open             ; open   ; 0 in             ; 0 H/in                 ; 0 F/in                 ; short        ; open          ; open            ; open  ; 0 V                 ; -                  ; n/a           ; n/a             ; n/a         ;
; instruc[10]  ; 2.5 V        ; 0 in              ; 0 H/in                  ; 0 F/in                  ; short         ; -                   ; open           ; open             ; open   ; 0 in             ; 0 H/in                 ; 0 F/in                 ; short        ; open          ; open            ; open  ; 0 V                 ; -                  ; n/a           ; n/a             ; n/a         ;
; instruc[11]  ; 2.5 V        ; 0 in              ; 0 H/in                  ; 0 F/in                  ; short         ; -                   ; open           ; open             ; open   ; 0 in             ; 0 H/in                 ; 0 F/in                 ; short        ; open          ; open            ; open  ; 0 V                 ; -                  ; n/a           ; n/a             ; n/a         ;
; instruc[12]  ; 2.5 V        ; 0 in              ; 0 H/in                  ; 0 F/in                  ; short         ; -                   ; open           ; open             ; open   ; 0 in             ; 0 H/in                 ; 0 F/in                 ; short        ; open          ; open            ; open  ; 0 V                 ; -                  ; n/a           ; n/a             ; n/a         ;
; instruc[13]  ; 2.5 V        ; 0 in              ; 0 H/in                  ; 0 F/in                  ; short         ; -                   ; open           ; open             ; open   ; 0 in             ; 0 H/in                 ; 0 F/in                 ; short        ; open          ; open            ; open  ; 0 V                 ; -                  ; n/a           ; n/a             ; n/a         ;
; instruc[14]  ; 2.5 V        ; 0 in              ; 0 H/in                  ; 0 F/in                  ; short         ; -                   ; open           ; open             ; open   ; 0 in             ; 0 H/in                 ; 0 F/in                 ; short        ; open          ; open            ; open  ; 0 V                 ; -                  ; n/a           ; n/a             ; n/a         ;
; instruc[15]  ; 2.5 V        ; 0 in              ; 0 H/in                  ; 0 F/in                  ; short         ; -                   ; open           ; open             ; open   ; 0 in             ; 0 H/in                 ; 0 F/in                 ; short        ; open          ; open            ; open  ; 0 V                 ; -                  ; n/a           ; n/a             ; n/a         ;
; instruc[16]  ; 2.5 V        ; 0 in              ; 0 H/in                  ; 0 F/in                  ; short         ; -                   ; open           ; open             ; open   ; 0 in             ; 0 H/in                 ; 0 F/in                 ; short        ; open          ; open            ; open  ; 0 V                 ; -                  ; n/a           ; n/a             ; n/a         ;
; instruc[17]  ; 2.5 V        ; 0 in              ; 0 H/in                  ; 0 F/in                  ; short         ; -                   ; open           ; open             ; open   ; 0 in             ; 0 H/in                 ; 0 F/in                 ; short        ; open          ; open            ; open  ; 0 V                 ; -                  ; n/a           ; n/a             ; n/a         ;
; instruc[18]  ; 2.5 V        ; 0 in              ; 0 H/in                  ; 0 F/in                  ; short         ; -                   ; open           ; open             ; open   ; 0 in             ; 0 H/in                 ; 0 F/in                 ; short        ; open          ; open            ; open  ; 0 V                 ; -                  ; n/a           ; n/a             ; n/a         ;
; instruc[19]  ; 2.5 V        ; 0 in              ; 0 H/in                  ; 0 F/in                  ; short         ; -                   ; open           ; open             ; open   ; 0 in             ; 0 H/in                 ; 0 F/in                 ; short        ; open          ; open            ; open  ; 0 V                 ; -                  ; n/a           ; n/a             ; n/a         ;
; instruc[20]  ; 2.5 V        ; 0 in              ; 0 H/in                  ; 0 F/in                  ; short         ; -                   ; open           ; open             ; open   ; 0 in             ; 0 H/in                 ; 0 F/in                 ; short        ; open          ; open            ; open  ; 0 V                 ; -                  ; n/a           ; n/a             ; n/a         ;
; instruc[21]  ; 2.5 V        ; 0 in              ; 0 H/in                  ; 0 F/in                  ; short         ; -                   ; open           ; open             ; open   ; 0 in             ; 0 H/in                 ; 0 F/in                 ; short        ; open          ; open            ; open  ; 0 V                 ; -                  ; n/a           ; n/a             ; n/a         ;
; instruc[22]  ; 2.5 V        ; 0 in              ; 0 H/in                  ; 0 F/in                  ; short         ; -                   ; open           ; open             ; open   ; 0 in             ; 0 H/in                 ; 0 F/in                 ; short        ; open          ; open            ; open  ; 0 V                 ; -                  ; n/a           ; n/a             ; n/a         ;
; instruc[23]  ; 2.5 V        ; 0 in              ; 0 H/in                  ; 0 F/in                  ; short         ; -                   ; open           ; open             ; open   ; 0 in             ; 0 H/in                 ; 0 F/in                 ; short        ; open          ; open            ; open  ; 0 V                 ; -                  ; n/a           ; n/a             ; n/a         ;
; instruc[24]  ; 2.5 V        ; 0 in              ; 0 H/in                  ; 0 F/in                  ; short         ; -                   ; open           ; open             ; open   ; 0 in             ; 0 H/in                 ; 0 F/in                 ; short        ; open          ; open            ; open  ; 0 V                 ; -                  ; n/a           ; n/a             ; n/a         ;
; instruc[25]  ; 2.5 V        ; 0 in              ; 0 H/in                  ; 0 F/in                  ; short         ; -                   ; open           ; open             ; open   ; 0 in             ; 0 H/in                 ; 0 F/in                 ; short        ; open          ; open            ; open  ; 0 V                 ; -                  ; n/a           ; n/a             ; n/a         ;
; instruc[26]  ; 2.5 V        ; 0 in              ; 0 H/in                  ; 0 F/in                  ; short         ; -                   ; open           ; open             ; open   ; 0 in             ; 0 H/in                 ; 0 F/in                 ; short        ; open          ; open            ; open  ; 0 V                 ; -                  ; n/a           ; n/a             ; n/a         ;
; instruc[27]  ; 2.5 V        ; 0 in              ; 0 H/in                  ; 0 F/in                  ; short         ; -                   ; open           ; open             ; open   ; 0 in             ; 0 H/in                 ; 0 F/in                 ; short        ; open          ; open            ; open  ; 0 V                 ; -                  ; n/a           ; n/a             ; n/a         ;
; instruc[28]  ; 2.5 V        ; 0 in              ; 0 H/in                  ; 0 F/in                  ; short         ; -                   ; open           ; open             ; open   ; 0 in             ; 0 H/in                 ; 0 F/in                 ; short        ; open          ; open            ; open  ; 0 V                 ; -                  ; n/a           ; n/a             ; n/a         ;
; instruc[29]  ; 2.5 V        ; 0 in              ; 0 H/in                  ; 0 F/in                  ; short         ; -                   ; open           ; open             ; open   ; 0 in             ; 0 H/in                 ; 0 F/in                 ; short        ; open          ; open            ; open  ; 0 V                 ; -                  ; n/a           ; n/a             ; n/a         ;
; instruc[30]  ; 2.5 V        ; 0 in              ; 0 H/in                  ; 0 F/in                  ; short         ; -                   ; open           ; open             ; open   ; 0 in             ; 0 H/in                 ; 0 F/in                 ; short        ; open          ; open            ; open  ; 0 V                 ; -                  ; n/a           ; n/a             ; n/a         ;
; instruc[31]  ; 2.5 V        ; 0 in              ; 0 H/in                  ; 0 F/in                  ; short         ; -                   ; open           ; open             ; open   ; 0 in             ; 0 H/in                 ; 0 F/in                 ; short        ; open          ; open            ; open  ; 0 V                 ; -                  ; n/a           ; n/a             ; n/a         ;
; adA[0]       ; 2.5 V        ; 0 in              ; 0 H/in                  ; 0 F/in                  ; short         ; -                   ; open           ; open             ; open   ; 0 in             ; 0 H/in                 ; 0 F/in                 ; short        ; open          ; open            ; open  ; 0 V                 ; -                  ; n/a           ; n/a             ; n/a         ;
; adA[1]       ; 2.5 V        ; 0 in              ; 0 H/in                  ; 0 F/in                  ; short         ; -                   ; open           ; open             ; open   ; 0 in             ; 0 H/in                 ; 0 F/in                 ; short        ; open          ; open            ; open  ; 0 V                 ; -                  ; n/a           ; n/a             ; n/a         ;
; adA[2]       ; 2.5 V        ; 0 in              ; 0 H/in                  ; 0 F/in                  ; short         ; -                   ; open           ; open             ; open   ; 0 in             ; 0 H/in                 ; 0 F/in                 ; short        ; open          ; open            ; open  ; 0 V                 ; -                  ; n/a           ; n/a             ; n/a         ;
; adA[3]       ; 2.5 V        ; 0 in              ; 0 H/in                  ; 0 F/in                  ; short         ; -                   ; open           ; open             ; open   ; 0 in             ; 0 H/in                 ; 0 F/in                 ; short        ; open          ; open            ; open  ; 0 V                 ; -                  ; n/a           ; n/a             ; n/a         ;
; adA[4]       ; 2.5 V        ; 0 in              ; 0 H/in                  ; 0 F/in                  ; short         ; -                   ; open           ; open             ; open   ; 0 in             ; 0 H/in                 ; 0 F/in                 ; short        ; open          ; open            ; open  ; 0 V                 ; -                  ; n/a           ; n/a             ; n/a         ;
; adB[0]       ; 2.5 V        ; 0 in              ; 0 H/in                  ; 0 F/in                  ; short         ; -                   ; open           ; open             ; open   ; 0 in             ; 0 H/in                 ; 0 F/in                 ; short        ; open          ; open            ; open  ; 0 V                 ; -                  ; n/a           ; n/a             ; n/a         ;
; adB[1]       ; 2.5 V        ; 0 in              ; 0 H/in                  ; 0 F/in                  ; short         ; -                   ; open           ; open             ; open   ; 0 in             ; 0 H/in                 ; 0 F/in                 ; short        ; open          ; open            ; open  ; 0 V                 ; -                  ; n/a           ; n/a             ; n/a         ;
; adB[2]       ; 2.5 V        ; 0 in              ; 0 H/in                  ; 0 F/in                  ; short         ; -                   ; open           ; open             ; open   ; 0 in             ; 0 H/in                 ; 0 F/in                 ; short        ; open          ; open            ; open  ; 0 V                 ; -                  ; n/a           ; n/a             ; n/a         ;
; adB[3]       ; 2.5 V        ; 0 in              ; 0 H/in                  ; 0 F/in                  ; short         ; -                   ; open           ; open             ; open   ; 0 in             ; 0 H/in                 ; 0 F/in                 ; short        ; open          ; open            ; open  ; 0 V                 ; -                  ; n/a           ; n/a             ; n/a         ;
; adB[4]       ; 2.5 V        ; 0 in              ; 0 H/in                  ; 0 F/in                  ; short         ; -                   ; open           ; open             ; open   ; 0 in             ; 0 H/in                 ; 0 F/in                 ; short        ; open          ; open            ; open  ; 0 V                 ; -                  ; n/a           ; n/a             ; n/a         ;
; ~ALTERA_TDO~ ; 2.5 V        ; 0 in              ; 0 H/in                  ; 0 F/in                  ; short         ; -                   ; open           ; open             ; open   ; 0 in             ; 0 H/in                 ; 0 F/in                 ; short        ; open          ; open            ; open  ; 0 V                 ; -                  ; n/a           ; n/a             ; n/a         ;
+--------------+--------------+-------------------+-------------------------+-------------------------+---------------+---------------------+----------------+------------------+--------+------------------+------------------------+------------------------+--------------+---------------+-----------------+-------+---------------------+--------------------+---------------+-----------------+-------------+


+---------------------------------------------------------------------------------+
; Input Transition Times                                                          ;
+---------------------+-----------------------+-----------------+-----------------+
; Pin                 ; I/O Standard          ; 10-90 Rise Time ; 90-10 Fall Time ;
+---------------------+-----------------------+-----------------+-----------------+
; addr[1]             ; 2.5 V                 ; 2000 ps         ; 2000 ps         ;
; addr[2]             ; 2.5 V                 ; 2000 ps         ; 2000 ps         ;
; addr[3]             ; 2.5 V                 ; 2000 ps         ; 2000 ps         ;
; buttonRst           ; 2.5 V                 ; 2000 ps         ; 2000 ps         ;
; addr[0]             ; 2.5 V                 ; 2000 ps         ; 2000 ps         ;
; clk                 ; 2.5 V                 ; 2000 ps         ; 2000 ps         ;
; buttonWrite         ; 2.5 V                 ; 2000 ps         ; 2000 ps         ;
; ~ALTERA_TMS~        ; 2.5 V Schmitt Trigger ; 2000 ps         ; 2000 ps         ;
; ~ALTERA_TCK~        ; 2.5 V Schmitt Trigger ; 2000 ps         ; 2000 ps         ;
; ~ALTERA_TDI~        ; 2.5 V Schmitt Trigger ; 2000 ps         ; 2000 ps         ;
; ~ALTERA_CONFIG_SEL~ ; 2.5 V                 ; 2000 ps         ; 2000 ps         ;
; ~ALTERA_nCONFIG~    ; 2.5 V Schmitt Trigger ; 2000 ps         ; 2000 ps         ;
; ~ALTERA_nSTATUS~    ; 2.5 V Schmitt Trigger ; 2000 ps         ; 2000 ps         ;
; ~ALTERA_CONF_DONE~  ; 2.5 V Schmitt Trigger ; 2000 ps         ; 2000 ps         ;
+---------------------+-----------------------+-----------------+-----------------+


+-------------------------------------------------------------------------------------------------------------------------------------------------------------------------------------------------------------------------------------------------------------------------------------------------------------------------------------------------------------------------------------------------------------------------------------------------------------------------------------------------------------------------------------------------------------------------------------------------------------------------------------------------------------------------------------------+
; Signal Integrity Metrics (Slow 1200mv 0c Model)                                                                                                                                                                                                                                                                                                                                                                                                                                                                                                                                                                                                                                           ;
+--------------+--------------+---------------------+---------------------+------------------------------+------------------------------+---------------------+---------------------+--------------------------------------+--------------------------------------+-----------------------------+-----------------------------+----------------------------+----------------------------+-----------------------------+-----------------------------+--------------------+--------------------+-------------------------------------+-------------------------------------+----------------------------+----------------------------+---------------------------+---------------------------+
; Pin          ; I/O Standard ; Board Delay on Rise ; Board Delay on Fall ; Steady State Voh at FPGA Pin ; Steady State Vol at FPGA Pin ; Voh Max at FPGA Pin ; Vol Min at FPGA Pin ; Ringback Voltage on Rise at FPGA Pin ; Ringback Voltage on Fall at FPGA Pin ; 10-90 Rise Time at FPGA Pin ; 90-10 Fall Time at FPGA Pin ; Monotonic Rise at FPGA Pin ; Monotonic Fall at FPGA Pin ; Steady State Voh at Far-end ; Steady State Vol at Far-end ; Voh Max at Far-end ; Vol Min at Far-end ; Ringback Voltage on Rise at Far-end ; Ringback Voltage on Fall at Far-end ; 10-90 Rise Time at Far-end ; 90-10 Fall Time at Far-end ; Monotonic Rise at Far-end ; Monotonic Fall at Far-end ;
+--------------+--------------+---------------------+---------------------+------------------------------+------------------------------+---------------------+---------------------+--------------------------------------+--------------------------------------+-----------------------------+-----------------------------+----------------------------+----------------------------+-----------------------------+-----------------------------+--------------------+--------------------+-------------------------------------+-------------------------------------+----------------------------+----------------------------+---------------------------+---------------------------+
; out[0]       ; 2.5 V        ; 0 s                 ; 0 s                 ; 2.32 V                       ; 8.25e-09 V                   ; 2.41 V              ; -0.0871 V           ; 0.291 V                              ; 0.138 V                              ; 3.15e-10 s                  ; 4.16e-10 s                  ; No                         ; Yes                        ; 2.32 V                      ; 8.25e-09 V                  ; 2.41 V             ; -0.0871 V          ; 0.291 V                             ; 0.138 V                             ; 3.15e-10 s                 ; 4.16e-10 s                 ; No                        ; Yes                       ;
; out[1]       ; 2.5 V        ; 0 s                 ; 0 s                 ; 2.32 V                       ; 8.25e-09 V                   ; 2.41 V              ; -0.0859 V           ; 0.289 V                              ; 0.136 V                              ; 3.15e-10 s                  ; 4.16e-10 s                  ; No                         ; Yes                        ; 2.32 V                      ; 8.25e-09 V                  ; 2.41 V             ; -0.0859 V          ; 0.289 V                             ; 0.136 V                             ; 3.15e-10 s                 ; 4.16e-10 s                 ; No                        ; Yes                       ;
; out[2]       ; 2.5 V        ; 0 s                 ; 0 s                 ; 2.32 V                       ; 8.25e-09 V                   ; 2.41 V              ; -0.0859 V           ; 0.289 V                              ; 0.136 V                              ; 3.15e-10 s                  ; 4.16e-10 s                  ; No                         ; Yes                        ; 2.32 V                      ; 8.25e-09 V                  ; 2.41 V             ; -0.0859 V          ; 0.289 V                             ; 0.136 V                             ; 3.15e-10 s                 ; 4.16e-10 s                 ; No                        ; Yes                       ;
; out[3]       ; 2.5 V        ; 0 s                 ; 0 s                 ; 2.32 V                       ; 8.25e-09 V                   ; 2.41 V              ; -0.0871 V           ; 0.291 V                              ; 0.138 V                              ; 3.15e-10 s                  ; 4.16e-10 s                  ; No                         ; Yes                        ; 2.32 V                      ; 8.25e-09 V                  ; 2.41 V             ; -0.0871 V          ; 0.291 V                             ; 0.138 V                             ; 3.15e-10 s                 ; 4.16e-10 s                 ; No                        ; Yes                       ;
; out[4]       ; 2.5 V        ; 0 s                 ; 0 s                 ; 2.32 V                       ; 8.25e-09 V                   ; 2.41 V              ; -0.0859 V           ; 0.289 V                              ; 0.136 V                              ; 3.15e-10 s                  ; 4.16e-10 s                  ; No                         ; Yes                        ; 2.32 V                      ; 8.25e-09 V                  ; 2.41 V             ; -0.0859 V          ; 0.289 V                             ; 0.136 V                             ; 3.15e-10 s                 ; 4.16e-10 s                 ; No                        ; Yes                       ;
; out[5]       ; 2.5 V        ; 0 s                 ; 0 s                 ; 2.32 V                       ; 8.25e-09 V                   ; 2.41 V              ; -0.0859 V           ; 0.289 V                              ; 0.136 V                              ; 3.15e-10 s                  ; 4.16e-10 s                  ; No                         ; Yes                        ; 2.32 V                      ; 8.25e-09 V                  ; 2.41 V             ; -0.0859 V          ; 0.289 V                             ; 0.136 V                             ; 3.15e-10 s                 ; 4.16e-10 s                 ; No                        ; Yes                       ;
; out[6]       ; 2.5 V        ; 0 s                 ; 0 s                 ; 2.32 V                       ; 8.25e-09 V                   ; 2.41 V              ; -0.0859 V           ; 0.289 V                              ; 0.136 V                              ; 3.15e-10 s                  ; 4.16e-10 s                  ; No                         ; Yes                        ; 2.32 V                      ; 8.25e-09 V                  ; 2.41 V             ; -0.0859 V          ; 0.289 V                             ; 0.136 V                             ; 3.15e-10 s                 ; 4.16e-10 s                 ; No                        ; Yes                       ;
; out[7]       ; 2.5 V        ; 0 s                 ; 0 s                 ; 2.32 V                       ; 8.25e-09 V                   ; 2.41 V              ; -0.0859 V           ; 0.289 V                              ; 0.136 V                              ; 3.15e-10 s                  ; 4.16e-10 s                  ; No                         ; Yes                        ; 2.32 V                      ; 8.25e-09 V                  ; 2.41 V             ; -0.0859 V          ; 0.289 V                             ; 0.136 V                             ; 3.15e-10 s                 ; 4.16e-10 s                 ; No                        ; Yes                       ;
; out[8]       ; 2.5 V        ; 0 s                 ; 0 s                 ; 2.32 V                       ; 8.25e-09 V                   ; 2.41 V              ; -0.0871 V           ; 0.291 V                              ; 0.138 V                              ; 3.15e-10 s                  ; 4.16e-10 s                  ; No                         ; Yes                        ; 2.32 V                      ; 8.25e-09 V                  ; 2.41 V             ; -0.0871 V          ; 0.291 V                             ; 0.138 V                             ; 3.15e-10 s                 ; 4.16e-10 s                 ; No                        ; Yes                       ;
; out[9]       ; 2.5 V        ; 0 s                 ; 0 s                 ; 2.32 V                       ; 8.25e-09 V                   ; 2.41 V              ; -0.0871 V           ; 0.291 V                              ; 0.138 V                              ; 3.15e-10 s                  ; 4.16e-10 s                  ; No                         ; Yes                        ; 2.32 V                      ; 8.25e-09 V                  ; 2.41 V             ; -0.0871 V          ; 0.291 V                             ; 0.138 V                             ; 3.15e-10 s                 ; 4.16e-10 s                 ; No                        ; Yes                       ;
; out[10]      ; 2.5 V        ; 0 s                 ; 0 s                 ; 2.32 V                       ; 8.25e-09 V                   ; 2.41 V              ; -0.0859 V           ; 0.289 V                              ; 0.136 V                              ; 3.15e-10 s                  ; 4.16e-10 s                  ; No                         ; Yes                        ; 2.32 V                      ; 8.25e-09 V                  ; 2.41 V             ; -0.0859 V          ; 0.289 V                             ; 0.136 V                             ; 3.15e-10 s                 ; 4.16e-10 s                 ; No                        ; Yes                       ;
; out[11]      ; 2.5 V        ; 0 s                 ; 0 s                 ; 2.32 V                       ; 8.25e-09 V                   ; 2.41 V              ; -0.0871 V           ; 0.291 V                              ; 0.138 V                              ; 3.15e-10 s                  ; 4.16e-10 s                  ; No                         ; Yes                        ; 2.32 V                      ; 8.25e-09 V                  ; 2.41 V             ; -0.0871 V          ; 0.291 V                             ; 0.138 V                             ; 3.15e-10 s                 ; 4.16e-10 s                 ; No                        ; Yes                       ;
; out[12]      ; 2.5 V        ; 0 s                 ; 0 s                 ; 2.32 V                       ; 8.25e-09 V                   ; 2.41 V              ; -0.0859 V           ; 0.289 V                              ; 0.136 V                              ; 3.15e-10 s                  ; 4.16e-10 s                  ; No                         ; Yes                        ; 2.32 V                      ; 8.25e-09 V                  ; 2.41 V             ; -0.0859 V          ; 0.289 V                             ; 0.136 V                             ; 3.15e-10 s                 ; 4.16e-10 s                 ; No                        ; Yes                       ;
; out[13]      ; 2.5 V        ; 0 s                 ; 0 s                 ; 2.32 V                       ; 8.25e-09 V                   ; 2.41 V              ; -0.0871 V           ; 0.291 V                              ; 0.138 V                              ; 3.15e-10 s                  ; 4.16e-10 s                  ; No                         ; Yes                        ; 2.32 V                      ; 8.25e-09 V                  ; 2.41 V             ; -0.0871 V          ; 0.291 V                             ; 0.138 V                             ; 3.15e-10 s                 ; 4.16e-10 s                 ; No                        ; Yes                       ;
; out[14]      ; 2.5 V        ; 0 s                 ; 0 s                 ; 2.32 V                       ; 8.25e-09 V                   ; 2.41 V              ; -0.0871 V           ; 0.291 V                              ; 0.138 V                              ; 3.15e-10 s                  ; 4.16e-10 s                  ; No                         ; Yes                        ; 2.32 V                      ; 8.25e-09 V                  ; 2.41 V             ; -0.0871 V          ; 0.291 V                             ; 0.138 V                             ; 3.15e-10 s                 ; 4.16e-10 s                 ; No                        ; Yes                       ;
; out[15]      ; 2.5 V        ; 0 s                 ; 0 s                 ; 2.32 V                       ; 8.25e-09 V                   ; 2.41 V              ; -0.0871 V           ; 0.291 V                              ; 0.138 V                              ; 3.15e-10 s                  ; 4.16e-10 s                  ; No                         ; Yes                        ; 2.32 V                      ; 8.25e-09 V                  ; 2.41 V             ; -0.0871 V          ; 0.291 V                             ; 0.138 V                             ; 3.15e-10 s                 ; 4.16e-10 s                 ; No                        ; Yes                       ;
; out[16]      ; 2.5 V        ; 0 s                 ; 0 s                 ; 2.32 V                       ; 8.25e-09 V                   ; 2.41 V              ; -0.0871 V           ; 0.291 V                              ; 0.138 V                              ; 3.15e-10 s                  ; 4.16e-10 s                  ; No                         ; Yes                        ; 2.32 V                      ; 8.25e-09 V                  ; 2.41 V             ; -0.0871 V          ; 0.291 V                             ; 0.138 V                             ; 3.15e-10 s                 ; 4.16e-10 s                 ; No                        ; Yes                       ;
; out[17]      ; 2.5 V        ; 0 s                 ; 0 s                 ; 2.32 V                       ; 8.25e-09 V                   ; 2.41 V              ; -0.0871 V           ; 0.291 V                              ; 0.138 V                              ; 3.15e-10 s                  ; 4.16e-10 s                  ; No                         ; Yes                        ; 2.32 V                      ; 8.25e-09 V                  ; 2.41 V             ; -0.0871 V          ; 0.291 V                             ; 0.138 V                             ; 3.15e-10 s                 ; 4.16e-10 s                 ; No                        ; Yes                       ;
; out[18]      ; 2.5 V        ; 0 s                 ; 0 s                 ; 2.32 V                       ; 8.25e-09 V                   ; 2.41 V              ; -0.0871 V           ; 0.291 V                              ; 0.138 V                              ; 3.15e-10 s                  ; 4.16e-10 s                  ; No                         ; Yes                        ; 2.32 V                      ; 8.25e-09 V                  ; 2.41 V             ; -0.0871 V          ; 0.291 V                             ; 0.138 V                             ; 3.15e-10 s                 ; 4.16e-10 s                 ; No                        ; Yes                       ;
; out[19]      ; 2.5 V        ; 0 s                 ; 0 s                 ; 2.32 V                       ; 8.25e-09 V                   ; 2.41 V              ; -0.0871 V           ; 0.291 V                              ; 0.138 V                              ; 3.15e-10 s                  ; 4.16e-10 s                  ; No                         ; Yes                        ; 2.32 V                      ; 8.25e-09 V                  ; 2.41 V             ; -0.0871 V          ; 0.291 V                             ; 0.138 V                             ; 3.15e-10 s                 ; 4.16e-10 s                 ; No                        ; Yes                       ;
; out[20]      ; 2.5 V        ; 0 s                 ; 0 s                 ; 2.32 V                       ; 8.25e-09 V                   ; 2.41 V              ; -0.0871 V           ; 0.291 V                              ; 0.138 V                              ; 3.15e-10 s                  ; 4.16e-10 s                  ; No                         ; Yes                        ; 2.32 V                      ; 8.25e-09 V                  ; 2.41 V             ; -0.0871 V          ; 0.291 V                             ; 0.138 V                             ; 3.15e-10 s                 ; 4.16e-10 s                 ; No                        ; Yes                       ;
; out[21]      ; 2.5 V        ; 0 s                 ; 0 s                 ; 2.32 V                       ; 8.25e-09 V                   ; 2.41 V              ; -0.0871 V           ; 0.291 V                              ; 0.138 V                              ; 3.15e-10 s                  ; 4.16e-10 s                  ; No                         ; Yes                        ; 2.32 V                      ; 8.25e-09 V                  ; 2.41 V             ; -0.0871 V          ; 0.291 V                             ; 0.138 V                             ; 3.15e-10 s                 ; 4.16e-10 s                 ; No                        ; Yes                       ;
; out[22]      ; 2.5 V        ; 0 s                 ; 0 s                 ; 2.32 V                       ; 8.25e-09 V                   ; 2.41 V              ; -0.0859 V           ; 0.289 V                              ; 0.136 V                              ; 3.15e-10 s                  ; 4.16e-10 s                  ; No                         ; Yes                        ; 2.32 V                      ; 8.25e-09 V                  ; 2.41 V             ; -0.0859 V          ; 0.289 V                             ; 0.136 V                             ; 3.15e-10 s                 ; 4.16e-10 s                 ; No                        ; Yes                       ;
; out[23]      ; 2.5 V        ; 0 s                 ; 0 s                 ; 2.32 V                       ; 8.25e-09 V                   ; 2.41 V              ; -0.0859 V           ; 0.289 V                              ; 0.136 V                              ; 3.15e-10 s                  ; 4.16e-10 s                  ; No                         ; Yes                        ; 2.32 V                      ; 8.25e-09 V                  ; 2.41 V             ; -0.0859 V          ; 0.289 V                             ; 0.136 V                             ; 3.15e-10 s                 ; 4.16e-10 s                 ; No                        ; Yes                       ;
; out[24]      ; 2.5 V        ; 0 s                 ; 0 s                 ; 2.32 V                       ; 8.25e-09 V                   ; 2.41 V              ; -0.0871 V           ; 0.291 V                              ; 0.138 V                              ; 3.15e-10 s                  ; 4.16e-10 s                  ; No                         ; Yes                        ; 2.32 V                      ; 8.25e-09 V                  ; 2.41 V             ; -0.0871 V          ; 0.291 V                             ; 0.138 V                             ; 3.15e-10 s                 ; 4.16e-10 s                 ; No                        ; Yes                       ;
; out[25]      ; 2.5 V        ; 0 s                 ; 0 s                 ; 2.32 V                       ; 8.25e-09 V                   ; 2.41 V              ; -0.0859 V           ; 0.289 V                              ; 0.136 V                              ; 3.15e-10 s                  ; 4.16e-10 s                  ; No                         ; Yes                        ; 2.32 V                      ; 8.25e-09 V                  ; 2.41 V             ; -0.0859 V          ; 0.289 V                             ; 0.136 V                             ; 3.15e-10 s                 ; 4.16e-10 s                 ; No                        ; Yes                       ;
; out[26]      ; 2.5 V        ; 0 s                 ; 0 s                 ; 2.32 V                       ; 8.25e-09 V                   ; 2.41 V              ; -0.0859 V           ; 0.289 V                              ; 0.136 V                              ; 3.15e-10 s                  ; 4.16e-10 s                  ; No                         ; Yes                        ; 2.32 V                      ; 8.25e-09 V                  ; 2.41 V             ; -0.0859 V          ; 0.289 V                             ; 0.136 V                             ; 3.15e-10 s                 ; 4.16e-10 s                 ; No                        ; Yes                       ;
; out[27]      ; 2.5 V        ; 0 s                 ; 0 s                 ; 2.32 V                       ; 8.25e-09 V                   ; 2.41 V              ; -0.0871 V           ; 0.291 V                              ; 0.138 V                              ; 3.15e-10 s                  ; 4.16e-10 s                  ; No                         ; Yes                        ; 2.32 V                      ; 8.25e-09 V                  ; 2.41 V             ; -0.0871 V          ; 0.291 V                             ; 0.138 V                             ; 3.15e-10 s                 ; 4.16e-10 s                 ; No                        ; Yes                       ;
; out[28]      ; 2.5 V        ; 0 s                 ; 0 s                 ; 2.32 V                       ; 8.25e-09 V                   ; 2.41 V              ; -0.0859 V           ; 0.289 V                              ; 0.136 V                              ; 3.15e-10 s                  ; 4.16e-10 s                  ; No                         ; Yes                        ; 2.32 V                      ; 8.25e-09 V                  ; 2.41 V             ; -0.0859 V          ; 0.289 V                             ; 0.136 V                             ; 3.15e-10 s                 ; 4.16e-10 s                 ; No                        ; Yes                       ;
; out[29]      ; 2.5 V        ; 0 s                 ; 0 s                 ; 2.32 V                       ; 8.25e-09 V                   ; 2.41 V              ; -0.0859 V           ; 0.289 V                              ; 0.136 V                              ; 3.15e-10 s                  ; 4.16e-10 s                  ; No                         ; Yes                        ; 2.32 V                      ; 8.25e-09 V                  ; 2.41 V             ; -0.0859 V          ; 0.289 V                             ; 0.136 V                             ; 3.15e-10 s                 ; 4.16e-10 s                 ; No                        ; Yes                       ;
; out[30]      ; 2.5 V        ; 0 s                 ; 0 s                 ; 2.32 V                       ; 8.25e-09 V                   ; 2.41 V              ; -0.0859 V           ; 0.289 V                              ; 0.136 V                              ; 3.15e-10 s                  ; 4.16e-10 s                  ; No                         ; Yes                        ; 2.32 V                      ; 8.25e-09 V                  ; 2.41 V             ; -0.0859 V          ; 0.289 V                             ; 0.136 V                             ; 3.15e-10 s                 ; 4.16e-10 s                 ; No                        ; Yes                       ;
; out[31]      ; 2.5 V        ; 0 s                 ; 0 s                 ; 2.32 V                       ; 8.25e-09 V                   ; 2.33 V              ; -0.00603 V          ; 0.237 V                              ; 0.192 V                              ; 3.94e-09 s                  ; 3.71e-09 s                  ; No                         ; Yes                        ; 2.32 V                      ; 8.25e-09 V                  ; 2.33 V             ; -0.00603 V         ; 0.237 V                             ; 0.192 V                             ; 3.94e-09 s                 ; 3.71e-09 s                 ; No                        ; Yes                       ;
; A[0]         ; 2.5 V        ; 0 s                 ; 0 s                 ; 2.32 V                       ; 8.25e-09 V                   ; 2.41 V              ; -0.0871 V           ; 0.291 V                              ; 0.138 V                              ; 3.15e-10 s                  ; 4.16e-10 s                  ; No                         ; Yes                        ; 2.32 V                      ; 8.25e-09 V                  ; 2.41 V             ; -0.0871 V          ; 0.291 V                             ; 0.138 V                             ; 3.15e-10 s                 ; 4.16e-10 s                 ; No                        ; Yes                       ;
; A[1]         ; 2.5 V        ; 0 s                 ; 0 s                 ; 2.32 V                       ; 8.25e-09 V                   ; 2.41 V              ; -0.0871 V           ; 0.291 V                              ; 0.138 V                              ; 3.15e-10 s                  ; 4.16e-10 s                  ; No                         ; Yes                        ; 2.32 V                      ; 8.25e-09 V                  ; 2.41 V             ; -0.0871 V          ; 0.291 V                             ; 0.138 V                             ; 3.15e-10 s                 ; 4.16e-10 s                 ; No                        ; Yes                       ;
; A[2]         ; 2.5 V        ; 0 s                 ; 0 s                 ; 2.32 V                       ; 8.25e-09 V                   ; 2.41 V              ; -0.0871 V           ; 0.291 V                              ; 0.138 V                              ; 3.15e-10 s                  ; 4.16e-10 s                  ; No                         ; Yes                        ; 2.32 V                      ; 8.25e-09 V                  ; 2.41 V             ; -0.0871 V          ; 0.291 V                             ; 0.138 V                             ; 3.15e-10 s                 ; 4.16e-10 s                 ; No                        ; Yes                       ;
; A[3]         ; 2.5 V        ; 0 s                 ; 0 s                 ; 2.32 V                       ; 8.25e-09 V                   ; 2.41 V              ; -0.0871 V           ; 0.291 V                              ; 0.138 V                              ; 3.15e-10 s                  ; 4.16e-10 s                  ; No                         ; Yes                        ; 2.32 V                      ; 8.25e-09 V                  ; 2.41 V             ; -0.0871 V          ; 0.291 V                             ; 0.138 V                             ; 3.15e-10 s                 ; 4.16e-10 s                 ; No                        ; Yes                       ;
; A[4]         ; 2.5 V        ; 0 s                 ; 0 s                 ; 2.32 V                       ; 8.25e-09 V                   ; 2.41 V              ; -0.0859 V           ; 0.289 V                              ; 0.136 V                              ; 3.15e-10 s                  ; 4.16e-10 s                  ; No                         ; Yes                        ; 2.32 V                      ; 8.25e-09 V                  ; 2.41 V             ; -0.0859 V          ; 0.289 V                             ; 0.136 V                             ; 3.15e-10 s                 ; 4.16e-10 s                 ; No                        ; Yes                       ;
; A[5]         ; 2.5 V        ; 0 s                 ; 0 s                 ; 2.32 V                       ; 8.25e-09 V                   ; 2.41 V              ; -0.0871 V           ; 0.291 V                              ; 0.138 V                              ; 3.15e-10 s                  ; 4.16e-10 s                  ; No                         ; Yes                        ; 2.32 V                      ; 8.25e-09 V                  ; 2.41 V             ; -0.0871 V          ; 0.291 V                             ; 0.138 V                             ; 3.15e-10 s                 ; 4.16e-10 s                 ; No                        ; Yes                       ;
; A[6]         ; 2.5 V        ; 0 s                 ; 0 s                 ; 2.32 V                       ; 8.25e-09 V                   ; 2.41 V              ; -0.0859 V           ; 0.289 V                              ; 0.136 V                              ; 3.15e-10 s                  ; 4.16e-10 s                  ; No                         ; Yes                        ; 2.32 V                      ; 8.25e-09 V                  ; 2.41 V             ; -0.0859 V          ; 0.289 V                             ; 0.136 V                             ; 3.15e-10 s                 ; 4.16e-10 s                 ; No                        ; Yes                       ;
; A[7]         ; 2.5 V        ; 0 s                 ; 0 s                 ; 2.32 V                       ; 8.25e-09 V                   ; 2.41 V              ; -0.0859 V           ; 0.289 V                              ; 0.136 V                              ; 3.15e-10 s                  ; 4.16e-10 s                  ; No                         ; Yes                        ; 2.32 V                      ; 8.25e-09 V                  ; 2.41 V             ; -0.0859 V          ; 0.289 V                             ; 0.136 V                             ; 3.15e-10 s                 ; 4.16e-10 s                 ; No                        ; Yes                       ;
; A[8]         ; 2.5 V        ; 0 s                 ; 0 s                 ; 2.32 V                       ; 8.25e-09 V                   ; 2.41 V              ; -0.0859 V           ; 0.289 V                              ; 0.136 V                              ; 3.15e-10 s                  ; 4.16e-10 s                  ; No                         ; Yes                        ; 2.32 V                      ; 8.25e-09 V                  ; 2.41 V             ; -0.0859 V          ; 0.289 V                             ; 0.136 V                             ; 3.15e-10 s                 ; 4.16e-10 s                 ; No                        ; Yes                       ;
; A[9]         ; 2.5 V        ; 0 s                 ; 0 s                 ; 2.32 V                       ; 8.25e-09 V                   ; 2.41 V              ; -0.0871 V           ; 0.291 V                              ; 0.138 V                              ; 3.15e-10 s                  ; 4.16e-10 s                  ; No                         ; Yes                        ; 2.32 V                      ; 8.25e-09 V                  ; 2.41 V             ; -0.0871 V          ; 0.291 V                             ; 0.138 V                             ; 3.15e-10 s                 ; 4.16e-10 s                 ; No                        ; Yes                       ;
; A[10]        ; 2.5 V        ; 0 s                 ; 0 s                 ; 2.32 V                       ; 8.25e-09 V                   ; 2.41 V              ; -0.0859 V           ; 0.289 V                              ; 0.136 V                              ; 3.15e-10 s                  ; 4.16e-10 s                  ; No                         ; Yes                        ; 2.32 V                      ; 8.25e-09 V                  ; 2.41 V             ; -0.0859 V          ; 0.289 V                             ; 0.136 V                             ; 3.15e-10 s                 ; 4.16e-10 s                 ; No                        ; Yes                       ;
; A[11]        ; 2.5 V        ; 0 s                 ; 0 s                 ; 2.32 V                       ; 8.25e-09 V                   ; 2.41 V              ; -0.0859 V           ; 0.289 V                              ; 0.136 V                              ; 3.15e-10 s                  ; 4.16e-10 s                  ; No                         ; Yes                        ; 2.32 V                      ; 8.25e-09 V                  ; 2.41 V             ; -0.0859 V          ; 0.289 V                             ; 0.136 V                             ; 3.15e-10 s                 ; 4.16e-10 s                 ; No                        ; Yes                       ;
; A[12]        ; 2.5 V        ; 0 s                 ; 0 s                 ; 2.32 V                       ; 8.25e-09 V                   ; 2.41 V              ; -0.0871 V           ; 0.291 V                              ; 0.138 V                              ; 3.15e-10 s                  ; 4.16e-10 s                  ; No                         ; Yes                        ; 2.32 V                      ; 8.25e-09 V                  ; 2.41 V             ; -0.0871 V          ; 0.291 V                             ; 0.138 V                             ; 3.15e-10 s                 ; 4.16e-10 s                 ; No                        ; Yes                       ;
; A[13]        ; 2.5 V        ; 0 s                 ; 0 s                 ; 2.32 V                       ; 8.25e-09 V                   ; 2.41 V              ; -0.0871 V           ; 0.291 V                              ; 0.138 V                              ; 3.15e-10 s                  ; 4.16e-10 s                  ; No                         ; Yes                        ; 2.32 V                      ; 8.25e-09 V                  ; 2.41 V             ; -0.0871 V          ; 0.291 V                             ; 0.138 V                             ; 3.15e-10 s                 ; 4.16e-10 s                 ; No                        ; Yes                       ;
; A[14]        ; 2.5 V        ; 0 s                 ; 0 s                 ; 2.32 V                       ; 8.25e-09 V                   ; 2.41 V              ; -0.0859 V           ; 0.289 V                              ; 0.136 V                              ; 3.15e-10 s                  ; 4.16e-10 s                  ; No                         ; Yes                        ; 2.32 V                      ; 8.25e-09 V                  ; 2.41 V             ; -0.0859 V          ; 0.289 V                             ; 0.136 V                             ; 3.15e-10 s                 ; 4.16e-10 s                 ; No                        ; Yes                       ;
; A[15]        ; 2.5 V        ; 0 s                 ; 0 s                 ; 2.32 V                       ; 8.25e-09 V                   ; 2.41 V              ; -0.0871 V           ; 0.291 V                              ; 0.138 V                              ; 3.15e-10 s                  ; 4.16e-10 s                  ; No                         ; Yes                        ; 2.32 V                      ; 8.25e-09 V                  ; 2.41 V             ; -0.0871 V          ; 0.291 V                             ; 0.138 V                             ; 3.15e-10 s                 ; 4.16e-10 s                 ; No                        ; Yes                       ;
; A[16]        ; 2.5 V        ; 0 s                 ; 0 s                 ; 2.32 V                       ; 8.25e-09 V                   ; 2.41 V              ; -0.0871 V           ; 0.291 V                              ; 0.138 V                              ; 3.15e-10 s                  ; 4.16e-10 s                  ; No                         ; Yes                        ; 2.32 V                      ; 8.25e-09 V                  ; 2.41 V             ; -0.0871 V          ; 0.291 V                             ; 0.138 V                             ; 3.15e-10 s                 ; 4.16e-10 s                 ; No                        ; Yes                       ;
; A[17]        ; 2.5 V        ; 0 s                 ; 0 s                 ; 2.32 V                       ; 8.25e-09 V                   ; 2.41 V              ; -0.0871 V           ; 0.291 V                              ; 0.138 V                              ; 3.15e-10 s                  ; 4.16e-10 s                  ; No                         ; Yes                        ; 2.32 V                      ; 8.25e-09 V                  ; 2.41 V             ; -0.0871 V          ; 0.291 V                             ; 0.138 V                             ; 3.15e-10 s                 ; 4.16e-10 s                 ; No                        ; Yes                       ;
; A[18]        ; 2.5 V        ; 0 s                 ; 0 s                 ; 2.32 V                       ; 8.25e-09 V                   ; 2.41 V              ; -0.0859 V           ; 0.289 V                              ; 0.136 V                              ; 3.15e-10 s                  ; 4.16e-10 s                  ; No                         ; Yes                        ; 2.32 V                      ; 8.25e-09 V                  ; 2.41 V             ; -0.0859 V          ; 0.289 V                             ; 0.136 V                             ; 3.15e-10 s                 ; 4.16e-10 s                 ; No                        ; Yes                       ;
; A[19]        ; 2.5 V        ; 0 s                 ; 0 s                 ; 2.32 V                       ; 8.25e-09 V                   ; 2.41 V              ; -0.0859 V           ; 0.289 V                              ; 0.136 V                              ; 3.15e-10 s                  ; 4.16e-10 s                  ; No                         ; Yes                        ; 2.32 V                      ; 8.25e-09 V                  ; 2.41 V             ; -0.0859 V          ; 0.289 V                             ; 0.136 V                             ; 3.15e-10 s                 ; 4.16e-10 s                 ; No                        ; Yes                       ;
; A[20]        ; 2.5 V        ; 0 s                 ; 0 s                 ; 2.32 V                       ; 8.25e-09 V                   ; 2.41 V              ; -0.0859 V           ; 0.289 V                              ; 0.136 V                              ; 3.15e-10 s                  ; 4.16e-10 s                  ; No                         ; Yes                        ; 2.32 V                      ; 8.25e-09 V                  ; 2.41 V             ; -0.0859 V          ; 0.289 V                             ; 0.136 V                             ; 3.15e-10 s                 ; 4.16e-10 s                 ; No                        ; Yes                       ;
; A[21]        ; 2.5 V        ; 0 s                 ; 0 s                 ; 2.32 V                       ; 8.25e-09 V                   ; 2.41 V              ; -0.0859 V           ; 0.289 V                              ; 0.136 V                              ; 3.15e-10 s                  ; 4.16e-10 s                  ; No                         ; Yes                        ; 2.32 V                      ; 8.25e-09 V                  ; 2.41 V             ; -0.0859 V          ; 0.289 V                             ; 0.136 V                             ; 3.15e-10 s                 ; 4.16e-10 s                 ; No                        ; Yes                       ;
; A[22]        ; 2.5 V        ; 0 s                 ; 0 s                 ; 2.32 V                       ; 8.25e-09 V                   ; 2.41 V              ; -0.0859 V           ; 0.289 V                              ; 0.136 V                              ; 3.15e-10 s                  ; 4.16e-10 s                  ; No                         ; Yes                        ; 2.32 V                      ; 8.25e-09 V                  ; 2.41 V             ; -0.0859 V          ; 0.289 V                             ; 0.136 V                             ; 3.15e-10 s                 ; 4.16e-10 s                 ; No                        ; Yes                       ;
; A[23]        ; 2.5 V        ; 0 s                 ; 0 s                 ; 2.32 V                       ; 8.25e-09 V                   ; 2.41 V              ; -0.0859 V           ; 0.289 V                              ; 0.136 V                              ; 3.15e-10 s                  ; 4.16e-10 s                  ; No                         ; Yes                        ; 2.32 V                      ; 8.25e-09 V                  ; 2.41 V             ; -0.0859 V          ; 0.289 V                             ; 0.136 V                             ; 3.15e-10 s                 ; 4.16e-10 s                 ; No                        ; Yes                       ;
; A[24]        ; 2.5 V        ; 0 s                 ; 0 s                 ; 2.32 V                       ; 8.25e-09 V                   ; 2.41 V              ; -0.0859 V           ; 0.289 V                              ; 0.136 V                              ; 3.15e-10 s                  ; 4.16e-10 s                  ; No                         ; Yes                        ; 2.32 V                      ; 8.25e-09 V                  ; 2.41 V             ; -0.0859 V          ; 0.289 V                             ; 0.136 V                             ; 3.15e-10 s                 ; 4.16e-10 s                 ; No                        ; Yes                       ;
; A[25]        ; 2.5 V        ; 0 s                 ; 0 s                 ; 2.32 V                       ; 8.25e-09 V                   ; 2.41 V              ; -0.0859 V           ; 0.289 V                              ; 0.136 V                              ; 3.15e-10 s                  ; 4.16e-10 s                  ; No                         ; Yes                        ; 2.32 V                      ; 8.25e-09 V                  ; 2.41 V             ; -0.0859 V          ; 0.289 V                             ; 0.136 V                             ; 3.15e-10 s                 ; 4.16e-10 s                 ; No                        ; Yes                       ;
; A[26]        ; 2.5 V        ; 0 s                 ; 0 s                 ; 2.32 V                       ; 8.25e-09 V                   ; 2.41 V              ; -0.0871 V           ; 0.291 V                              ; 0.138 V                              ; 3.15e-10 s                  ; 4.16e-10 s                  ; No                         ; Yes                        ; 2.32 V                      ; 8.25e-09 V                  ; 2.41 V             ; -0.0871 V          ; 0.291 V                             ; 0.138 V                             ; 3.15e-10 s                 ; 4.16e-10 s                 ; No                        ; Yes                       ;
; A[27]        ; 2.5 V        ; 0 s                 ; 0 s                 ; 2.32 V                       ; 8.25e-09 V                   ; 2.41 V              ; -0.0859 V           ; 0.289 V                              ; 0.136 V                              ; 3.15e-10 s                  ; 4.16e-10 s                  ; No                         ; Yes                        ; 2.32 V                      ; 8.25e-09 V                  ; 2.41 V             ; -0.0859 V          ; 0.289 V                             ; 0.136 V                             ; 3.15e-10 s                 ; 4.16e-10 s                 ; No                        ; Yes                       ;
; A[28]        ; 2.5 V        ; 0 s                 ; 0 s                 ; 2.32 V                       ; 8.25e-09 V                   ; 2.41 V              ; -0.0871 V           ; 0.291 V                              ; 0.138 V                              ; 3.15e-10 s                  ; 4.16e-10 s                  ; No                         ; Yes                        ; 2.32 V                      ; 8.25e-09 V                  ; 2.41 V             ; -0.0871 V          ; 0.291 V                             ; 0.138 V                             ; 3.15e-10 s                 ; 4.16e-10 s                 ; No                        ; Yes                       ;
; A[29]        ; 2.5 V        ; 0 s                 ; 0 s                 ; 2.32 V                       ; 8.25e-09 V                   ; 2.41 V              ; -0.0871 V           ; 0.291 V                              ; 0.138 V                              ; 3.15e-10 s                  ; 4.16e-10 s                  ; No                         ; Yes                        ; 2.32 V                      ; 8.25e-09 V                  ; 2.41 V             ; -0.0871 V          ; 0.291 V                             ; 0.138 V                             ; 3.15e-10 s                 ; 4.16e-10 s                 ; No                        ; Yes                       ;
; A[30]        ; 2.5 V        ; 0 s                 ; 0 s                 ; 2.32 V                       ; 8.25e-09 V                   ; 2.41 V              ; -0.0859 V           ; 0.289 V                              ; 0.136 V                              ; 3.15e-10 s                  ; 4.16e-10 s                  ; No                         ; Yes                        ; 2.32 V                      ; 8.25e-09 V                  ; 2.41 V             ; -0.0859 V          ; 0.289 V                             ; 0.136 V                             ; 3.15e-10 s                 ; 4.16e-10 s                 ; No                        ; Yes                       ;
; A[31]        ; 2.5 V        ; 0 s                 ; 0 s                 ; 2.32 V                       ; 8.25e-09 V                   ; 2.41 V              ; -0.0871 V           ; 0.291 V                              ; 0.138 V                              ; 3.15e-10 s                  ; 4.16e-10 s                  ; No                         ; Yes                        ; 2.32 V                      ; 8.25e-09 V                  ; 2.41 V             ; -0.0871 V          ; 0.291 V                             ; 0.138 V                             ; 3.15e-10 s                 ; 4.16e-10 s                 ; No                        ; Yes                       ;
; B[0]         ; 2.5 V        ; 0 s                 ; 0 s                 ; 2.32 V                       ; 8.25e-09 V                   ; 2.41 V              ; -0.0871 V           ; 0.291 V                              ; 0.138 V                              ; 3.15e-10 s                  ; 4.16e-10 s                  ; No                         ; Yes                        ; 2.32 V                      ; 8.25e-09 V                  ; 2.41 V             ; -0.0871 V          ; 0.291 V                             ; 0.138 V                             ; 3.15e-10 s                 ; 4.16e-10 s                 ; No                        ; Yes                       ;
; B[1]         ; 2.5 V        ; 0 s                 ; 0 s                 ; 2.32 V                       ; 8.26e-09 V                   ; 2.4 V               ; -0.0773 V           ; 0.156 V                              ; 0.166 V                              ; 4.55e-10 s                  ; 4.33e-10 s                  ; No                         ; Yes                        ; 2.32 V                      ; 8.26e-09 V                  ; 2.4 V              ; -0.0773 V          ; 0.156 V                             ; 0.166 V                             ; 4.55e-10 s                 ; 4.33e-10 s                 ; No                        ; Yes                       ;
; B[2]         ; 2.5 V        ; 0 s                 ; 0 s                 ; 2.32 V                       ; 8.25e-09 V                   ; 2.41 V              ; -0.0871 V           ; 0.291 V                              ; 0.138 V                              ; 3.15e-10 s                  ; 4.16e-10 s                  ; No                         ; Yes                        ; 2.32 V                      ; 8.25e-09 V                  ; 2.41 V             ; -0.0871 V          ; 0.291 V                             ; 0.138 V                             ; 3.15e-10 s                 ; 4.16e-10 s                 ; No                        ; Yes                       ;
; B[3]         ; 2.5 V        ; 0 s                 ; 0 s                 ; 2.32 V                       ; 8.25e-09 V                   ; 2.41 V              ; -0.0859 V           ; 0.289 V                              ; 0.136 V                              ; 3.15e-10 s                  ; 4.16e-10 s                  ; No                         ; Yes                        ; 2.32 V                      ; 8.25e-09 V                  ; 2.41 V             ; -0.0859 V          ; 0.289 V                             ; 0.136 V                             ; 3.15e-10 s                 ; 4.16e-10 s                 ; No                        ; Yes                       ;
; B[4]         ; 2.5 V        ; 0 s                 ; 0 s                 ; 2.32 V                       ; 8.25e-09 V                   ; 2.41 V              ; -0.0859 V           ; 0.289 V                              ; 0.136 V                              ; 3.15e-10 s                  ; 4.16e-10 s                  ; No                         ; Yes                        ; 2.32 V                      ; 8.25e-09 V                  ; 2.41 V             ; -0.0859 V          ; 0.289 V                             ; 0.136 V                             ; 3.15e-10 s                 ; 4.16e-10 s                 ; No                        ; Yes                       ;
; B[5]         ; 2.5 V        ; 0 s                 ; 0 s                 ; 2.32 V                       ; 8.25e-09 V                   ; 2.41 V              ; -0.0859 V           ; 0.289 V                              ; 0.136 V                              ; 3.15e-10 s                  ; 4.16e-10 s                  ; No                         ; Yes                        ; 2.32 V                      ; 8.25e-09 V                  ; 2.41 V             ; -0.0859 V          ; 0.289 V                             ; 0.136 V                             ; 3.15e-10 s                 ; 4.16e-10 s                 ; No                        ; Yes                       ;
; B[6]         ; 2.5 V        ; 0 s                 ; 0 s                 ; 2.32 V                       ; 8.25e-09 V                   ; 2.41 V              ; -0.0859 V           ; 0.289 V                              ; 0.136 V                              ; 3.15e-10 s                  ; 4.16e-10 s                  ; No                         ; Yes                        ; 2.32 V                      ; 8.25e-09 V                  ; 2.41 V             ; -0.0859 V          ; 0.289 V                             ; 0.136 V                             ; 3.15e-10 s                 ; 4.16e-10 s                 ; No                        ; Yes                       ;
; B[7]         ; 2.5 V        ; 0 s                 ; 0 s                 ; 2.32 V                       ; 8.25e-09 V                   ; 2.41 V              ; -0.0859 V           ; 0.289 V                              ; 0.136 V                              ; 3.15e-10 s                  ; 4.16e-10 s                  ; No                         ; Yes                        ; 2.32 V                      ; 8.25e-09 V                  ; 2.41 V             ; -0.0859 V          ; 0.289 V                             ; 0.136 V                             ; 3.15e-10 s                 ; 4.16e-10 s                 ; No                        ; Yes                       ;
; B[8]         ; 2.5 V        ; 0 s                 ; 0 s                 ; 2.32 V                       ; 8.25e-09 V                   ; 2.41 V              ; -0.0871 V           ; 0.291 V                              ; 0.138 V                              ; 3.15e-10 s                  ; 4.16e-10 s                  ; No                         ; Yes                        ; 2.32 V                      ; 8.25e-09 V                  ; 2.41 V             ; -0.0871 V          ; 0.291 V                             ; 0.138 V                             ; 3.15e-10 s                 ; 4.16e-10 s                 ; No                        ; Yes                       ;
; B[9]         ; 2.5 V        ; 0 s                 ; 0 s                 ; 2.32 V                       ; 8.26e-09 V                   ; 2.4 V               ; -0.0783 V           ; 0.157 V                              ; 0.167 V                              ; 4.55e-10 s                  ; 4.33e-10 s                  ; No                         ; Yes                        ; 2.32 V                      ; 8.26e-09 V                  ; 2.4 V              ; -0.0783 V          ; 0.157 V                             ; 0.167 V                             ; 4.55e-10 s                 ; 4.33e-10 s                 ; No                        ; Yes                       ;
; B[10]        ; 2.5 V        ; 0 s                 ; 0 s                 ; 2.32 V                       ; 8.25e-09 V                   ; 2.41 V              ; -0.0871 V           ; 0.291 V                              ; 0.138 V                              ; 3.15e-10 s                  ; 4.16e-10 s                  ; No                         ; Yes                        ; 2.32 V                      ; 8.25e-09 V                  ; 2.41 V             ; -0.0871 V          ; 0.291 V                             ; 0.138 V                             ; 3.15e-10 s                 ; 4.16e-10 s                 ; No                        ; Yes                       ;
; B[11]        ; 2.5 V        ; 0 s                 ; 0 s                 ; 2.32 V                       ; 8.25e-09 V                   ; 2.41 V              ; -0.0859 V           ; 0.289 V                              ; 0.136 V                              ; 3.15e-10 s                  ; 4.16e-10 s                  ; No                         ; Yes                        ; 2.32 V                      ; 8.25e-09 V                  ; 2.41 V             ; -0.0859 V          ; 0.289 V                             ; 0.136 V                             ; 3.15e-10 s                 ; 4.16e-10 s                 ; No                        ; Yes                       ;
; B[12]        ; 2.5 V        ; 0 s                 ; 0 s                 ; 2.32 V                       ; 8.25e-09 V                   ; 2.41 V              ; -0.0871 V           ; 0.291 V                              ; 0.138 V                              ; 3.15e-10 s                  ; 4.16e-10 s                  ; No                         ; Yes                        ; 2.32 V                      ; 8.25e-09 V                  ; 2.41 V             ; -0.0871 V          ; 0.291 V                             ; 0.138 V                             ; 3.15e-10 s                 ; 4.16e-10 s                 ; No                        ; Yes                       ;
; B[13]        ; 2.5 V        ; 0 s                 ; 0 s                 ; 2.32 V                       ; 8.25e-09 V                   ; 2.41 V              ; -0.0871 V           ; 0.291 V                              ; 0.138 V                              ; 3.15e-10 s                  ; 4.16e-10 s                  ; No                         ; Yes                        ; 2.32 V                      ; 8.25e-09 V                  ; 2.41 V             ; -0.0871 V          ; 0.291 V                             ; 0.138 V                             ; 3.15e-10 s                 ; 4.16e-10 s                 ; No                        ; Yes                       ;
; B[14]        ; 2.5 V        ; 0 s                 ; 0 s                 ; 2.32 V                       ; 8.25e-09 V                   ; 2.41 V              ; -0.0871 V           ; 0.291 V                              ; 0.138 V                              ; 3.15e-10 s                  ; 4.16e-10 s                  ; No                         ; Yes                        ; 2.32 V                      ; 8.25e-09 V                  ; 2.41 V             ; -0.0871 V          ; 0.291 V                             ; 0.138 V                             ; 3.15e-10 s                 ; 4.16e-10 s                 ; No                        ; Yes                       ;
; B[15]        ; 2.5 V        ; 0 s                 ; 0 s                 ; 2.32 V                       ; 8.25e-09 V                   ; 2.33 V              ; -0.00603 V          ; 0.237 V                              ; 0.191 V                              ; 3.94e-09 s                  ; 3.71e-09 s                  ; No                         ; Yes                        ; 2.32 V                      ; 8.25e-09 V                  ; 2.33 V             ; -0.00603 V         ; 0.237 V                             ; 0.191 V                             ; 3.94e-09 s                 ; 3.71e-09 s                 ; No                        ; Yes                       ;
; B[16]        ; 2.5 V        ; 0 s                 ; 0 s                 ; 2.32 V                       ; 8.26e-09 V                   ; 2.4 V               ; -0.0783 V           ; 0.157 V                              ; 0.167 V                              ; 4.55e-10 s                  ; 4.33e-10 s                  ; No                         ; Yes                        ; 2.32 V                      ; 8.26e-09 V                  ; 2.4 V              ; -0.0783 V          ; 0.157 V                             ; 0.167 V                             ; 4.55e-10 s                 ; 4.33e-10 s                 ; No                        ; Yes                       ;
; B[17]        ; 2.5 V        ; 0 s                 ; 0 s                 ; 2.32 V                       ; 8.25e-09 V                   ; 2.41 V              ; -0.0859 V           ; 0.289 V                              ; 0.136 V                              ; 3.15e-10 s                  ; 4.16e-10 s                  ; No                         ; Yes                        ; 2.32 V                      ; 8.25e-09 V                  ; 2.41 V             ; -0.0859 V          ; 0.289 V                             ; 0.136 V                             ; 3.15e-10 s                 ; 4.16e-10 s                 ; No                        ; Yes                       ;
; B[18]        ; 2.5 V        ; 0 s                 ; 0 s                 ; 2.32 V                       ; 8.25e-09 V                   ; 2.41 V              ; -0.0871 V           ; 0.291 V                              ; 0.138 V                              ; 3.15e-10 s                  ; 4.16e-10 s                  ; No                         ; Yes                        ; 2.32 V                      ; 8.25e-09 V                  ; 2.41 V             ; -0.0871 V          ; 0.291 V                             ; 0.138 V                             ; 3.15e-10 s                 ; 4.16e-10 s                 ; No                        ; Yes                       ;
; B[19]        ; 2.5 V        ; 0 s                 ; 0 s                 ; 2.32 V                       ; 8.26e-09 V                   ; 2.4 V               ; -0.0773 V           ; 0.156 V                              ; 0.166 V                              ; 4.55e-10 s                  ; 4.33e-10 s                  ; No                         ; Yes                        ; 2.32 V                      ; 8.26e-09 V                  ; 2.4 V              ; -0.0773 V          ; 0.156 V                             ; 0.166 V                             ; 4.55e-10 s                 ; 4.33e-10 s                 ; No                        ; Yes                       ;
; B[20]        ; 2.5 V        ; 0 s                 ; 0 s                 ; 2.32 V                       ; 8.25e-09 V                   ; 2.41 V              ; -0.0871 V           ; 0.291 V                              ; 0.138 V                              ; 3.15e-10 s                  ; 4.16e-10 s                  ; No                         ; Yes                        ; 2.32 V                      ; 8.25e-09 V                  ; 2.41 V             ; -0.0871 V          ; 0.291 V                             ; 0.138 V                             ; 3.15e-10 s                 ; 4.16e-10 s                 ; No                        ; Yes                       ;
; B[21]        ; 2.5 V        ; 0 s                 ; 0 s                 ; 2.32 V                       ; 8.25e-09 V                   ; 2.41 V              ; -0.0859 V           ; 0.289 V                              ; 0.136 V                              ; 3.15e-10 s                  ; 4.16e-10 s                  ; No                         ; Yes                        ; 2.32 V                      ; 8.25e-09 V                  ; 2.41 V             ; -0.0859 V          ; 0.289 V                             ; 0.136 V                             ; 3.15e-10 s                 ; 4.16e-10 s                 ; No                        ; Yes                       ;
; B[22]        ; 2.5 V        ; 0 s                 ; 0 s                 ; 2.32 V                       ; 8.25e-09 V                   ; 2.41 V              ; -0.0871 V           ; 0.291 V                              ; 0.138 V                              ; 3.15e-10 s                  ; 4.16e-10 s                  ; No                         ; Yes                        ; 2.32 V                      ; 8.25e-09 V                  ; 2.41 V             ; -0.0871 V          ; 0.291 V                             ; 0.138 V                             ; 3.15e-10 s                 ; 4.16e-10 s                 ; No                        ; Yes                       ;
; B[23]        ; 2.5 V        ; 0 s                 ; 0 s                 ; 2.32 V                       ; 8.26e-09 V                   ; 2.4 V               ; -0.0783 V           ; 0.157 V                              ; 0.167 V                              ; 4.55e-10 s                  ; 4.33e-10 s                  ; No                         ; Yes                        ; 2.32 V                      ; 8.26e-09 V                  ; 2.4 V              ; -0.0783 V          ; 0.157 V                             ; 0.167 V                             ; 4.55e-10 s                 ; 4.33e-10 s                 ; No                        ; Yes                       ;
; B[24]        ; 2.5 V        ; 0 s                 ; 0 s                 ; 2.32 V                       ; 8.25e-09 V                   ; 2.33 V              ; -0.00603 V          ; 0.237 V                              ; 0.191 V                              ; 3.94e-09 s                  ; 3.71e-09 s                  ; No                         ; Yes                        ; 2.32 V                      ; 8.25e-09 V                  ; 2.33 V             ; -0.00603 V         ; 0.237 V                             ; 0.191 V                             ; 3.94e-09 s                 ; 3.71e-09 s                 ; No                        ; Yes                       ;
; B[25]        ; 2.5 V        ; 0 s                 ; 0 s                 ; 2.32 V                       ; 8.25e-09 V                   ; 2.41 V              ; -0.0871 V           ; 0.291 V                              ; 0.138 V                              ; 3.15e-10 s                  ; 4.16e-10 s                  ; No                         ; Yes                        ; 2.32 V                      ; 8.25e-09 V                  ; 2.41 V             ; -0.0871 V          ; 0.291 V                             ; 0.138 V                             ; 3.15e-10 s                 ; 4.16e-10 s                 ; No                        ; Yes                       ;
; B[26]        ; 2.5 V        ; 0 s                 ; 0 s                 ; 2.32 V                       ; 8.25e-09 V                   ; 2.41 V              ; -0.0859 V           ; 0.289 V                              ; 0.136 V                              ; 3.15e-10 s                  ; 4.16e-10 s                  ; No                         ; Yes                        ; 2.32 V                      ; 8.25e-09 V                  ; 2.41 V             ; -0.0859 V          ; 0.289 V                             ; 0.136 V                             ; 3.15e-10 s                 ; 4.16e-10 s                 ; No                        ; Yes                       ;
; B[27]        ; 2.5 V        ; 0 s                 ; 0 s                 ; 2.32 V                       ; 8.26e-09 V                   ; 2.4 V               ; -0.0773 V           ; 0.156 V                              ; 0.166 V                              ; 4.55e-10 s                  ; 4.33e-10 s                  ; No                         ; Yes                        ; 2.32 V                      ; 8.26e-09 V                  ; 2.4 V              ; -0.0773 V          ; 0.156 V                             ; 0.166 V                             ; 4.55e-10 s                 ; 4.33e-10 s                 ; No                        ; Yes                       ;
; B[28]        ; 2.5 V        ; 0 s                 ; 0 s                 ; 2.32 V                       ; 8.25e-09 V                   ; 2.33 V              ; -0.00603 V          ; 0.237 V                              ; 0.191 V                              ; 3.94e-09 s                  ; 3.71e-09 s                  ; No                         ; Yes                        ; 2.32 V                      ; 8.25e-09 V                  ; 2.33 V             ; -0.00603 V         ; 0.237 V                             ; 0.191 V                             ; 3.94e-09 s                 ; 3.71e-09 s                 ; No                        ; Yes                       ;
; B[29]        ; 2.5 V        ; 0 s                 ; 0 s                 ; 2.32 V                       ; 8.25e-09 V                   ; 2.41 V              ; -0.0871 V           ; 0.291 V                              ; 0.138 V                              ; 3.15e-10 s                  ; 4.16e-10 s                  ; No                         ; Yes                        ; 2.32 V                      ; 8.25e-09 V                  ; 2.41 V             ; -0.0871 V          ; 0.291 V                             ; 0.138 V                             ; 3.15e-10 s                 ; 4.16e-10 s                 ; No                        ; Yes                       ;
; B[30]        ; 2.5 V        ; 0 s                 ; 0 s                 ; 2.32 V                       ; 8.25e-09 V                   ; 2.41 V              ; -0.0859 V           ; 0.289 V                              ; 0.136 V                              ; 3.15e-10 s                  ; 4.16e-10 s                  ; No                         ; Yes                        ; 2.32 V                      ; 8.25e-09 V                  ; 2.41 V             ; -0.0859 V          ; 0.289 V                             ; 0.136 V                             ; 3.15e-10 s                 ; 4.16e-10 s                 ; No                        ; Yes                       ;
; B[31]        ; 2.5 V        ; 0 s                 ; 0 s                 ; 2.32 V                       ; 8.25e-09 V                   ; 2.41 V              ; -0.0871 V           ; 0.291 V                              ; 0.138 V                              ; 3.15e-10 s                  ; 4.16e-10 s                  ; No                         ; Yes                        ; 2.32 V                      ; 8.25e-09 V                  ; 2.41 V             ; -0.0871 V          ; 0.291 V                             ; 0.138 V                             ; 3.15e-10 s                 ; 4.16e-10 s                 ; No                        ; Yes                       ;
; instruc[0]   ; 2.5 V        ; 0 s                 ; 0 s                 ; 2.32 V                       ; 8.25e-09 V                   ; 2.41 V              ; -0.0859 V           ; 0.289 V                              ; 0.136 V                              ; 3.15e-10 s                  ; 4.16e-10 s                  ; No                         ; Yes                        ; 2.32 V                      ; 8.25e-09 V                  ; 2.41 V             ; -0.0859 V          ; 0.289 V                             ; 0.136 V                             ; 3.15e-10 s                 ; 4.16e-10 s                 ; No                        ; Yes                       ;
; instruc[1]   ; 2.5 V        ; 0 s                 ; 0 s                 ; 2.32 V                       ; 8.26e-09 V                   ; 2.4 V               ; -0.0783 V           ; 0.157 V                              ; 0.167 V                              ; 4.55e-10 s                  ; 4.33e-10 s                  ; No                         ; Yes                        ; 2.32 V                      ; 8.26e-09 V                  ; 2.4 V              ; -0.0783 V          ; 0.157 V                             ; 0.167 V                             ; 4.55e-10 s                 ; 4.33e-10 s                 ; No                        ; Yes                       ;
; instruc[2]   ; 2.5 V        ; 0 s                 ; 0 s                 ; 2.32 V                       ; 8.26e-09 V                   ; 2.4 V               ; -0.0783 V           ; 0.157 V                              ; 0.167 V                              ; 4.55e-10 s                  ; 4.33e-10 s                  ; No                         ; Yes                        ; 2.32 V                      ; 8.26e-09 V                  ; 2.4 V              ; -0.0783 V          ; 0.157 V                             ; 0.167 V                             ; 4.55e-10 s                 ; 4.33e-10 s                 ; No                        ; Yes                       ;
; instruc[3]   ; 2.5 V        ; 0 s                 ; 0 s                 ; 2.32 V                       ; 8.25e-09 V                   ; 2.41 V              ; -0.0859 V           ; 0.289 V                              ; 0.136 V                              ; 3.15e-10 s                  ; 4.16e-10 s                  ; No                         ; Yes                        ; 2.32 V                      ; 8.25e-09 V                  ; 2.41 V             ; -0.0859 V          ; 0.289 V                             ; 0.136 V                             ; 3.15e-10 s                 ; 4.16e-10 s                 ; No                        ; Yes                       ;
; instruc[4]   ; 2.5 V        ; 0 s                 ; 0 s                 ; 2.32 V                       ; 8.25e-09 V                   ; 2.41 V              ; -0.0859 V           ; 0.289 V                              ; 0.136 V                              ; 3.15e-10 s                  ; 4.16e-10 s                  ; No                         ; Yes                        ; 2.32 V                      ; 8.25e-09 V                  ; 2.41 V             ; -0.0859 V          ; 0.289 V                             ; 0.136 V                             ; 3.15e-10 s                 ; 4.16e-10 s                 ; No                        ; Yes                       ;
; instruc[5]   ; 2.5 V        ; 0 s                 ; 0 s                 ; 2.32 V                       ; 8.26e-09 V                   ; 2.4 V               ; -0.0783 V           ; 0.157 V                              ; 0.167 V                              ; 4.55e-10 s                  ; 4.33e-10 s                  ; No                         ; Yes                        ; 2.32 V                      ; 8.26e-09 V                  ; 2.4 V              ; -0.0783 V          ; 0.157 V                             ; 0.167 V                             ; 4.55e-10 s                 ; 4.33e-10 s                 ; No                        ; Yes                       ;
; instruc[6]   ; 2.5 V        ; 0 s                 ; 0 s                 ; 2.32 V                       ; 8.25e-09 V                   ; 2.41 V              ; -0.0859 V           ; 0.289 V                              ; 0.136 V                              ; 3.15e-10 s                  ; 4.16e-10 s                  ; No                         ; Yes                        ; 2.32 V                      ; 8.25e-09 V                  ; 2.41 V             ; -0.0859 V          ; 0.289 V                             ; 0.136 V                             ; 3.15e-10 s                 ; 4.16e-10 s                 ; No                        ; Yes                       ;
; instruc[7]   ; 2.5 V        ; 0 s                 ; 0 s                 ; 2.32 V                       ; 8.25e-09 V                   ; 2.41 V              ; -0.0871 V           ; 0.291 V                              ; 0.138 V                              ; 3.15e-10 s                  ; 4.16e-10 s                  ; No                         ; Yes                        ; 2.32 V                      ; 8.25e-09 V                  ; 2.41 V             ; -0.0871 V          ; 0.291 V                             ; 0.138 V                             ; 3.15e-10 s                 ; 4.16e-10 s                 ; No                        ; Yes                       ;
; instruc[8]   ; 2.5 V        ; 0 s                 ; 0 s                 ; 2.32 V                       ; 8.25e-09 V                   ; 2.41 V              ; -0.0859 V           ; 0.289 V                              ; 0.136 V                              ; 3.15e-10 s                  ; 4.16e-10 s                  ; No                         ; Yes                        ; 2.32 V                      ; 8.25e-09 V                  ; 2.41 V             ; -0.0859 V          ; 0.289 V                             ; 0.136 V                             ; 3.15e-10 s                 ; 4.16e-10 s                 ; No                        ; Yes                       ;
; instruc[9]   ; 2.5 V        ; 0 s                 ; 0 s                 ; 2.32 V                       ; 8.25e-09 V                   ; 2.41 V              ; -0.0859 V           ; 0.289 V                              ; 0.136 V                              ; 3.15e-10 s                  ; 4.16e-10 s                  ; No                         ; Yes                        ; 2.32 V                      ; 8.25e-09 V                  ; 2.41 V             ; -0.0859 V          ; 0.289 V                             ; 0.136 V                             ; 3.15e-10 s                 ; 4.16e-10 s                 ; No                        ; Yes                       ;
; instruc[10]  ; 2.5 V        ; 0 s                 ; 0 s                 ; 2.32 V                       ; 8.25e-09 V                   ; 2.41 V              ; -0.0859 V           ; 0.289 V                              ; 0.136 V                              ; 3.15e-10 s                  ; 4.16e-10 s                  ; No                         ; Yes                        ; 2.32 V                      ; 8.25e-09 V                  ; 2.41 V             ; -0.0859 V          ; 0.289 V                             ; 0.136 V                             ; 3.15e-10 s                 ; 4.16e-10 s                 ; No                        ; Yes                       ;
; instruc[11]  ; 2.5 V        ; 0 s                 ; 0 s                 ; 2.32 V                       ; 8.26e-09 V                   ; 2.4 V               ; -0.0783 V           ; 0.157 V                              ; 0.167 V                              ; 4.55e-10 s                  ; 4.33e-10 s                  ; No                         ; Yes                        ; 2.32 V                      ; 8.26e-09 V                  ; 2.4 V              ; -0.0783 V          ; 0.157 V                             ; 0.167 V                             ; 4.55e-10 s                 ; 4.33e-10 s                 ; No                        ; Yes                       ;
; instruc[12]  ; 2.5 V        ; 0 s                 ; 0 s                 ; 2.32 V                       ; 8.25e-09 V                   ; 2.41 V              ; -0.0871 V           ; 0.291 V                              ; 0.138 V                              ; 3.15e-10 s                  ; 4.16e-10 s                  ; No                         ; Yes                        ; 2.32 V                      ; 8.25e-09 V                  ; 2.41 V             ; -0.0871 V          ; 0.291 V                             ; 0.138 V                             ; 3.15e-10 s                 ; 4.16e-10 s                 ; No                        ; Yes                       ;
; instruc[13]  ; 2.5 V        ; 0 s                 ; 0 s                 ; 2.32 V                       ; 8.26e-09 V                   ; 2.4 V               ; -0.0783 V           ; 0.157 V                              ; 0.167 V                              ; 4.55e-10 s                  ; 4.33e-10 s                  ; No                         ; Yes                        ; 2.32 V                      ; 8.26e-09 V                  ; 2.4 V              ; -0.0783 V          ; 0.157 V                             ; 0.167 V                             ; 4.55e-10 s                 ; 4.33e-10 s                 ; No                        ; Yes                       ;
; instruc[14]  ; 2.5 V        ; 0 s                 ; 0 s                 ; 2.32 V                       ; 8.25e-09 V                   ; 2.33 V              ; -0.00603 V          ; 0.237 V                              ; 0.191 V                              ; 3.94e-09 s                  ; 3.71e-09 s                  ; No                         ; Yes                        ; 2.32 V                      ; 8.25e-09 V                  ; 2.33 V             ; -0.00603 V         ; 0.237 V                             ; 0.191 V                             ; 3.94e-09 s                 ; 3.71e-09 s                 ; No                        ; Yes                       ;
; instruc[15]  ; 2.5 V        ; 0 s                 ; 0 s                 ; 2.32 V                       ; 8.25e-09 V                   ; 2.41 V              ; -0.0859 V           ; 0.289 V                              ; 0.136 V                              ; 3.15e-10 s                  ; 4.16e-10 s                  ; No                         ; Yes                        ; 2.32 V                      ; 8.25e-09 V                  ; 2.41 V             ; -0.0859 V          ; 0.289 V                             ; 0.136 V                             ; 3.15e-10 s                 ; 4.16e-10 s                 ; No                        ; Yes                       ;
; instruc[16]  ; 2.5 V        ; 0 s                 ; 0 s                 ; 2.32 V                       ; 8.25e-09 V                   ; 2.41 V              ; -0.0859 V           ; 0.289 V                              ; 0.136 V                              ; 3.15e-10 s                  ; 4.16e-10 s                  ; No                         ; Yes                        ; 2.32 V                      ; 8.25e-09 V                  ; 2.41 V             ; -0.0859 V          ; 0.289 V                             ; 0.136 V                             ; 3.15e-10 s                 ; 4.16e-10 s                 ; No                        ; Yes                       ;
; instruc[17]  ; 2.5 V        ; 0 s                 ; 0 s                 ; 2.32 V                       ; 8.26e-09 V                   ; 2.4 V               ; -0.0773 V           ; 0.156 V                              ; 0.166 V                              ; 4.55e-10 s                  ; 4.33e-10 s                  ; No                         ; Yes                        ; 2.32 V                      ; 8.26e-09 V                  ; 2.4 V              ; -0.0773 V          ; 0.156 V                             ; 0.166 V                             ; 4.55e-10 s                 ; 4.33e-10 s                 ; No                        ; Yes                       ;
; instruc[18]  ; 2.5 V        ; 0 s                 ; 0 s                 ; 2.32 V                       ; 8.26e-09 V                   ; 2.4 V               ; -0.0783 V           ; 0.157 V                              ; 0.167 V                              ; 4.55e-10 s                  ; 4.33e-10 s                  ; No                         ; Yes                        ; 2.32 V                      ; 8.26e-09 V                  ; 2.4 V              ; -0.0783 V          ; 0.157 V                             ; 0.167 V                             ; 4.55e-10 s                 ; 4.33e-10 s                 ; No                        ; Yes                       ;
; instruc[19]  ; 2.5 V        ; 0 s                 ; 0 s                 ; 2.32 V                       ; 8.25e-09 V                   ; 2.41 V              ; -0.0859 V           ; 0.289 V                              ; 0.136 V                              ; 3.15e-10 s                  ; 4.16e-10 s                  ; No                         ; Yes                        ; 2.32 V                      ; 8.25e-09 V                  ; 2.41 V             ; -0.0859 V          ; 0.289 V                             ; 0.136 V                             ; 3.15e-10 s                 ; 4.16e-10 s                 ; No                        ; Yes                       ;
; instruc[20]  ; 2.5 V        ; 0 s                 ; 0 s                 ; 2.32 V                       ; 8.26e-09 V                   ; 2.4 V               ; -0.0783 V           ; 0.157 V                              ; 0.167 V                              ; 4.55e-10 s                  ; 4.33e-10 s                  ; No                         ; Yes                        ; 2.32 V                      ; 8.26e-09 V                  ; 2.4 V              ; -0.0783 V          ; 0.157 V                             ; 0.167 V                             ; 4.55e-10 s                 ; 4.33e-10 s                 ; No                        ; Yes                       ;
; instruc[21]  ; 2.5 V        ; 0 s                 ; 0 s                 ; 2.32 V                       ; 8.25e-09 V                   ; 2.41 V              ; -0.0871 V           ; 0.291 V                              ; 0.138 V                              ; 3.15e-10 s                  ; 4.16e-10 s                  ; No                         ; Yes                        ; 2.32 V                      ; 8.25e-09 V                  ; 2.41 V             ; -0.0871 V          ; 0.291 V                             ; 0.138 V                             ; 3.15e-10 s                 ; 4.16e-10 s                 ; No                        ; Yes                       ;
; instruc[22]  ; 2.5 V        ; 0 s                 ; 0 s                 ; 2.32 V                       ; 8.25e-09 V                   ; 2.41 V              ; -0.0871 V           ; 0.291 V                              ; 0.138 V                              ; 3.15e-10 s                  ; 4.16e-10 s                  ; No                         ; Yes                        ; 2.32 V                      ; 8.25e-09 V                  ; 2.41 V             ; -0.0871 V          ; 0.291 V                             ; 0.138 V                             ; 3.15e-10 s                 ; 4.16e-10 s                 ; No                        ; Yes                       ;
; instruc[23]  ; 2.5 V        ; 0 s                 ; 0 s                 ; 2.32 V                       ; 8.25e-09 V                   ; 2.41 V              ; -0.0871 V           ; 0.291 V                              ; 0.138 V                              ; 3.15e-10 s                  ; 4.16e-10 s                  ; No                         ; Yes                        ; 2.32 V                      ; 8.25e-09 V                  ; 2.41 V             ; -0.0871 V          ; 0.291 V                             ; 0.138 V                             ; 3.15e-10 s                 ; 4.16e-10 s                 ; No                        ; Yes                       ;
; instruc[24]  ; 2.5 V        ; 0 s                 ; 0 s                 ; 2.32 V                       ; 8.26e-09 V                   ; 2.4 V               ; -0.0773 V           ; 0.156 V                              ; 0.166 V                              ; 4.55e-10 s                  ; 4.33e-10 s                  ; No                         ; Yes                        ; 2.32 V                      ; 8.26e-09 V                  ; 2.4 V              ; -0.0773 V          ; 0.156 V                             ; 0.166 V                             ; 4.55e-10 s                 ; 4.33e-10 s                 ; No                        ; Yes                       ;
; instruc[25]  ; 2.5 V        ; 0 s                 ; 0 s                 ; 2.32 V                       ; 8.25e-09 V                   ; 2.41 V              ; -0.0871 V           ; 0.291 V                              ; 0.138 V                              ; 3.15e-10 s                  ; 4.16e-10 s                  ; No                         ; Yes                        ; 2.32 V                      ; 8.25e-09 V                  ; 2.41 V             ; -0.0871 V          ; 0.291 V                             ; 0.138 V                             ; 3.15e-10 s                 ; 4.16e-10 s                 ; No                        ; Yes                       ;
; instruc[26]  ; 2.5 V        ; 0 s                 ; 0 s                 ; 2.32 V                       ; 8.25e-09 V                   ; 2.41 V              ; -0.0859 V           ; 0.289 V                              ; 0.136 V                              ; 3.15e-10 s                  ; 4.16e-10 s                  ; No                         ; Yes                        ; 2.32 V                      ; 8.25e-09 V                  ; 2.41 V             ; -0.0859 V          ; 0.289 V                             ; 0.136 V                             ; 3.15e-10 s                 ; 4.16e-10 s                 ; No                        ; Yes                       ;
; instruc[27]  ; 2.5 V        ; 0 s                 ; 0 s                 ; 2.32 V                       ; 8.25e-09 V                   ; 2.41 V              ; -0.0871 V           ; 0.291 V                              ; 0.138 V                              ; 3.15e-10 s                  ; 4.16e-10 s                  ; No                         ; Yes                        ; 2.32 V                      ; 8.25e-09 V                  ; 2.41 V             ; -0.0871 V          ; 0.291 V                             ; 0.138 V                             ; 3.15e-10 s                 ; 4.16e-10 s                 ; No                        ; Yes                       ;
; instruc[28]  ; 2.5 V        ; 0 s                 ; 0 s                 ; 2.32 V                       ; 8.25e-09 V                   ; 2.41 V              ; -0.0871 V           ; 0.291 V                              ; 0.138 V                              ; 3.15e-10 s                  ; 4.16e-10 s                  ; No                         ; Yes                        ; 2.32 V                      ; 8.25e-09 V                  ; 2.41 V             ; -0.0871 V          ; 0.291 V                             ; 0.138 V                             ; 3.15e-10 s                 ; 4.16e-10 s                 ; No                        ; Yes                       ;
; instruc[29]  ; 2.5 V        ; 0 s                 ; 0 s                 ; 2.32 V                       ; 8.25e-09 V                   ; 2.41 V              ; -0.0859 V           ; 0.289 V                              ; 0.136 V                              ; 3.15e-10 s                  ; 4.16e-10 s                  ; No                         ; Yes                        ; 2.32 V                      ; 8.25e-09 V                  ; 2.41 V             ; -0.0859 V          ; 0.289 V                             ; 0.136 V                             ; 3.15e-10 s                 ; 4.16e-10 s                 ; No                        ; Yes                       ;
; instruc[30]  ; 2.5 V        ; 0 s                 ; 0 s                 ; 2.32 V                       ; 8.25e-09 V                   ; 2.41 V              ; -0.0871 V           ; 0.291 V                              ; 0.138 V                              ; 3.15e-10 s                  ; 4.16e-10 s                  ; No                         ; Yes                        ; 2.32 V                      ; 8.25e-09 V                  ; 2.41 V             ; -0.0871 V          ; 0.291 V                             ; 0.138 V                             ; 3.15e-10 s                 ; 4.16e-10 s                 ; No                        ; Yes                       ;
; instruc[31]  ; 2.5 V        ; 0 s                 ; 0 s                 ; 2.32 V                       ; 8.26e-09 V                   ; 2.4 V               ; -0.0773 V           ; 0.156 V                              ; 0.166 V                              ; 4.55e-10 s                  ; 4.33e-10 s                  ; No                         ; Yes                        ; 2.32 V                      ; 8.26e-09 V                  ; 2.4 V              ; -0.0773 V          ; 0.156 V                             ; 0.166 V                             ; 4.55e-10 s                 ; 4.33e-10 s                 ; No                        ; Yes                       ;
; adA[0]       ; 2.5 V        ; 0 s                 ; 0 s                 ; 2.32 V                       ; 8.25e-09 V                   ; 2.41 V              ; -0.0871 V           ; 0.291 V                              ; 0.138 V                              ; 3.15e-10 s                  ; 4.16e-10 s                  ; No                         ; Yes                        ; 2.32 V                      ; 8.25e-09 V                  ; 2.41 V             ; -0.0871 V          ; 0.291 V                             ; 0.138 V                             ; 3.15e-10 s                 ; 4.16e-10 s                 ; No                        ; Yes                       ;
; adA[1]       ; 2.5 V        ; 0 s                 ; 0 s                 ; 2.32 V                       ; 8.26e-09 V                   ; 2.4 V               ; -0.0773 V           ; 0.156 V                              ; 0.166 V                              ; 4.55e-10 s                  ; 4.33e-10 s                  ; No                         ; Yes                        ; 2.32 V                      ; 8.26e-09 V                  ; 2.4 V              ; -0.0773 V          ; 0.156 V                             ; 0.166 V                             ; 4.55e-10 s                 ; 4.33e-10 s                 ; No                        ; Yes                       ;
; adA[2]       ; 2.5 V        ; 0 s                 ; 0 s                 ; 2.32 V                       ; 8.25e-09 V                   ; 2.41 V              ; -0.0859 V           ; 0.289 V                              ; 0.136 V                              ; 3.15e-10 s                  ; 4.16e-10 s                  ; No                         ; Yes                        ; 2.32 V                      ; 8.25e-09 V                  ; 2.41 V             ; -0.0859 V          ; 0.289 V                             ; 0.136 V                             ; 3.15e-10 s                 ; 4.16e-10 s                 ; No                        ; Yes                       ;
; adA[3]       ; 2.5 V        ; 0 s                 ; 0 s                 ; 2.32 V                       ; 8.25e-09 V                   ; 2.41 V              ; -0.0859 V           ; 0.289 V                              ; 0.136 V                              ; 3.15e-10 s                  ; 4.16e-10 s                  ; No                         ; Yes                        ; 2.32 V                      ; 8.25e-09 V                  ; 2.41 V             ; -0.0859 V          ; 0.289 V                             ; 0.136 V                             ; 3.15e-10 s                 ; 4.16e-10 s                 ; No                        ; Yes                       ;
; adA[4]       ; 2.5 V        ; 0 s                 ; 0 s                 ; 2.32 V                       ; 8.25e-09 V                   ; 2.41 V              ; -0.0871 V           ; 0.291 V                              ; 0.138 V                              ; 3.15e-10 s                  ; 4.16e-10 s                  ; No                         ; Yes                        ; 2.32 V                      ; 8.25e-09 V                  ; 2.41 V             ; -0.0871 V          ; 0.291 V                             ; 0.138 V                             ; 3.15e-10 s                 ; 4.16e-10 s                 ; No                        ; Yes                       ;
; adB[0]       ; 2.5 V        ; 0 s                 ; 0 s                 ; 2.32 V                       ; 8.25e-09 V                   ; 2.41 V              ; -0.0859 V           ; 0.289 V                              ; 0.136 V                              ; 3.15e-10 s                  ; 4.16e-10 s                  ; No                         ; Yes                        ; 2.32 V                      ; 8.25e-09 V                  ; 2.41 V             ; -0.0859 V          ; 0.289 V                             ; 0.136 V                             ; 3.15e-10 s                 ; 4.16e-10 s                 ; No                        ; Yes                       ;
; adB[1]       ; 2.5 V        ; 0 s                 ; 0 s                 ; 2.32 V                       ; 8.25e-09 V                   ; 2.41 V              ; -0.0859 V           ; 0.289 V                              ; 0.136 V                              ; 3.15e-10 s                  ; 4.16e-10 s                  ; No                         ; Yes                        ; 2.32 V                      ; 8.25e-09 V                  ; 2.41 V             ; -0.0859 V          ; 0.289 V                             ; 0.136 V                             ; 3.15e-10 s                 ; 4.16e-10 s                 ; No                        ; Yes                       ;
; adB[2]       ; 2.5 V        ; 0 s                 ; 0 s                 ; 2.32 V                       ; 8.25e-09 V                   ; 2.41 V              ; -0.0871 V           ; 0.291 V                              ; 0.138 V                              ; 3.15e-10 s                  ; 4.16e-10 s                  ; No                         ; Yes                        ; 2.32 V                      ; 8.25e-09 V                  ; 2.41 V             ; -0.0871 V          ; 0.291 V                             ; 0.138 V                             ; 3.15e-10 s                 ; 4.16e-10 s                 ; No                        ; Yes                       ;
; adB[3]       ; 2.5 V        ; 0 s                 ; 0 s                 ; 2.32 V                       ; 8.25e-09 V                   ; 2.41 V              ; -0.0871 V           ; 0.291 V                              ; 0.138 V                              ; 3.15e-10 s                  ; 4.16e-10 s                  ; No                         ; Yes                        ; 2.32 V                      ; 8.25e-09 V                  ; 2.41 V             ; -0.0871 V          ; 0.291 V                             ; 0.138 V                             ; 3.15e-10 s                 ; 4.16e-10 s                 ; No                        ; Yes                       ;
; adB[4]       ; 2.5 V        ; 0 s                 ; 0 s                 ; 2.32 V                       ; 8.25e-09 V                   ; 2.41 V              ; -0.0871 V           ; 0.291 V                              ; 0.138 V                              ; 3.15e-10 s                  ; 4.16e-10 s                  ; No                         ; Yes                        ; 2.32 V                      ; 8.25e-09 V                  ; 2.41 V             ; -0.0871 V          ; 0.291 V                             ; 0.138 V                             ; 3.15e-10 s                 ; 4.16e-10 s                 ; No                        ; Yes                       ;
; ~ALTERA_TDO~ ; 2.5 V        ; 0 s                 ; 0 s                 ; 2.32 V                       ; 1.39e-08 V                   ; 2.39 V              ; -0.0409 V           ; 0.21 V                               ; 0.121 V                              ; 4.7e-10 s                   ; 5.93e-10 s                  ; No                         ; Yes                        ; 2.32 V                      ; 1.39e-08 V                  ; 2.39 V             ; -0.0409 V          ; 0.21 V                              ; 0.121 V                             ; 4.7e-10 s                  ; 5.93e-10 s                 ; No                        ; Yes                       ;
+--------------+--------------+---------------------+---------------------+------------------------------+------------------------------+---------------------+---------------------+--------------------------------------+--------------------------------------+-----------------------------+-----------------------------+----------------------------+----------------------------+-----------------------------+-----------------------------+--------------------+--------------------+-------------------------------------+-------------------------------------+----------------------------+----------------------------+---------------------------+---------------------------+


+-------------------------------------------------------------------------------------------------------------------------------------------------------------------------------------------------------------------------------------------------------------------------------------------------------------------------------------------------------------------------------------------------------------------------------------------------------------------------------------------------------------------------------------------------------------------------------------------------------------------------------------------------------------------------------------------+
; Signal Integrity Metrics (Slow 1200mv 85c Model)                                                                                                                                                                                                                                                                                                                                                                                                                                                                                                                                                                                                                                          ;
+--------------+--------------+---------------------+---------------------+------------------------------+------------------------------+---------------------+---------------------+--------------------------------------+--------------------------------------+-----------------------------+-----------------------------+----------------------------+----------------------------+-----------------------------+-----------------------------+--------------------+--------------------+-------------------------------------+-------------------------------------+----------------------------+----------------------------+---------------------------+---------------------------+
; Pin          ; I/O Standard ; Board Delay on Rise ; Board Delay on Fall ; Steady State Voh at FPGA Pin ; Steady State Vol at FPGA Pin ; Voh Max at FPGA Pin ; Vol Min at FPGA Pin ; Ringback Voltage on Rise at FPGA Pin ; Ringback Voltage on Fall at FPGA Pin ; 10-90 Rise Time at FPGA Pin ; 90-10 Fall Time at FPGA Pin ; Monotonic Rise at FPGA Pin ; Monotonic Fall at FPGA Pin ; Steady State Voh at Far-end ; Steady State Vol at Far-end ; Voh Max at Far-end ; Vol Min at Far-end ; Ringback Voltage on Rise at Far-end ; Ringback Voltage on Fall at Far-end ; 10-90 Rise Time at Far-end ; 90-10 Fall Time at Far-end ; Monotonic Rise at Far-end ; Monotonic Fall at Far-end ;
+--------------+--------------+---------------------+---------------------+------------------------------+------------------------------+---------------------+---------------------+--------------------------------------+--------------------------------------+-----------------------------+-----------------------------+----------------------------+----------------------------+-----------------------------+-----------------------------+--------------------+--------------------+-------------------------------------+-------------------------------------+----------------------------+----------------------------+---------------------------+---------------------------+
; out[0]       ; 2.5 V        ; 0 s                 ; 0 s                 ; 2.32 V                       ; 1.16e-06 V                   ; 2.37 V              ; -0.0508 V           ; 0.153 V                              ; 0.187 V                              ; 4.63e-10 s                  ; 4.49e-10 s                  ; Yes                        ; Yes                        ; 2.32 V                      ; 1.16e-06 V                  ; 2.37 V             ; -0.0508 V          ; 0.153 V                             ; 0.187 V                             ; 4.63e-10 s                 ; 4.49e-10 s                 ; Yes                       ; Yes                       ;
; out[1]       ; 2.5 V        ; 0 s                 ; 0 s                 ; 2.32 V                       ; 1.16e-06 V                   ; 2.37 V              ; -0.049 V            ; 0.154 V                              ; 0.186 V                              ; 4.63e-10 s                  ; 4.5e-10 s                   ; Yes                        ; Yes                        ; 2.32 V                      ; 1.16e-06 V                  ; 2.37 V             ; -0.049 V           ; 0.154 V                             ; 0.186 V                             ; 4.63e-10 s                 ; 4.5e-10 s                  ; Yes                       ; Yes                       ;
; out[2]       ; 2.5 V        ; 0 s                 ; 0 s                 ; 2.32 V                       ; 1.16e-06 V                   ; 2.37 V              ; -0.049 V            ; 0.154 V                              ; 0.186 V                              ; 4.63e-10 s                  ; 4.5e-10 s                   ; Yes                        ; Yes                        ; 2.32 V                      ; 1.16e-06 V                  ; 2.37 V             ; -0.049 V           ; 0.154 V                             ; 0.186 V                             ; 4.63e-10 s                 ; 4.5e-10 s                  ; Yes                       ; Yes                       ;
; out[3]       ; 2.5 V        ; 0 s                 ; 0 s                 ; 2.32 V                       ; 1.16e-06 V                   ; 2.37 V              ; -0.0508 V           ; 0.153 V                              ; 0.187 V                              ; 4.63e-10 s                  ; 4.49e-10 s                  ; Yes                        ; Yes                        ; 2.32 V                      ; 1.16e-06 V                  ; 2.37 V             ; -0.0508 V          ; 0.153 V                             ; 0.187 V                             ; 4.63e-10 s                 ; 4.49e-10 s                 ; Yes                       ; Yes                       ;
; out[4]       ; 2.5 V        ; 0 s                 ; 0 s                 ; 2.32 V                       ; 1.16e-06 V                   ; 2.37 V              ; -0.049 V            ; 0.154 V                              ; 0.186 V                              ; 4.63e-10 s                  ; 4.5e-10 s                   ; Yes                        ; Yes                        ; 2.32 V                      ; 1.16e-06 V                  ; 2.37 V             ; -0.049 V           ; 0.154 V                             ; 0.186 V                             ; 4.63e-10 s                 ; 4.5e-10 s                  ; Yes                       ; Yes                       ;
; out[5]       ; 2.5 V        ; 0 s                 ; 0 s                 ; 2.32 V                       ; 1.16e-06 V                   ; 2.37 V              ; -0.049 V            ; 0.154 V                              ; 0.186 V                              ; 4.63e-10 s                  ; 4.5e-10 s                   ; Yes                        ; Yes                        ; 2.32 V                      ; 1.16e-06 V                  ; 2.37 V             ; -0.049 V           ; 0.154 V                             ; 0.186 V                             ; 4.63e-10 s                 ; 4.5e-10 s                  ; Yes                       ; Yes                       ;
; out[6]       ; 2.5 V        ; 0 s                 ; 0 s                 ; 2.32 V                       ; 1.16e-06 V                   ; 2.37 V              ; -0.049 V            ; 0.154 V                              ; 0.186 V                              ; 4.63e-10 s                  ; 4.5e-10 s                   ; Yes                        ; Yes                        ; 2.32 V                      ; 1.16e-06 V                  ; 2.37 V             ; -0.049 V           ; 0.154 V                             ; 0.186 V                             ; 4.63e-10 s                 ; 4.5e-10 s                  ; Yes                       ; Yes                       ;
; out[7]       ; 2.5 V        ; 0 s                 ; 0 s                 ; 2.32 V                       ; 1.16e-06 V                   ; 2.37 V              ; -0.049 V            ; 0.154 V                              ; 0.186 V                              ; 4.63e-10 s                  ; 4.5e-10 s                   ; Yes                        ; Yes                        ; 2.32 V                      ; 1.16e-06 V                  ; 2.37 V             ; -0.049 V           ; 0.154 V                             ; 0.186 V                             ; 4.63e-10 s                 ; 4.5e-10 s                  ; Yes                       ; Yes                       ;
; out[8]       ; 2.5 V        ; 0 s                 ; 0 s                 ; 2.32 V                       ; 1.16e-06 V                   ; 2.37 V              ; -0.0508 V           ; 0.153 V                              ; 0.187 V                              ; 4.63e-10 s                  ; 4.49e-10 s                  ; Yes                        ; Yes                        ; 2.32 V                      ; 1.16e-06 V                  ; 2.37 V             ; -0.0508 V          ; 0.153 V                             ; 0.187 V                             ; 4.63e-10 s                 ; 4.49e-10 s                 ; Yes                       ; Yes                       ;
; out[9]       ; 2.5 V        ; 0 s                 ; 0 s                 ; 2.32 V                       ; 1.16e-06 V                   ; 2.37 V              ; -0.0508 V           ; 0.153 V                              ; 0.187 V                              ; 4.63e-10 s                  ; 4.49e-10 s                  ; Yes                        ; Yes                        ; 2.32 V                      ; 1.16e-06 V                  ; 2.37 V             ; -0.0508 V          ; 0.153 V                             ; 0.187 V                             ; 4.63e-10 s                 ; 4.49e-10 s                 ; Yes                       ; Yes                       ;
; out[10]      ; 2.5 V        ; 0 s                 ; 0 s                 ; 2.32 V                       ; 1.16e-06 V                   ; 2.37 V              ; -0.049 V            ; 0.154 V                              ; 0.186 V                              ; 4.63e-10 s                  ; 4.5e-10 s                   ; Yes                        ; Yes                        ; 2.32 V                      ; 1.16e-06 V                  ; 2.37 V             ; -0.049 V           ; 0.154 V                             ; 0.186 V                             ; 4.63e-10 s                 ; 4.5e-10 s                  ; Yes                       ; Yes                       ;
; out[11]      ; 2.5 V        ; 0 s                 ; 0 s                 ; 2.32 V                       ; 1.16e-06 V                   ; 2.37 V              ; -0.0508 V           ; 0.153 V                              ; 0.187 V                              ; 4.63e-10 s                  ; 4.49e-10 s                  ; Yes                        ; Yes                        ; 2.32 V                      ; 1.16e-06 V                  ; 2.37 V             ; -0.0508 V          ; 0.153 V                             ; 0.187 V                             ; 4.63e-10 s                 ; 4.49e-10 s                 ; Yes                       ; Yes                       ;
; out[12]      ; 2.5 V        ; 0 s                 ; 0 s                 ; 2.32 V                       ; 1.16e-06 V                   ; 2.37 V              ; -0.049 V            ; 0.154 V                              ; 0.186 V                              ; 4.63e-10 s                  ; 4.5e-10 s                   ; Yes                        ; Yes                        ; 2.32 V                      ; 1.16e-06 V                  ; 2.37 V             ; -0.049 V           ; 0.154 V                             ; 0.186 V                             ; 4.63e-10 s                 ; 4.5e-10 s                  ; Yes                       ; Yes                       ;
; out[13]      ; 2.5 V        ; 0 s                 ; 0 s                 ; 2.32 V                       ; 1.16e-06 V                   ; 2.37 V              ; -0.0508 V           ; 0.153 V                              ; 0.187 V                              ; 4.63e-10 s                  ; 4.49e-10 s                  ; Yes                        ; Yes                        ; 2.32 V                      ; 1.16e-06 V                  ; 2.37 V             ; -0.0508 V          ; 0.153 V                             ; 0.187 V                             ; 4.63e-10 s                 ; 4.49e-10 s                 ; Yes                       ; Yes                       ;
; out[14]      ; 2.5 V        ; 0 s                 ; 0 s                 ; 2.32 V                       ; 1.16e-06 V                   ; 2.37 V              ; -0.0508 V           ; 0.153 V                              ; 0.187 V                              ; 4.63e-10 s                  ; 4.49e-10 s                  ; Yes                        ; Yes                        ; 2.32 V                      ; 1.16e-06 V                  ; 2.37 V             ; -0.0508 V          ; 0.153 V                             ; 0.187 V                             ; 4.63e-10 s                 ; 4.49e-10 s                 ; Yes                       ; Yes                       ;
; out[15]      ; 2.5 V        ; 0 s                 ; 0 s                 ; 2.32 V                       ; 1.16e-06 V                   ; 2.37 V              ; -0.0508 V           ; 0.153 V                              ; 0.187 V                              ; 4.63e-10 s                  ; 4.49e-10 s                  ; Yes                        ; Yes                        ; 2.32 V                      ; 1.16e-06 V                  ; 2.37 V             ; -0.0508 V          ; 0.153 V                             ; 0.187 V                             ; 4.63e-10 s                 ; 4.49e-10 s                 ; Yes                       ; Yes                       ;
; out[16]      ; 2.5 V        ; 0 s                 ; 0 s                 ; 2.32 V                       ; 1.16e-06 V                   ; 2.37 V              ; -0.0508 V           ; 0.153 V                              ; 0.187 V                              ; 4.63e-10 s                  ; 4.49e-10 s                  ; Yes                        ; Yes                        ; 2.32 V                      ; 1.16e-06 V                  ; 2.37 V             ; -0.0508 V          ; 0.153 V                             ; 0.187 V                             ; 4.63e-10 s                 ; 4.49e-10 s                 ; Yes                       ; Yes                       ;
; out[17]      ; 2.5 V        ; 0 s                 ; 0 s                 ; 2.32 V                       ; 1.16e-06 V                   ; 2.37 V              ; -0.0508 V           ; 0.153 V                              ; 0.187 V                              ; 4.63e-10 s                  ; 4.49e-10 s                  ; Yes                        ; Yes                        ; 2.32 V                      ; 1.16e-06 V                  ; 2.37 V             ; -0.0508 V          ; 0.153 V                             ; 0.187 V                             ; 4.63e-10 s                 ; 4.49e-10 s                 ; Yes                       ; Yes                       ;
; out[18]      ; 2.5 V        ; 0 s                 ; 0 s                 ; 2.32 V                       ; 1.16e-06 V                   ; 2.37 V              ; -0.0508 V           ; 0.153 V                              ; 0.187 V                              ; 4.63e-10 s                  ; 4.49e-10 s                  ; Yes                        ; Yes                        ; 2.32 V                      ; 1.16e-06 V                  ; 2.37 V             ; -0.0508 V          ; 0.153 V                             ; 0.187 V                             ; 4.63e-10 s                 ; 4.49e-10 s                 ; Yes                       ; Yes                       ;
; out[19]      ; 2.5 V        ; 0 s                 ; 0 s                 ; 2.32 V                       ; 1.16e-06 V                   ; 2.37 V              ; -0.0508 V           ; 0.153 V                              ; 0.187 V                              ; 4.63e-10 s                  ; 4.49e-10 s                  ; Yes                        ; Yes                        ; 2.32 V                      ; 1.16e-06 V                  ; 2.37 V             ; -0.0508 V          ; 0.153 V                             ; 0.187 V                             ; 4.63e-10 s                 ; 4.49e-10 s                 ; Yes                       ; Yes                       ;
; out[20]      ; 2.5 V        ; 0 s                 ; 0 s                 ; 2.32 V                       ; 1.16e-06 V                   ; 2.37 V              ; -0.0508 V           ; 0.153 V                              ; 0.187 V                              ; 4.63e-10 s                  ; 4.49e-10 s                  ; Yes                        ; Yes                        ; 2.32 V                      ; 1.16e-06 V                  ; 2.37 V             ; -0.0508 V          ; 0.153 V                             ; 0.187 V                             ; 4.63e-10 s                 ; 4.49e-10 s                 ; Yes                       ; Yes                       ;
; out[21]      ; 2.5 V        ; 0 s                 ; 0 s                 ; 2.32 V                       ; 1.16e-06 V                   ; 2.37 V              ; -0.0508 V           ; 0.153 V                              ; 0.187 V                              ; 4.63e-10 s                  ; 4.49e-10 s                  ; Yes                        ; Yes                        ; 2.32 V                      ; 1.16e-06 V                  ; 2.37 V             ; -0.0508 V          ; 0.153 V                             ; 0.187 V                             ; 4.63e-10 s                 ; 4.49e-10 s                 ; Yes                       ; Yes                       ;
; out[22]      ; 2.5 V        ; 0 s                 ; 0 s                 ; 2.32 V                       ; 1.16e-06 V                   ; 2.37 V              ; -0.049 V            ; 0.154 V                              ; 0.186 V                              ; 4.63e-10 s                  ; 4.5e-10 s                   ; Yes                        ; Yes                        ; 2.32 V                      ; 1.16e-06 V                  ; 2.37 V             ; -0.049 V           ; 0.154 V                             ; 0.186 V                             ; 4.63e-10 s                 ; 4.5e-10 s                  ; Yes                       ; Yes                       ;
; out[23]      ; 2.5 V        ; 0 s                 ; 0 s                 ; 2.32 V                       ; 1.16e-06 V                   ; 2.37 V              ; -0.049 V            ; 0.154 V                              ; 0.186 V                              ; 4.63e-10 s                  ; 4.5e-10 s                   ; Yes                        ; Yes                        ; 2.32 V                      ; 1.16e-06 V                  ; 2.37 V             ; -0.049 V           ; 0.154 V                             ; 0.186 V                             ; 4.63e-10 s                 ; 4.5e-10 s                  ; Yes                       ; Yes                       ;
; out[24]      ; 2.5 V        ; 0 s                 ; 0 s                 ; 2.32 V                       ; 1.16e-06 V                   ; 2.37 V              ; -0.0508 V           ; 0.153 V                              ; 0.187 V                              ; 4.63e-10 s                  ; 4.49e-10 s                  ; Yes                        ; Yes                        ; 2.32 V                      ; 1.16e-06 V                  ; 2.37 V             ; -0.0508 V          ; 0.153 V                             ; 0.187 V                             ; 4.63e-10 s                 ; 4.49e-10 s                 ; Yes                       ; Yes                       ;
; out[25]      ; 2.5 V        ; 0 s                 ; 0 s                 ; 2.32 V                       ; 1.16e-06 V                   ; 2.37 V              ; -0.049 V            ; 0.154 V                              ; 0.186 V                              ; 4.63e-10 s                  ; 4.5e-10 s                   ; Yes                        ; Yes                        ; 2.32 V                      ; 1.16e-06 V                  ; 2.37 V             ; -0.049 V           ; 0.154 V                             ; 0.186 V                             ; 4.63e-10 s                 ; 4.5e-10 s                  ; Yes                       ; Yes                       ;
; out[26]      ; 2.5 V        ; 0 s                 ; 0 s                 ; 2.32 V                       ; 1.16e-06 V                   ; 2.37 V              ; -0.049 V            ; 0.154 V                              ; 0.186 V                              ; 4.63e-10 s                  ; 4.5e-10 s                   ; Yes                        ; Yes                        ; 2.32 V                      ; 1.16e-06 V                  ; 2.37 V             ; -0.049 V           ; 0.154 V                             ; 0.186 V                             ; 4.63e-10 s                 ; 4.5e-10 s                  ; Yes                       ; Yes                       ;
; out[27]      ; 2.5 V        ; 0 s                 ; 0 s                 ; 2.32 V                       ; 1.16e-06 V                   ; 2.37 V              ; -0.0508 V           ; 0.153 V                              ; 0.187 V                              ; 4.63e-10 s                  ; 4.49e-10 s                  ; Yes                        ; Yes                        ; 2.32 V                      ; 1.16e-06 V                  ; 2.37 V             ; -0.0508 V          ; 0.153 V                             ; 0.187 V                             ; 4.63e-10 s                 ; 4.49e-10 s                 ; Yes                       ; Yes                       ;
; out[28]      ; 2.5 V        ; 0 s                 ; 0 s                 ; 2.32 V                       ; 1.16e-06 V                   ; 2.37 V              ; -0.049 V            ; 0.154 V                              ; 0.186 V                              ; 4.63e-10 s                  ; 4.5e-10 s                   ; Yes                        ; Yes                        ; 2.32 V                      ; 1.16e-06 V                  ; 2.37 V             ; -0.049 V           ; 0.154 V                             ; 0.186 V                             ; 4.63e-10 s                 ; 4.5e-10 s                  ; Yes                       ; Yes                       ;
; out[29]      ; 2.5 V        ; 0 s                 ; 0 s                 ; 2.32 V                       ; 1.16e-06 V                   ; 2.37 V              ; -0.049 V            ; 0.154 V                              ; 0.186 V                              ; 4.63e-10 s                  ; 4.5e-10 s                   ; Yes                        ; Yes                        ; 2.32 V                      ; 1.16e-06 V                  ; 2.37 V             ; -0.049 V           ; 0.154 V                             ; 0.186 V                             ; 4.63e-10 s                 ; 4.5e-10 s                  ; Yes                       ; Yes                       ;
; out[30]      ; 2.5 V        ; 0 s                 ; 0 s                 ; 2.32 V                       ; 1.16e-06 V                   ; 2.37 V              ; -0.049 V            ; 0.154 V                              ; 0.186 V                              ; 4.63e-10 s                  ; 4.5e-10 s                   ; Yes                        ; Yes                        ; 2.32 V                      ; 1.16e-06 V                  ; 2.37 V             ; -0.049 V           ; 0.154 V                             ; 0.186 V                             ; 4.63e-10 s                 ; 4.5e-10 s                  ; Yes                       ; Yes                       ;
; out[31]      ; 2.5 V        ; 0 s                 ; 0 s                 ; 2.32 V                       ; 1.16e-06 V                   ; 2.33 V              ; -0.00315 V          ; 0.21 V                               ; 0.141 V                              ; 4.79e-09 s                  ; 4.41e-09 s                  ; No                         ; Yes                        ; 2.32 V                      ; 1.16e-06 V                  ; 2.33 V             ; -0.00315 V         ; 0.21 V                              ; 0.141 V                             ; 4.79e-09 s                 ; 4.41e-09 s                 ; No                        ; Yes                       ;
; A[0]         ; 2.5 V        ; 0 s                 ; 0 s                 ; 2.32 V                       ; 1.16e-06 V                   ; 2.37 V              ; -0.0508 V           ; 0.153 V                              ; 0.187 V                              ; 4.63e-10 s                  ; 4.49e-10 s                  ; Yes                        ; Yes                        ; 2.32 V                      ; 1.16e-06 V                  ; 2.37 V             ; -0.0508 V          ; 0.153 V                             ; 0.187 V                             ; 4.63e-10 s                 ; 4.49e-10 s                 ; Yes                       ; Yes                       ;
; A[1]         ; 2.5 V        ; 0 s                 ; 0 s                 ; 2.32 V                       ; 1.16e-06 V                   ; 2.37 V              ; -0.0508 V           ; 0.153 V                              ; 0.187 V                              ; 4.63e-10 s                  ; 4.49e-10 s                  ; Yes                        ; Yes                        ; 2.32 V                      ; 1.16e-06 V                  ; 2.37 V             ; -0.0508 V          ; 0.153 V                             ; 0.187 V                             ; 4.63e-10 s                 ; 4.49e-10 s                 ; Yes                       ; Yes                       ;
; A[2]         ; 2.5 V        ; 0 s                 ; 0 s                 ; 2.32 V                       ; 1.16e-06 V                   ; 2.37 V              ; -0.0508 V           ; 0.153 V                              ; 0.187 V                              ; 4.63e-10 s                  ; 4.49e-10 s                  ; Yes                        ; Yes                        ; 2.32 V                      ; 1.16e-06 V                  ; 2.37 V             ; -0.0508 V          ; 0.153 V                             ; 0.187 V                             ; 4.63e-10 s                 ; 4.49e-10 s                 ; Yes                       ; Yes                       ;
; A[3]         ; 2.5 V        ; 0 s                 ; 0 s                 ; 2.32 V                       ; 1.16e-06 V                   ; 2.37 V              ; -0.0508 V           ; 0.153 V                              ; 0.187 V                              ; 4.63e-10 s                  ; 4.49e-10 s                  ; Yes                        ; Yes                        ; 2.32 V                      ; 1.16e-06 V                  ; 2.37 V             ; -0.0508 V          ; 0.153 V                             ; 0.187 V                             ; 4.63e-10 s                 ; 4.49e-10 s                 ; Yes                       ; Yes                       ;
; A[4]         ; 2.5 V        ; 0 s                 ; 0 s                 ; 2.32 V                       ; 1.16e-06 V                   ; 2.37 V              ; -0.049 V            ; 0.154 V                              ; 0.186 V                              ; 4.63e-10 s                  ; 4.5e-10 s                   ; Yes                        ; Yes                        ; 2.32 V                      ; 1.16e-06 V                  ; 2.37 V             ; -0.049 V           ; 0.154 V                             ; 0.186 V                             ; 4.63e-10 s                 ; 4.5e-10 s                  ; Yes                       ; Yes                       ;
; A[5]         ; 2.5 V        ; 0 s                 ; 0 s                 ; 2.32 V                       ; 1.16e-06 V                   ; 2.37 V              ; -0.0508 V           ; 0.153 V                              ; 0.187 V                              ; 4.63e-10 s                  ; 4.49e-10 s                  ; Yes                        ; Yes                        ; 2.32 V                      ; 1.16e-06 V                  ; 2.37 V             ; -0.0508 V          ; 0.153 V                             ; 0.187 V                             ; 4.63e-10 s                 ; 4.49e-10 s                 ; Yes                       ; Yes                       ;
; A[6]         ; 2.5 V        ; 0 s                 ; 0 s                 ; 2.32 V                       ; 1.16e-06 V                   ; 2.37 V              ; -0.049 V            ; 0.154 V                              ; 0.186 V                              ; 4.63e-10 s                  ; 4.5e-10 s                   ; Yes                        ; Yes                        ; 2.32 V                      ; 1.16e-06 V                  ; 2.37 V             ; -0.049 V           ; 0.154 V                             ; 0.186 V                             ; 4.63e-10 s                 ; 4.5e-10 s                  ; Yes                       ; Yes                       ;
; A[7]         ; 2.5 V        ; 0 s                 ; 0 s                 ; 2.32 V                       ; 1.16e-06 V                   ; 2.37 V              ; -0.049 V            ; 0.154 V                              ; 0.186 V                              ; 4.63e-10 s                  ; 4.5e-10 s                   ; Yes                        ; Yes                        ; 2.32 V                      ; 1.16e-06 V                  ; 2.37 V             ; -0.049 V           ; 0.154 V                             ; 0.186 V                             ; 4.63e-10 s                 ; 4.5e-10 s                  ; Yes                       ; Yes                       ;
; A[8]         ; 2.5 V        ; 0 s                 ; 0 s                 ; 2.32 V                       ; 1.16e-06 V                   ; 2.37 V              ; -0.049 V            ; 0.154 V                              ; 0.186 V                              ; 4.63e-10 s                  ; 4.5e-10 s                   ; Yes                        ; Yes                        ; 2.32 V                      ; 1.16e-06 V                  ; 2.37 V             ; -0.049 V           ; 0.154 V                             ; 0.186 V                             ; 4.63e-10 s                 ; 4.5e-10 s                  ; Yes                       ; Yes                       ;
; A[9]         ; 2.5 V        ; 0 s                 ; 0 s                 ; 2.32 V                       ; 1.16e-06 V                   ; 2.37 V              ; -0.0508 V           ; 0.153 V                              ; 0.187 V                              ; 4.63e-10 s                  ; 4.49e-10 s                  ; Yes                        ; Yes                        ; 2.32 V                      ; 1.16e-06 V                  ; 2.37 V             ; -0.0508 V          ; 0.153 V                             ; 0.187 V                             ; 4.63e-10 s                 ; 4.49e-10 s                 ; Yes                       ; Yes                       ;
; A[10]        ; 2.5 V        ; 0 s                 ; 0 s                 ; 2.32 V                       ; 1.16e-06 V                   ; 2.37 V              ; -0.049 V            ; 0.154 V                              ; 0.186 V                              ; 4.63e-10 s                  ; 4.5e-10 s                   ; Yes                        ; Yes                        ; 2.32 V                      ; 1.16e-06 V                  ; 2.37 V             ; -0.049 V           ; 0.154 V                             ; 0.186 V                             ; 4.63e-10 s                 ; 4.5e-10 s                  ; Yes                       ; Yes                       ;
; A[11]        ; 2.5 V        ; 0 s                 ; 0 s                 ; 2.32 V                       ; 1.16e-06 V                   ; 2.37 V              ; -0.049 V            ; 0.154 V                              ; 0.186 V                              ; 4.63e-10 s                  ; 4.5e-10 s                   ; Yes                        ; Yes                        ; 2.32 V                      ; 1.16e-06 V                  ; 2.37 V             ; -0.049 V           ; 0.154 V                             ; 0.186 V                             ; 4.63e-10 s                 ; 4.5e-10 s                  ; Yes                       ; Yes                       ;
; A[12]        ; 2.5 V        ; 0 s                 ; 0 s                 ; 2.32 V                       ; 1.16e-06 V                   ; 2.37 V              ; -0.0508 V           ; 0.153 V                              ; 0.187 V                              ; 4.63e-10 s                  ; 4.49e-10 s                  ; Yes                        ; Yes                        ; 2.32 V                      ; 1.16e-06 V                  ; 2.37 V             ; -0.0508 V          ; 0.153 V                             ; 0.187 V                             ; 4.63e-10 s                 ; 4.49e-10 s                 ; Yes                       ; Yes                       ;
; A[13]        ; 2.5 V        ; 0 s                 ; 0 s                 ; 2.32 V                       ; 1.16e-06 V                   ; 2.37 V              ; -0.0508 V           ; 0.153 V                              ; 0.187 V                              ; 4.63e-10 s                  ; 4.49e-10 s                  ; Yes                        ; Yes                        ; 2.32 V                      ; 1.16e-06 V                  ; 2.37 V             ; -0.0508 V          ; 0.153 V                             ; 0.187 V                             ; 4.63e-10 s                 ; 4.49e-10 s                 ; Yes                       ; Yes                       ;
; A[14]        ; 2.5 V        ; 0 s                 ; 0 s                 ; 2.32 V                       ; 1.16e-06 V                   ; 2.37 V              ; -0.049 V            ; 0.154 V                              ; 0.186 V                              ; 4.63e-10 s                  ; 4.5e-10 s                   ; Yes                        ; Yes                        ; 2.32 V                      ; 1.16e-06 V                  ; 2.37 V             ; -0.049 V           ; 0.154 V                             ; 0.186 V                             ; 4.63e-10 s                 ; 4.5e-10 s                  ; Yes                       ; Yes                       ;
; A[15]        ; 2.5 V        ; 0 s                 ; 0 s                 ; 2.32 V                       ; 1.16e-06 V                   ; 2.37 V              ; -0.0508 V           ; 0.153 V                              ; 0.187 V                              ; 4.63e-10 s                  ; 4.49e-10 s                  ; Yes                        ; Yes                        ; 2.32 V                      ; 1.16e-06 V                  ; 2.37 V             ; -0.0508 V          ; 0.153 V                             ; 0.187 V                             ; 4.63e-10 s                 ; 4.49e-10 s                 ; Yes                       ; Yes                       ;
; A[16]        ; 2.5 V        ; 0 s                 ; 0 s                 ; 2.32 V                       ; 1.16e-06 V                   ; 2.37 V              ; -0.0508 V           ; 0.153 V                              ; 0.187 V                              ; 4.63e-10 s                  ; 4.49e-10 s                  ; Yes                        ; Yes                        ; 2.32 V                      ; 1.16e-06 V                  ; 2.37 V             ; -0.0508 V          ; 0.153 V                             ; 0.187 V                             ; 4.63e-10 s                 ; 4.49e-10 s                 ; Yes                       ; Yes                       ;
; A[17]        ; 2.5 V        ; 0 s                 ; 0 s                 ; 2.32 V                       ; 1.16e-06 V                   ; 2.37 V              ; -0.0508 V           ; 0.153 V                              ; 0.187 V                              ; 4.63e-10 s                  ; 4.49e-10 s                  ; Yes                        ; Yes                        ; 2.32 V                      ; 1.16e-06 V                  ; 2.37 V             ; -0.0508 V          ; 0.153 V                             ; 0.187 V                             ; 4.63e-10 s                 ; 4.49e-10 s                 ; Yes                       ; Yes                       ;
; A[18]        ; 2.5 V        ; 0 s                 ; 0 s                 ; 2.32 V                       ; 1.16e-06 V                   ; 2.37 V              ; -0.049 V            ; 0.154 V                              ; 0.186 V                              ; 4.63e-10 s                  ; 4.5e-10 s                   ; Yes                        ; Yes                        ; 2.32 V                      ; 1.16e-06 V                  ; 2.37 V             ; -0.049 V           ; 0.154 V                             ; 0.186 V                             ; 4.63e-10 s                 ; 4.5e-10 s                  ; Yes                       ; Yes                       ;
; A[19]        ; 2.5 V        ; 0 s                 ; 0 s                 ; 2.32 V                       ; 1.16e-06 V                   ; 2.37 V              ; -0.049 V            ; 0.154 V                              ; 0.186 V                              ; 4.63e-10 s                  ; 4.5e-10 s                   ; Yes                        ; Yes                        ; 2.32 V                      ; 1.16e-06 V                  ; 2.37 V             ; -0.049 V           ; 0.154 V                             ; 0.186 V                             ; 4.63e-10 s                 ; 4.5e-10 s                  ; Yes                       ; Yes                       ;
; A[20]        ; 2.5 V        ; 0 s                 ; 0 s                 ; 2.32 V                       ; 1.16e-06 V                   ; 2.37 V              ; -0.049 V            ; 0.154 V                              ; 0.186 V                              ; 4.63e-10 s                  ; 4.5e-10 s                   ; Yes                        ; Yes                        ; 2.32 V                      ; 1.16e-06 V                  ; 2.37 V             ; -0.049 V           ; 0.154 V                             ; 0.186 V                             ; 4.63e-10 s                 ; 4.5e-10 s                  ; Yes                       ; Yes                       ;
; A[21]        ; 2.5 V        ; 0 s                 ; 0 s                 ; 2.32 V                       ; 1.16e-06 V                   ; 2.37 V              ; -0.049 V            ; 0.154 V                              ; 0.186 V                              ; 4.63e-10 s                  ; 4.5e-10 s                   ; Yes                        ; Yes                        ; 2.32 V                      ; 1.16e-06 V                  ; 2.37 V             ; -0.049 V           ; 0.154 V                             ; 0.186 V                             ; 4.63e-10 s                 ; 4.5e-10 s                  ; Yes                       ; Yes                       ;
; A[22]        ; 2.5 V        ; 0 s                 ; 0 s                 ; 2.32 V                       ; 1.16e-06 V                   ; 2.37 V              ; -0.049 V            ; 0.154 V                              ; 0.186 V                              ; 4.63e-10 s                  ; 4.5e-10 s                   ; Yes                        ; Yes                        ; 2.32 V                      ; 1.16e-06 V                  ; 2.37 V             ; -0.049 V           ; 0.154 V                             ; 0.186 V                             ; 4.63e-10 s                 ; 4.5e-10 s                  ; Yes                       ; Yes                       ;
; A[23]        ; 2.5 V        ; 0 s                 ; 0 s                 ; 2.32 V                       ; 1.16e-06 V                   ; 2.37 V              ; -0.049 V            ; 0.154 V                              ; 0.186 V                              ; 4.63e-10 s                  ; 4.5e-10 s                   ; Yes                        ; Yes                        ; 2.32 V                      ; 1.16e-06 V                  ; 2.37 V             ; -0.049 V           ; 0.154 V                             ; 0.186 V                             ; 4.63e-10 s                 ; 4.5e-10 s                  ; Yes                       ; Yes                       ;
; A[24]        ; 2.5 V        ; 0 s                 ; 0 s                 ; 2.32 V                       ; 1.16e-06 V                   ; 2.37 V              ; -0.049 V            ; 0.154 V                              ; 0.186 V                              ; 4.63e-10 s                  ; 4.5e-10 s                   ; Yes                        ; Yes                        ; 2.32 V                      ; 1.16e-06 V                  ; 2.37 V             ; -0.049 V           ; 0.154 V                             ; 0.186 V                             ; 4.63e-10 s                 ; 4.5e-10 s                  ; Yes                       ; Yes                       ;
; A[25]        ; 2.5 V        ; 0 s                 ; 0 s                 ; 2.32 V                       ; 1.16e-06 V                   ; 2.37 V              ; -0.049 V            ; 0.154 V                              ; 0.186 V                              ; 4.63e-10 s                  ; 4.5e-10 s                   ; Yes                        ; Yes                        ; 2.32 V                      ; 1.16e-06 V                  ; 2.37 V             ; -0.049 V           ; 0.154 V                             ; 0.186 V                             ; 4.63e-10 s                 ; 4.5e-10 s                  ; Yes                       ; Yes                       ;
; A[26]        ; 2.5 V        ; 0 s                 ; 0 s                 ; 2.32 V                       ; 1.16e-06 V                   ; 2.37 V              ; -0.0508 V           ; 0.153 V                              ; 0.187 V                              ; 4.63e-10 s                  ; 4.49e-10 s                  ; Yes                        ; Yes                        ; 2.32 V                      ; 1.16e-06 V                  ; 2.37 V             ; -0.0508 V          ; 0.153 V                             ; 0.187 V                             ; 4.63e-10 s                 ; 4.49e-10 s                 ; Yes                       ; Yes                       ;
; A[27]        ; 2.5 V        ; 0 s                 ; 0 s                 ; 2.32 V                       ; 1.16e-06 V                   ; 2.37 V              ; -0.049 V            ; 0.154 V                              ; 0.186 V                              ; 4.63e-10 s                  ; 4.5e-10 s                   ; Yes                        ; Yes                        ; 2.32 V                      ; 1.16e-06 V                  ; 2.37 V             ; -0.049 V           ; 0.154 V                             ; 0.186 V                             ; 4.63e-10 s                 ; 4.5e-10 s                  ; Yes                       ; Yes                       ;
; A[28]        ; 2.5 V        ; 0 s                 ; 0 s                 ; 2.32 V                       ; 1.16e-06 V                   ; 2.37 V              ; -0.0508 V           ; 0.153 V                              ; 0.187 V                              ; 4.63e-10 s                  ; 4.49e-10 s                  ; Yes                        ; Yes                        ; 2.32 V                      ; 1.16e-06 V                  ; 2.37 V             ; -0.0508 V          ; 0.153 V                             ; 0.187 V                             ; 4.63e-10 s                 ; 4.49e-10 s                 ; Yes                       ; Yes                       ;
; A[29]        ; 2.5 V        ; 0 s                 ; 0 s                 ; 2.32 V                       ; 1.16e-06 V                   ; 2.37 V              ; -0.0508 V           ; 0.153 V                              ; 0.187 V                              ; 4.63e-10 s                  ; 4.49e-10 s                  ; Yes                        ; Yes                        ; 2.32 V                      ; 1.16e-06 V                  ; 2.37 V             ; -0.0508 V          ; 0.153 V                             ; 0.187 V                             ; 4.63e-10 s                 ; 4.49e-10 s                 ; Yes                       ; Yes                       ;
; A[30]        ; 2.5 V        ; 0 s                 ; 0 s                 ; 2.32 V                       ; 1.16e-06 V                   ; 2.37 V              ; -0.049 V            ; 0.154 V                              ; 0.186 V                              ; 4.63e-10 s                  ; 4.5e-10 s                   ; Yes                        ; Yes                        ; 2.32 V                      ; 1.16e-06 V                  ; 2.37 V             ; -0.049 V           ; 0.154 V                             ; 0.186 V                             ; 4.63e-10 s                 ; 4.5e-10 s                  ; Yes                       ; Yes                       ;
; A[31]        ; 2.5 V        ; 0 s                 ; 0 s                 ; 2.32 V                       ; 1.16e-06 V                   ; 2.37 V              ; -0.0508 V           ; 0.153 V                              ; 0.187 V                              ; 4.63e-10 s                  ; 4.49e-10 s                  ; Yes                        ; Yes                        ; 2.32 V                      ; 1.16e-06 V                  ; 2.37 V             ; -0.0508 V          ; 0.153 V                             ; 0.187 V                             ; 4.63e-10 s                 ; 4.49e-10 s                 ; Yes                       ; Yes                       ;
; B[0]         ; 2.5 V        ; 0 s                 ; 0 s                 ; 2.32 V                       ; 1.16e-06 V                   ; 2.37 V              ; -0.0508 V           ; 0.153 V                              ; 0.187 V                              ; 4.63e-10 s                  ; 4.49e-10 s                  ; Yes                        ; Yes                        ; 2.32 V                      ; 1.16e-06 V                  ; 2.37 V             ; -0.0508 V          ; 0.153 V                             ; 0.187 V                             ; 4.63e-10 s                 ; 4.49e-10 s                 ; Yes                       ; Yes                       ;
; B[1]         ; 2.5 V        ; 0 s                 ; 0 s                 ; 2.32 V                       ; 1.16e-06 V                   ; 2.37 V              ; -0.0449 V           ; 0.201 V                              ; 0.093 V                              ; 4.89e-10 s                  ; 5.81e-10 s                  ; Yes                        ; No                         ; 2.32 V                      ; 1.16e-06 V                  ; 2.37 V             ; -0.0449 V          ; 0.201 V                             ; 0.093 V                             ; 4.89e-10 s                 ; 5.81e-10 s                 ; Yes                       ; No                        ;
; B[2]         ; 2.5 V        ; 0 s                 ; 0 s                 ; 2.32 V                       ; 1.16e-06 V                   ; 2.37 V              ; -0.0508 V           ; 0.153 V                              ; 0.187 V                              ; 4.63e-10 s                  ; 4.49e-10 s                  ; Yes                        ; Yes                        ; 2.32 V                      ; 1.16e-06 V                  ; 2.37 V             ; -0.0508 V          ; 0.153 V                             ; 0.187 V                             ; 4.63e-10 s                 ; 4.49e-10 s                 ; Yes                       ; Yes                       ;
; B[3]         ; 2.5 V        ; 0 s                 ; 0 s                 ; 2.32 V                       ; 1.16e-06 V                   ; 2.37 V              ; -0.049 V            ; 0.154 V                              ; 0.186 V                              ; 4.63e-10 s                  ; 4.5e-10 s                   ; Yes                        ; Yes                        ; 2.32 V                      ; 1.16e-06 V                  ; 2.37 V             ; -0.049 V           ; 0.154 V                             ; 0.186 V                             ; 4.63e-10 s                 ; 4.5e-10 s                  ; Yes                       ; Yes                       ;
; B[4]         ; 2.5 V        ; 0 s                 ; 0 s                 ; 2.32 V                       ; 1.16e-06 V                   ; 2.37 V              ; -0.049 V            ; 0.154 V                              ; 0.186 V                              ; 4.63e-10 s                  ; 4.5e-10 s                   ; Yes                        ; Yes                        ; 2.32 V                      ; 1.16e-06 V                  ; 2.37 V             ; -0.049 V           ; 0.154 V                             ; 0.186 V                             ; 4.63e-10 s                 ; 4.5e-10 s                  ; Yes                       ; Yes                       ;
; B[5]         ; 2.5 V        ; 0 s                 ; 0 s                 ; 2.32 V                       ; 1.16e-06 V                   ; 2.37 V              ; -0.049 V            ; 0.154 V                              ; 0.186 V                              ; 4.63e-10 s                  ; 4.5e-10 s                   ; Yes                        ; Yes                        ; 2.32 V                      ; 1.16e-06 V                  ; 2.37 V             ; -0.049 V           ; 0.154 V                             ; 0.186 V                             ; 4.63e-10 s                 ; 4.5e-10 s                  ; Yes                       ; Yes                       ;
; B[6]         ; 2.5 V        ; 0 s                 ; 0 s                 ; 2.32 V                       ; 1.16e-06 V                   ; 2.37 V              ; -0.049 V            ; 0.154 V                              ; 0.186 V                              ; 4.63e-10 s                  ; 4.5e-10 s                   ; Yes                        ; Yes                        ; 2.32 V                      ; 1.16e-06 V                  ; 2.37 V             ; -0.049 V           ; 0.154 V                             ; 0.186 V                             ; 4.63e-10 s                 ; 4.5e-10 s                  ; Yes                       ; Yes                       ;
; B[7]         ; 2.5 V        ; 0 s                 ; 0 s                 ; 2.32 V                       ; 1.16e-06 V                   ; 2.37 V              ; -0.049 V            ; 0.154 V                              ; 0.186 V                              ; 4.63e-10 s                  ; 4.5e-10 s                   ; Yes                        ; Yes                        ; 2.32 V                      ; 1.16e-06 V                  ; 2.37 V             ; -0.049 V           ; 0.154 V                             ; 0.186 V                             ; 4.63e-10 s                 ; 4.5e-10 s                  ; Yes                       ; Yes                       ;
; B[8]         ; 2.5 V        ; 0 s                 ; 0 s                 ; 2.32 V                       ; 1.16e-06 V                   ; 2.37 V              ; -0.0508 V           ; 0.153 V                              ; 0.187 V                              ; 4.63e-10 s                  ; 4.49e-10 s                  ; Yes                        ; Yes                        ; 2.32 V                      ; 1.16e-06 V                  ; 2.37 V             ; -0.0508 V          ; 0.153 V                             ; 0.187 V                             ; 4.63e-10 s                 ; 4.49e-10 s                 ; Yes                       ; Yes                       ;
; B[9]         ; 2.5 V        ; 0 s                 ; 0 s                 ; 2.32 V                       ; 1.16e-06 V                   ; 2.37 V              ; -0.0459 V           ; 0.201 V                              ; 0.093 V                              ; 4.9e-10 s                   ; 5.83e-10 s                  ; Yes                        ; No                         ; 2.32 V                      ; 1.16e-06 V                  ; 2.37 V             ; -0.0459 V          ; 0.201 V                             ; 0.093 V                             ; 4.9e-10 s                  ; 5.83e-10 s                 ; Yes                       ; No                        ;
; B[10]        ; 2.5 V        ; 0 s                 ; 0 s                 ; 2.32 V                       ; 1.16e-06 V                   ; 2.37 V              ; -0.0508 V           ; 0.153 V                              ; 0.187 V                              ; 4.63e-10 s                  ; 4.49e-10 s                  ; Yes                        ; Yes                        ; 2.32 V                      ; 1.16e-06 V                  ; 2.37 V             ; -0.0508 V          ; 0.153 V                             ; 0.187 V                             ; 4.63e-10 s                 ; 4.49e-10 s                 ; Yes                       ; Yes                       ;
; B[11]        ; 2.5 V        ; 0 s                 ; 0 s                 ; 2.32 V                       ; 1.16e-06 V                   ; 2.37 V              ; -0.049 V            ; 0.154 V                              ; 0.186 V                              ; 4.63e-10 s                  ; 4.5e-10 s                   ; Yes                        ; Yes                        ; 2.32 V                      ; 1.16e-06 V                  ; 2.37 V             ; -0.049 V           ; 0.154 V                             ; 0.186 V                             ; 4.63e-10 s                 ; 4.5e-10 s                  ; Yes                       ; Yes                       ;
; B[12]        ; 2.5 V        ; 0 s                 ; 0 s                 ; 2.32 V                       ; 1.16e-06 V                   ; 2.37 V              ; -0.0508 V           ; 0.153 V                              ; 0.187 V                              ; 4.63e-10 s                  ; 4.49e-10 s                  ; Yes                        ; Yes                        ; 2.32 V                      ; 1.16e-06 V                  ; 2.37 V             ; -0.0508 V          ; 0.153 V                             ; 0.187 V                             ; 4.63e-10 s                 ; 4.49e-10 s                 ; Yes                       ; Yes                       ;
; B[13]        ; 2.5 V        ; 0 s                 ; 0 s                 ; 2.32 V                       ; 1.16e-06 V                   ; 2.37 V              ; -0.0508 V           ; 0.153 V                              ; 0.187 V                              ; 4.63e-10 s                  ; 4.49e-10 s                  ; Yes                        ; Yes                        ; 2.32 V                      ; 1.16e-06 V                  ; 2.37 V             ; -0.0508 V          ; 0.153 V                             ; 0.187 V                             ; 4.63e-10 s                 ; 4.49e-10 s                 ; Yes                       ; Yes                       ;
; B[14]        ; 2.5 V        ; 0 s                 ; 0 s                 ; 2.32 V                       ; 1.16e-06 V                   ; 2.37 V              ; -0.0508 V           ; 0.153 V                              ; 0.187 V                              ; 4.63e-10 s                  ; 4.49e-10 s                  ; Yes                        ; Yes                        ; 2.32 V                      ; 1.16e-06 V                  ; 2.37 V             ; -0.0508 V          ; 0.153 V                             ; 0.187 V                             ; 4.63e-10 s                 ; 4.49e-10 s                 ; Yes                       ; Yes                       ;
; B[15]        ; 2.5 V        ; 0 s                 ; 0 s                 ; 2.32 V                       ; 1.16e-06 V                   ; 2.33 V              ; -0.00314 V          ; 0.21 V                               ; 0.115 V                              ; 4.79e-09 s                  ; 4.41e-09 s                  ; No                         ; Yes                        ; 2.32 V                      ; 1.16e-06 V                  ; 2.33 V             ; -0.00314 V         ; 0.21 V                              ; 0.115 V                             ; 4.79e-09 s                 ; 4.41e-09 s                 ; No                        ; Yes                       ;
; B[16]        ; 2.5 V        ; 0 s                 ; 0 s                 ; 2.32 V                       ; 1.16e-06 V                   ; 2.37 V              ; -0.0459 V           ; 0.201 V                              ; 0.093 V                              ; 4.9e-10 s                   ; 5.83e-10 s                  ; Yes                        ; No                         ; 2.32 V                      ; 1.16e-06 V                  ; 2.37 V             ; -0.0459 V          ; 0.201 V                             ; 0.093 V                             ; 4.9e-10 s                  ; 5.83e-10 s                 ; Yes                       ; No                        ;
; B[17]        ; 2.5 V        ; 0 s                 ; 0 s                 ; 2.32 V                       ; 1.16e-06 V                   ; 2.37 V              ; -0.049 V            ; 0.154 V                              ; 0.186 V                              ; 4.63e-10 s                  ; 4.5e-10 s                   ; Yes                        ; Yes                        ; 2.32 V                      ; 1.16e-06 V                  ; 2.37 V             ; -0.049 V           ; 0.154 V                             ; 0.186 V                             ; 4.63e-10 s                 ; 4.5e-10 s                  ; Yes                       ; Yes                       ;
; B[18]        ; 2.5 V        ; 0 s                 ; 0 s                 ; 2.32 V                       ; 1.16e-06 V                   ; 2.37 V              ; -0.0508 V           ; 0.153 V                              ; 0.187 V                              ; 4.63e-10 s                  ; 4.49e-10 s                  ; Yes                        ; Yes                        ; 2.32 V                      ; 1.16e-06 V                  ; 2.37 V             ; -0.0508 V          ; 0.153 V                             ; 0.187 V                             ; 4.63e-10 s                 ; 4.49e-10 s                 ; Yes                       ; Yes                       ;
; B[19]        ; 2.5 V        ; 0 s                 ; 0 s                 ; 2.32 V                       ; 1.16e-06 V                   ; 2.37 V              ; -0.0449 V           ; 0.201 V                              ; 0.093 V                              ; 4.89e-10 s                  ; 5.81e-10 s                  ; Yes                        ; No                         ; 2.32 V                      ; 1.16e-06 V                  ; 2.37 V             ; -0.0449 V          ; 0.201 V                             ; 0.093 V                             ; 4.89e-10 s                 ; 5.81e-10 s                 ; Yes                       ; No                        ;
; B[20]        ; 2.5 V        ; 0 s                 ; 0 s                 ; 2.32 V                       ; 1.16e-06 V                   ; 2.37 V              ; -0.0508 V           ; 0.153 V                              ; 0.187 V                              ; 4.63e-10 s                  ; 4.49e-10 s                  ; Yes                        ; Yes                        ; 2.32 V                      ; 1.16e-06 V                  ; 2.37 V             ; -0.0508 V          ; 0.153 V                             ; 0.187 V                             ; 4.63e-10 s                 ; 4.49e-10 s                 ; Yes                       ; Yes                       ;
; B[21]        ; 2.5 V        ; 0 s                 ; 0 s                 ; 2.32 V                       ; 1.16e-06 V                   ; 2.37 V              ; -0.049 V            ; 0.154 V                              ; 0.186 V                              ; 4.63e-10 s                  ; 4.5e-10 s                   ; Yes                        ; Yes                        ; 2.32 V                      ; 1.16e-06 V                  ; 2.37 V             ; -0.049 V           ; 0.154 V                             ; 0.186 V                             ; 4.63e-10 s                 ; 4.5e-10 s                  ; Yes                       ; Yes                       ;
; B[22]        ; 2.5 V        ; 0 s                 ; 0 s                 ; 2.32 V                       ; 1.16e-06 V                   ; 2.37 V              ; -0.0508 V           ; 0.153 V                              ; 0.187 V                              ; 4.63e-10 s                  ; 4.49e-10 s                  ; Yes                        ; Yes                        ; 2.32 V                      ; 1.16e-06 V                  ; 2.37 V             ; -0.0508 V          ; 0.153 V                             ; 0.187 V                             ; 4.63e-10 s                 ; 4.49e-10 s                 ; Yes                       ; Yes                       ;
; B[23]        ; 2.5 V        ; 0 s                 ; 0 s                 ; 2.32 V                       ; 1.16e-06 V                   ; 2.37 V              ; -0.0459 V           ; 0.201 V                              ; 0.093 V                              ; 4.9e-10 s                   ; 5.83e-10 s                  ; Yes                        ; No                         ; 2.32 V                      ; 1.16e-06 V                  ; 2.37 V             ; -0.0459 V          ; 0.201 V                             ; 0.093 V                             ; 4.9e-10 s                  ; 5.83e-10 s                 ; Yes                       ; No                        ;
; B[24]        ; 2.5 V        ; 0 s                 ; 0 s                 ; 2.32 V                       ; 1.16e-06 V                   ; 2.33 V              ; -0.00314 V          ; 0.21 V                               ; 0.115 V                              ; 4.79e-09 s                  ; 4.41e-09 s                  ; No                         ; Yes                        ; 2.32 V                      ; 1.16e-06 V                  ; 2.33 V             ; -0.00314 V         ; 0.21 V                              ; 0.115 V                             ; 4.79e-09 s                 ; 4.41e-09 s                 ; No                        ; Yes                       ;
; B[25]        ; 2.5 V        ; 0 s                 ; 0 s                 ; 2.32 V                       ; 1.16e-06 V                   ; 2.37 V              ; -0.0508 V           ; 0.153 V                              ; 0.187 V                              ; 4.63e-10 s                  ; 4.49e-10 s                  ; Yes                        ; Yes                        ; 2.32 V                      ; 1.16e-06 V                  ; 2.37 V             ; -0.0508 V          ; 0.153 V                             ; 0.187 V                             ; 4.63e-10 s                 ; 4.49e-10 s                 ; Yes                       ; Yes                       ;
; B[26]        ; 2.5 V        ; 0 s                 ; 0 s                 ; 2.32 V                       ; 1.16e-06 V                   ; 2.37 V              ; -0.049 V            ; 0.154 V                              ; 0.186 V                              ; 4.63e-10 s                  ; 4.5e-10 s                   ; Yes                        ; Yes                        ; 2.32 V                      ; 1.16e-06 V                  ; 2.37 V             ; -0.049 V           ; 0.154 V                             ; 0.186 V                             ; 4.63e-10 s                 ; 4.5e-10 s                  ; Yes                       ; Yes                       ;
; B[27]        ; 2.5 V        ; 0 s                 ; 0 s                 ; 2.32 V                       ; 1.16e-06 V                   ; 2.37 V              ; -0.0449 V           ; 0.201 V                              ; 0.093 V                              ; 4.89e-10 s                  ; 5.81e-10 s                  ; Yes                        ; No                         ; 2.32 V                      ; 1.16e-06 V                  ; 2.37 V             ; -0.0449 V          ; 0.201 V                             ; 0.093 V                             ; 4.89e-10 s                 ; 5.81e-10 s                 ; Yes                       ; No                        ;
; B[28]        ; 2.5 V        ; 0 s                 ; 0 s                 ; 2.32 V                       ; 1.16e-06 V                   ; 2.33 V              ; -0.00314 V          ; 0.21 V                               ; 0.115 V                              ; 4.79e-09 s                  ; 4.41e-09 s                  ; No                         ; Yes                        ; 2.32 V                      ; 1.16e-06 V                  ; 2.33 V             ; -0.00314 V         ; 0.21 V                              ; 0.115 V                             ; 4.79e-09 s                 ; 4.41e-09 s                 ; No                        ; Yes                       ;
; B[29]        ; 2.5 V        ; 0 s                 ; 0 s                 ; 2.32 V                       ; 1.16e-06 V                   ; 2.37 V              ; -0.0508 V           ; 0.153 V                              ; 0.187 V                              ; 4.63e-10 s                  ; 4.49e-10 s                  ; Yes                        ; Yes                        ; 2.32 V                      ; 1.16e-06 V                  ; 2.37 V             ; -0.0508 V          ; 0.153 V                             ; 0.187 V                             ; 4.63e-10 s                 ; 4.49e-10 s                 ; Yes                       ; Yes                       ;
; B[30]        ; 2.5 V        ; 0 s                 ; 0 s                 ; 2.32 V                       ; 1.16e-06 V                   ; 2.37 V              ; -0.049 V            ; 0.154 V                              ; 0.186 V                              ; 4.63e-10 s                  ; 4.5e-10 s                   ; Yes                        ; Yes                        ; 2.32 V                      ; 1.16e-06 V                  ; 2.37 V             ; -0.049 V           ; 0.154 V                             ; 0.186 V                             ; 4.63e-10 s                 ; 4.5e-10 s                  ; Yes                       ; Yes                       ;
; B[31]        ; 2.5 V        ; 0 s                 ; 0 s                 ; 2.32 V                       ; 1.16e-06 V                   ; 2.37 V              ; -0.0508 V           ; 0.153 V                              ; 0.187 V                              ; 4.63e-10 s                  ; 4.49e-10 s                  ; Yes                        ; Yes                        ; 2.32 V                      ; 1.16e-06 V                  ; 2.37 V             ; -0.0508 V          ; 0.153 V                             ; 0.187 V                             ; 4.63e-10 s                 ; 4.49e-10 s                 ; Yes                       ; Yes                       ;
; instruc[0]   ; 2.5 V        ; 0 s                 ; 0 s                 ; 2.32 V                       ; 1.16e-06 V                   ; 2.37 V              ; -0.049 V            ; 0.154 V                              ; 0.186 V                              ; 4.63e-10 s                  ; 4.5e-10 s                   ; Yes                        ; Yes                        ; 2.32 V                      ; 1.16e-06 V                  ; 2.37 V             ; -0.049 V           ; 0.154 V                             ; 0.186 V                             ; 4.63e-10 s                 ; 4.5e-10 s                  ; Yes                       ; Yes                       ;
; instruc[1]   ; 2.5 V        ; 0 s                 ; 0 s                 ; 2.32 V                       ; 1.16e-06 V                   ; 2.37 V              ; -0.0459 V           ; 0.201 V                              ; 0.093 V                              ; 4.9e-10 s                   ; 5.83e-10 s                  ; Yes                        ; No                         ; 2.32 V                      ; 1.16e-06 V                  ; 2.37 V             ; -0.0459 V          ; 0.201 V                             ; 0.093 V                             ; 4.9e-10 s                  ; 5.83e-10 s                 ; Yes                       ; No                        ;
; instruc[2]   ; 2.5 V        ; 0 s                 ; 0 s                 ; 2.32 V                       ; 1.16e-06 V                   ; 2.37 V              ; -0.0459 V           ; 0.201 V                              ; 0.093 V                              ; 4.9e-10 s                   ; 5.83e-10 s                  ; Yes                        ; No                         ; 2.32 V                      ; 1.16e-06 V                  ; 2.37 V             ; -0.0459 V          ; 0.201 V                             ; 0.093 V                             ; 4.9e-10 s                  ; 5.83e-10 s                 ; Yes                       ; No                        ;
; instruc[3]   ; 2.5 V        ; 0 s                 ; 0 s                 ; 2.32 V                       ; 1.16e-06 V                   ; 2.37 V              ; -0.049 V            ; 0.154 V                              ; 0.186 V                              ; 4.63e-10 s                  ; 4.5e-10 s                   ; Yes                        ; Yes                        ; 2.32 V                      ; 1.16e-06 V                  ; 2.37 V             ; -0.049 V           ; 0.154 V                             ; 0.186 V                             ; 4.63e-10 s                 ; 4.5e-10 s                  ; Yes                       ; Yes                       ;
; instruc[4]   ; 2.5 V        ; 0 s                 ; 0 s                 ; 2.32 V                       ; 1.16e-06 V                   ; 2.37 V              ; -0.049 V            ; 0.154 V                              ; 0.186 V                              ; 4.63e-10 s                  ; 4.5e-10 s                   ; Yes                        ; Yes                        ; 2.32 V                      ; 1.16e-06 V                  ; 2.37 V             ; -0.049 V           ; 0.154 V                             ; 0.186 V                             ; 4.63e-10 s                 ; 4.5e-10 s                  ; Yes                       ; Yes                       ;
; instruc[5]   ; 2.5 V        ; 0 s                 ; 0 s                 ; 2.32 V                       ; 1.16e-06 V                   ; 2.37 V              ; -0.0459 V           ; 0.201 V                              ; 0.093 V                              ; 4.9e-10 s                   ; 5.83e-10 s                  ; Yes                        ; No                         ; 2.32 V                      ; 1.16e-06 V                  ; 2.37 V             ; -0.0459 V          ; 0.201 V                             ; 0.093 V                             ; 4.9e-10 s                  ; 5.83e-10 s                 ; Yes                       ; No                        ;
; instruc[6]   ; 2.5 V        ; 0 s                 ; 0 s                 ; 2.32 V                       ; 1.16e-06 V                   ; 2.37 V              ; -0.049 V            ; 0.154 V                              ; 0.186 V                              ; 4.63e-10 s                  ; 4.5e-10 s                   ; Yes                        ; Yes                        ; 2.32 V                      ; 1.16e-06 V                  ; 2.37 V             ; -0.049 V           ; 0.154 V                             ; 0.186 V                             ; 4.63e-10 s                 ; 4.5e-10 s                  ; Yes                       ; Yes                       ;
; instruc[7]   ; 2.5 V        ; 0 s                 ; 0 s                 ; 2.32 V                       ; 1.16e-06 V                   ; 2.37 V              ; -0.0508 V           ; 0.153 V                              ; 0.187 V                              ; 4.63e-10 s                  ; 4.49e-10 s                  ; Yes                        ; Yes                        ; 2.32 V                      ; 1.16e-06 V                  ; 2.37 V             ; -0.0508 V          ; 0.153 V                             ; 0.187 V                             ; 4.63e-10 s                 ; 4.49e-10 s                 ; Yes                       ; Yes                       ;
; instruc[8]   ; 2.5 V        ; 0 s                 ; 0 s                 ; 2.32 V                       ; 1.16e-06 V                   ; 2.37 V              ; -0.049 V            ; 0.154 V                              ; 0.186 V                              ; 4.63e-10 s                  ; 4.5e-10 s                   ; Yes                        ; Yes                        ; 2.32 V                      ; 1.16e-06 V                  ; 2.37 V             ; -0.049 V           ; 0.154 V                             ; 0.186 V                             ; 4.63e-10 s                 ; 4.5e-10 s                  ; Yes                       ; Yes                       ;
; instruc[9]   ; 2.5 V        ; 0 s                 ; 0 s                 ; 2.32 V                       ; 1.16e-06 V                   ; 2.37 V              ; -0.049 V            ; 0.154 V                              ; 0.186 V                              ; 4.63e-10 s                  ; 4.5e-10 s                   ; Yes                        ; Yes                        ; 2.32 V                      ; 1.16e-06 V                  ; 2.37 V             ; -0.049 V           ; 0.154 V                             ; 0.186 V                             ; 4.63e-10 s                 ; 4.5e-10 s                  ; Yes                       ; Yes                       ;
; instruc[10]  ; 2.5 V        ; 0 s                 ; 0 s                 ; 2.32 V                       ; 1.16e-06 V                   ; 2.37 V              ; -0.049 V            ; 0.154 V                              ; 0.186 V                              ; 4.63e-10 s                  ; 4.5e-10 s                   ; Yes                        ; Yes                        ; 2.32 V                      ; 1.16e-06 V                  ; 2.37 V             ; -0.049 V           ; 0.154 V                             ; 0.186 V                             ; 4.63e-10 s                 ; 4.5e-10 s                  ; Yes                       ; Yes                       ;
; instruc[11]  ; 2.5 V        ; 0 s                 ; 0 s                 ; 2.32 V                       ; 1.16e-06 V                   ; 2.37 V              ; -0.0459 V           ; 0.201 V                              ; 0.093 V                              ; 4.9e-10 s                   ; 5.83e-10 s                  ; Yes                        ; No                         ; 2.32 V                      ; 1.16e-06 V                  ; 2.37 V             ; -0.0459 V          ; 0.201 V                             ; 0.093 V                             ; 4.9e-10 s                  ; 5.83e-10 s                 ; Yes                       ; No                        ;
; instruc[12]  ; 2.5 V        ; 0 s                 ; 0 s                 ; 2.32 V                       ; 1.16e-06 V                   ; 2.37 V              ; -0.0508 V           ; 0.153 V                              ; 0.187 V                              ; 4.63e-10 s                  ; 4.49e-10 s                  ; Yes                        ; Yes                        ; 2.32 V                      ; 1.16e-06 V                  ; 2.37 V             ; -0.0508 V          ; 0.153 V                             ; 0.187 V                             ; 4.63e-10 s                 ; 4.49e-10 s                 ; Yes                       ; Yes                       ;
; instruc[13]  ; 2.5 V        ; 0 s                 ; 0 s                 ; 2.32 V                       ; 1.16e-06 V                   ; 2.37 V              ; -0.0459 V           ; 0.201 V                              ; 0.093 V                              ; 4.9e-10 s                   ; 5.83e-10 s                  ; Yes                        ; No                         ; 2.32 V                      ; 1.16e-06 V                  ; 2.37 V             ; -0.0459 V          ; 0.201 V                             ; 0.093 V                             ; 4.9e-10 s                  ; 5.83e-10 s                 ; Yes                       ; No                        ;
; instruc[14]  ; 2.5 V        ; 0 s                 ; 0 s                 ; 2.32 V                       ; 1.16e-06 V                   ; 2.33 V              ; -0.00314 V          ; 0.21 V                               ; 0.115 V                              ; 4.79e-09 s                  ; 4.41e-09 s                  ; No                         ; Yes                        ; 2.32 V                      ; 1.16e-06 V                  ; 2.33 V             ; -0.00314 V         ; 0.21 V                              ; 0.115 V                             ; 4.79e-09 s                 ; 4.41e-09 s                 ; No                        ; Yes                       ;
; instruc[15]  ; 2.5 V        ; 0 s                 ; 0 s                 ; 2.32 V                       ; 1.16e-06 V                   ; 2.37 V              ; -0.049 V            ; 0.154 V                              ; 0.186 V                              ; 4.63e-10 s                  ; 4.5e-10 s                   ; Yes                        ; Yes                        ; 2.32 V                      ; 1.16e-06 V                  ; 2.37 V             ; -0.049 V           ; 0.154 V                             ; 0.186 V                             ; 4.63e-10 s                 ; 4.5e-10 s                  ; Yes                       ; Yes                       ;
; instruc[16]  ; 2.5 V        ; 0 s                 ; 0 s                 ; 2.32 V                       ; 1.16e-06 V                   ; 2.37 V              ; -0.049 V            ; 0.154 V                              ; 0.186 V                              ; 4.63e-10 s                  ; 4.5e-10 s                   ; Yes                        ; Yes                        ; 2.32 V                      ; 1.16e-06 V                  ; 2.37 V             ; -0.049 V           ; 0.154 V                             ; 0.186 V                             ; 4.63e-10 s                 ; 4.5e-10 s                  ; Yes                       ; Yes                       ;
; instruc[17]  ; 2.5 V        ; 0 s                 ; 0 s                 ; 2.32 V                       ; 1.16e-06 V                   ; 2.37 V              ; -0.0449 V           ; 0.201 V                              ; 0.093 V                              ; 4.89e-10 s                  ; 5.81e-10 s                  ; Yes                        ; No                         ; 2.32 V                      ; 1.16e-06 V                  ; 2.37 V             ; -0.0449 V          ; 0.201 V                             ; 0.093 V                             ; 4.89e-10 s                 ; 5.81e-10 s                 ; Yes                       ; No                        ;
; instruc[18]  ; 2.5 V        ; 0 s                 ; 0 s                 ; 2.32 V                       ; 1.16e-06 V                   ; 2.37 V              ; -0.0459 V           ; 0.201 V                              ; 0.093 V                              ; 4.9e-10 s                   ; 5.83e-10 s                  ; Yes                        ; No                         ; 2.32 V                      ; 1.16e-06 V                  ; 2.37 V             ; -0.0459 V          ; 0.201 V                             ; 0.093 V                             ; 4.9e-10 s                  ; 5.83e-10 s                 ; Yes                       ; No                        ;
; instruc[19]  ; 2.5 V        ; 0 s                 ; 0 s                 ; 2.32 V                       ; 1.16e-06 V                   ; 2.37 V              ; -0.049 V            ; 0.154 V                              ; 0.186 V                              ; 4.63e-10 s                  ; 4.5e-10 s                   ; Yes                        ; Yes                        ; 2.32 V                      ; 1.16e-06 V                  ; 2.37 V             ; -0.049 V           ; 0.154 V                             ; 0.186 V                             ; 4.63e-10 s                 ; 4.5e-10 s                  ; Yes                       ; Yes                       ;
; instruc[20]  ; 2.5 V        ; 0 s                 ; 0 s                 ; 2.32 V                       ; 1.16e-06 V                   ; 2.37 V              ; -0.0459 V           ; 0.201 V                              ; 0.093 V                              ; 4.9e-10 s                   ; 5.83e-10 s                  ; Yes                        ; No                         ; 2.32 V                      ; 1.16e-06 V                  ; 2.37 V             ; -0.0459 V          ; 0.201 V                             ; 0.093 V                             ; 4.9e-10 s                  ; 5.83e-10 s                 ; Yes                       ; No                        ;
; instruc[21]  ; 2.5 V        ; 0 s                 ; 0 s                 ; 2.32 V                       ; 1.16e-06 V                   ; 2.37 V              ; -0.0508 V           ; 0.153 V                              ; 0.187 V                              ; 4.63e-10 s                  ; 4.49e-10 s                  ; Yes                        ; Yes                        ; 2.32 V                      ; 1.16e-06 V                  ; 2.37 V             ; -0.0508 V          ; 0.153 V                             ; 0.187 V                             ; 4.63e-10 s                 ; 4.49e-10 s                 ; Yes                       ; Yes                       ;
; instruc[22]  ; 2.5 V        ; 0 s                 ; 0 s                 ; 2.32 V                       ; 1.16e-06 V                   ; 2.37 V              ; -0.0508 V           ; 0.153 V                              ; 0.187 V                              ; 4.63e-10 s                  ; 4.49e-10 s                  ; Yes                        ; Yes                        ; 2.32 V                      ; 1.16e-06 V                  ; 2.37 V             ; -0.0508 V          ; 0.153 V                             ; 0.187 V                             ; 4.63e-10 s                 ; 4.49e-10 s                 ; Yes                       ; Yes                       ;
; instruc[23]  ; 2.5 V        ; 0 s                 ; 0 s                 ; 2.32 V                       ; 1.16e-06 V                   ; 2.37 V              ; -0.0508 V           ; 0.153 V                              ; 0.187 V                              ; 4.63e-10 s                  ; 4.49e-10 s                  ; Yes                        ; Yes                        ; 2.32 V                      ; 1.16e-06 V                  ; 2.37 V             ; -0.0508 V          ; 0.153 V                             ; 0.187 V                             ; 4.63e-10 s                 ; 4.49e-10 s                 ; Yes                       ; Yes                       ;
; instruc[24]  ; 2.5 V        ; 0 s                 ; 0 s                 ; 2.32 V                       ; 1.16e-06 V                   ; 2.37 V              ; -0.0449 V           ; 0.201 V                              ; 0.093 V                              ; 4.89e-10 s                  ; 5.81e-10 s                  ; Yes                        ; No                         ; 2.32 V                      ; 1.16e-06 V                  ; 2.37 V             ; -0.0449 V          ; 0.201 V                             ; 0.093 V                             ; 4.89e-10 s                 ; 5.81e-10 s                 ; Yes                       ; No                        ;
; instruc[25]  ; 2.5 V        ; 0 s                 ; 0 s                 ; 2.32 V                       ; 1.16e-06 V                   ; 2.37 V              ; -0.0508 V           ; 0.153 V                              ; 0.187 V                              ; 4.63e-10 s                  ; 4.49e-10 s                  ; Yes                        ; Yes                        ; 2.32 V                      ; 1.16e-06 V                  ; 2.37 V             ; -0.0508 V          ; 0.153 V                             ; 0.187 V                             ; 4.63e-10 s                 ; 4.49e-10 s                 ; Yes                       ; Yes                       ;
; instruc[26]  ; 2.5 V        ; 0 s                 ; 0 s                 ; 2.32 V                       ; 1.16e-06 V                   ; 2.37 V              ; -0.049 V            ; 0.154 V                              ; 0.186 V                              ; 4.63e-10 s                  ; 4.5e-10 s                   ; Yes                        ; Yes                        ; 2.32 V                      ; 1.16e-06 V                  ; 2.37 V             ; -0.049 V           ; 0.154 V                             ; 0.186 V                             ; 4.63e-10 s                 ; 4.5e-10 s                  ; Yes                       ; Yes                       ;
; instruc[27]  ; 2.5 V        ; 0 s                 ; 0 s                 ; 2.32 V                       ; 1.16e-06 V                   ; 2.37 V              ; -0.0508 V           ; 0.153 V                              ; 0.187 V                              ; 4.63e-10 s                  ; 4.49e-10 s                  ; Yes                        ; Yes                        ; 2.32 V                      ; 1.16e-06 V                  ; 2.37 V             ; -0.0508 V          ; 0.153 V                             ; 0.187 V                             ; 4.63e-10 s                 ; 4.49e-10 s                 ; Yes                       ; Yes                       ;
; instruc[28]  ; 2.5 V        ; 0 s                 ; 0 s                 ; 2.32 V                       ; 1.16e-06 V                   ; 2.37 V              ; -0.0508 V           ; 0.153 V                              ; 0.187 V                              ; 4.63e-10 s                  ; 4.49e-10 s                  ; Yes                        ; Yes                        ; 2.32 V                      ; 1.16e-06 V                  ; 2.37 V             ; -0.0508 V          ; 0.153 V                             ; 0.187 V                             ; 4.63e-10 s                 ; 4.49e-10 s                 ; Yes                       ; Yes                       ;
; instruc[29]  ; 2.5 V        ; 0 s                 ; 0 s                 ; 2.32 V                       ; 1.16e-06 V                   ; 2.37 V              ; -0.049 V            ; 0.154 V                              ; 0.186 V                              ; 4.63e-10 s                  ; 4.5e-10 s                   ; Yes                        ; Yes                        ; 2.32 V                      ; 1.16e-06 V                  ; 2.37 V             ; -0.049 V           ; 0.154 V                             ; 0.186 V                             ; 4.63e-10 s                 ; 4.5e-10 s                  ; Yes                       ; Yes                       ;
; instruc[30]  ; 2.5 V        ; 0 s                 ; 0 s                 ; 2.32 V                       ; 1.16e-06 V                   ; 2.37 V              ; -0.0508 V           ; 0.153 V                              ; 0.187 V                              ; 4.63e-10 s                  ; 4.49e-10 s                  ; Yes                        ; Yes                        ; 2.32 V                      ; 1.16e-06 V                  ; 2.37 V             ; -0.0508 V          ; 0.153 V                             ; 0.187 V                             ; 4.63e-10 s                 ; 4.49e-10 s                 ; Yes                       ; Yes                       ;
; instruc[31]  ; 2.5 V        ; 0 s                 ; 0 s                 ; 2.32 V                       ; 1.16e-06 V                   ; 2.37 V              ; -0.0449 V           ; 0.201 V                              ; 0.093 V                              ; 4.89e-10 s                  ; 5.81e-10 s                  ; Yes                        ; No                         ; 2.32 V                      ; 1.16e-06 V                  ; 2.37 V             ; -0.0449 V          ; 0.201 V                             ; 0.093 V                             ; 4.89e-10 s                 ; 5.81e-10 s                 ; Yes                       ; No                        ;
; adA[0]       ; 2.5 V        ; 0 s                 ; 0 s                 ; 2.32 V                       ; 1.16e-06 V                   ; 2.37 V              ; -0.0508 V           ; 0.153 V                              ; 0.187 V                              ; 4.63e-10 s                  ; 4.49e-10 s                  ; Yes                        ; Yes                        ; 2.32 V                      ; 1.16e-06 V                  ; 2.37 V             ; -0.0508 V          ; 0.153 V                             ; 0.187 V                             ; 4.63e-10 s                 ; 4.49e-10 s                 ; Yes                       ; Yes                       ;
; adA[1]       ; 2.5 V        ; 0 s                 ; 0 s                 ; 2.32 V                       ; 1.16e-06 V                   ; 2.37 V              ; -0.0449 V           ; 0.201 V                              ; 0.093 V                              ; 4.89e-10 s                  ; 5.81e-10 s                  ; Yes                        ; No                         ; 2.32 V                      ; 1.16e-06 V                  ; 2.37 V             ; -0.0449 V          ; 0.201 V                             ; 0.093 V                             ; 4.89e-10 s                 ; 5.81e-10 s                 ; Yes                       ; No                        ;
; adA[2]       ; 2.5 V        ; 0 s                 ; 0 s                 ; 2.32 V                       ; 1.16e-06 V                   ; 2.37 V              ; -0.049 V            ; 0.154 V                              ; 0.186 V                              ; 4.63e-10 s                  ; 4.5e-10 s                   ; Yes                        ; Yes                        ; 2.32 V                      ; 1.16e-06 V                  ; 2.37 V             ; -0.049 V           ; 0.154 V                             ; 0.186 V                             ; 4.63e-10 s                 ; 4.5e-10 s                  ; Yes                       ; Yes                       ;
; adA[3]       ; 2.5 V        ; 0 s                 ; 0 s                 ; 2.32 V                       ; 1.16e-06 V                   ; 2.37 V              ; -0.049 V            ; 0.154 V                              ; 0.186 V                              ; 4.63e-10 s                  ; 4.5e-10 s                   ; Yes                        ; Yes                        ; 2.32 V                      ; 1.16e-06 V                  ; 2.37 V             ; -0.049 V           ; 0.154 V                             ; 0.186 V                             ; 4.63e-10 s                 ; 4.5e-10 s                  ; Yes                       ; Yes                       ;
; adA[4]       ; 2.5 V        ; 0 s                 ; 0 s                 ; 2.32 V                       ; 1.16e-06 V                   ; 2.37 V              ; -0.0508 V           ; 0.153 V                              ; 0.187 V                              ; 4.63e-10 s                  ; 4.49e-10 s                  ; Yes                        ; Yes                        ; 2.32 V                      ; 1.16e-06 V                  ; 2.37 V             ; -0.0508 V          ; 0.153 V                             ; 0.187 V                             ; 4.63e-10 s                 ; 4.49e-10 s                 ; Yes                       ; Yes                       ;
; adB[0]       ; 2.5 V        ; 0 s                 ; 0 s                 ; 2.32 V                       ; 1.16e-06 V                   ; 2.37 V              ; -0.049 V            ; 0.154 V                              ; 0.186 V                              ; 4.63e-10 s                  ; 4.5e-10 s                   ; Yes                        ; Yes                        ; 2.32 V                      ; 1.16e-06 V                  ; 2.37 V             ; -0.049 V           ; 0.154 V                             ; 0.186 V                             ; 4.63e-10 s                 ; 4.5e-10 s                  ; Yes                       ; Yes                       ;
; adB[1]       ; 2.5 V        ; 0 s                 ; 0 s                 ; 2.32 V                       ; 1.16e-06 V                   ; 2.37 V              ; -0.049 V            ; 0.154 V                              ; 0.186 V                              ; 4.63e-10 s                  ; 4.5e-10 s                   ; Yes                        ; Yes                        ; 2.32 V                      ; 1.16e-06 V                  ; 2.37 V             ; -0.049 V           ; 0.154 V                             ; 0.186 V                             ; 4.63e-10 s                 ; 4.5e-10 s                  ; Yes                       ; Yes                       ;
; adB[2]       ; 2.5 V        ; 0 s                 ; 0 s                 ; 2.32 V                       ; 1.16e-06 V                   ; 2.37 V              ; -0.0508 V           ; 0.153 V                              ; 0.187 V                              ; 4.63e-10 s                  ; 4.49e-10 s                  ; Yes                        ; Yes                        ; 2.32 V                      ; 1.16e-06 V                  ; 2.37 V             ; -0.0508 V          ; 0.153 V                             ; 0.187 V                             ; 4.63e-10 s                 ; 4.49e-10 s                 ; Yes                       ; Yes                       ;
; adB[3]       ; 2.5 V        ; 0 s                 ; 0 s                 ; 2.32 V                       ; 1.16e-06 V                   ; 2.37 V              ; -0.0508 V           ; 0.153 V                              ; 0.187 V                              ; 4.63e-10 s                  ; 4.49e-10 s                  ; Yes                        ; Yes                        ; 2.32 V                      ; 1.16e-06 V                  ; 2.37 V             ; -0.0508 V          ; 0.153 V                             ; 0.187 V                             ; 4.63e-10 s                 ; 4.49e-10 s                 ; Yes                       ; Yes                       ;
; adB[4]       ; 2.5 V        ; 0 s                 ; 0 s                 ; 2.32 V                       ; 1.16e-06 V                   ; 2.37 V              ; -0.0508 V           ; 0.153 V                              ; 0.187 V                              ; 4.63e-10 s                  ; 4.49e-10 s                  ; Yes                        ; Yes                        ; 2.32 V                      ; 1.16e-06 V                  ; 2.37 V             ; -0.0508 V          ; 0.153 V                             ; 0.187 V                             ; 4.63e-10 s                 ; 4.49e-10 s                 ; Yes                       ; Yes                       ;
; ~ALTERA_TDO~ ; 2.5 V        ; 0 s                 ; 0 s                 ; 2.32 V                       ; 1.97e-06 V                   ; 2.36 V              ; -0.0173 V           ; 0.144 V                              ; 0.094 V                              ; 6.44e-10 s                  ; 7.2e-10 s                   ; No                         ; Yes                        ; 2.32 V                      ; 1.97e-06 V                  ; 2.36 V             ; -0.0173 V          ; 0.144 V                             ; 0.094 V                             ; 6.44e-10 s                 ; 7.2e-10 s                  ; No                        ; Yes                       ;
+--------------+--------------+---------------------+---------------------+------------------------------+------------------------------+---------------------+---------------------+--------------------------------------+--------------------------------------+-----------------------------+-----------------------------+----------------------------+----------------------------+-----------------------------+-----------------------------+--------------------+--------------------+-------------------------------------+-------------------------------------+----------------------------+----------------------------+---------------------------+---------------------------+


+-------------------------------------------------------------------------------------------------------------------------------------------------------------------------------------------------------------------------------------------------------------------------------------------------------------------------------------------------------------------------------------------------------------------------------------------------------------------------------------------------------------------------------------------------------------------------------------------------------------------------------------------------------------------------------------------+
; Signal Integrity Metrics (Fast 1200mv 0c Model)                                                                                                                                                                                                                                                                                                                                                                                                                                                                                                                                                                                                                                           ;
+--------------+--------------+---------------------+---------------------+------------------------------+------------------------------+---------------------+---------------------+--------------------------------------+--------------------------------------+-----------------------------+-----------------------------+----------------------------+----------------------------+-----------------------------+-----------------------------+--------------------+--------------------+-------------------------------------+-------------------------------------+----------------------------+----------------------------+---------------------------+---------------------------+
; Pin          ; I/O Standard ; Board Delay on Rise ; Board Delay on Fall ; Steady State Voh at FPGA Pin ; Steady State Vol at FPGA Pin ; Voh Max at FPGA Pin ; Vol Min at FPGA Pin ; Ringback Voltage on Rise at FPGA Pin ; Ringback Voltage on Fall at FPGA Pin ; 10-90 Rise Time at FPGA Pin ; 90-10 Fall Time at FPGA Pin ; Monotonic Rise at FPGA Pin ; Monotonic Fall at FPGA Pin ; Steady State Voh at Far-end ; Steady State Vol at Far-end ; Voh Max at Far-end ; Vol Min at Far-end ; Ringback Voltage on Rise at Far-end ; Ringback Voltage on Fall at Far-end ; 10-90 Rise Time at Far-end ; 90-10 Fall Time at Far-end ; Monotonic Rise at Far-end ; Monotonic Fall at Far-end ;
+--------------+--------------+---------------------+---------------------+------------------------------+------------------------------+---------------------+---------------------+--------------------------------------+--------------------------------------+-----------------------------+-----------------------------+----------------------------+----------------------------+-----------------------------+-----------------------------+--------------------+--------------------+-------------------------------------+-------------------------------------+----------------------------+----------------------------+---------------------------+---------------------------+
; out[0]       ; 2.5 V        ; 0 s                 ; 0 s                 ; 2.62 V                       ; 9.94e-08 V                   ; 2.78 V              ; -0.0444 V           ; 0.25 V                               ; 0.107 V                              ; 2.67e-10 s                  ; 2.75e-10 s                  ; No                         ; Yes                        ; 2.62 V                      ; 9.94e-08 V                  ; 2.78 V             ; -0.0444 V          ; 0.25 V                              ; 0.107 V                             ; 2.67e-10 s                 ; 2.75e-10 s                 ; No                        ; Yes                       ;
; out[1]       ; 2.5 V        ; 0 s                 ; 0 s                 ; 2.62 V                       ; 9.95e-08 V                   ; 2.78 V              ; -0.0452 V           ; 0.248 V                              ; 0.108 V                              ; 2.67e-10 s                  ; 2.75e-10 s                  ; No                         ; Yes                        ; 2.62 V                      ; 9.95e-08 V                  ; 2.78 V             ; -0.0452 V          ; 0.248 V                             ; 0.108 V                             ; 2.67e-10 s                 ; 2.75e-10 s                 ; No                        ; Yes                       ;
; out[2]       ; 2.5 V        ; 0 s                 ; 0 s                 ; 2.62 V                       ; 9.95e-08 V                   ; 2.78 V              ; -0.0452 V           ; 0.248 V                              ; 0.108 V                              ; 2.67e-10 s                  ; 2.75e-10 s                  ; No                         ; Yes                        ; 2.62 V                      ; 9.95e-08 V                  ; 2.78 V             ; -0.0452 V          ; 0.248 V                             ; 0.108 V                             ; 2.67e-10 s                 ; 2.75e-10 s                 ; No                        ; Yes                       ;
; out[3]       ; 2.5 V        ; 0 s                 ; 0 s                 ; 2.62 V                       ; 9.94e-08 V                   ; 2.78 V              ; -0.0444 V           ; 0.25 V                               ; 0.107 V                              ; 2.67e-10 s                  ; 2.75e-10 s                  ; No                         ; Yes                        ; 2.62 V                      ; 9.94e-08 V                  ; 2.78 V             ; -0.0444 V          ; 0.25 V                              ; 0.107 V                             ; 2.67e-10 s                 ; 2.75e-10 s                 ; No                        ; Yes                       ;
; out[4]       ; 2.5 V        ; 0 s                 ; 0 s                 ; 2.62 V                       ; 9.95e-08 V                   ; 2.78 V              ; -0.0452 V           ; 0.248 V                              ; 0.108 V                              ; 2.67e-10 s                  ; 2.75e-10 s                  ; No                         ; Yes                        ; 2.62 V                      ; 9.95e-08 V                  ; 2.78 V             ; -0.0452 V          ; 0.248 V                             ; 0.108 V                             ; 2.67e-10 s                 ; 2.75e-10 s                 ; No                        ; Yes                       ;
; out[5]       ; 2.5 V        ; 0 s                 ; 0 s                 ; 2.62 V                       ; 9.95e-08 V                   ; 2.78 V              ; -0.0452 V           ; 0.248 V                              ; 0.108 V                              ; 2.67e-10 s                  ; 2.75e-10 s                  ; No                         ; Yes                        ; 2.62 V                      ; 9.95e-08 V                  ; 2.78 V             ; -0.0452 V          ; 0.248 V                             ; 0.108 V                             ; 2.67e-10 s                 ; 2.75e-10 s                 ; No                        ; Yes                       ;
; out[6]       ; 2.5 V        ; 0 s                 ; 0 s                 ; 2.62 V                       ; 9.95e-08 V                   ; 2.78 V              ; -0.0452 V           ; 0.248 V                              ; 0.108 V                              ; 2.67e-10 s                  ; 2.75e-10 s                  ; No                         ; Yes                        ; 2.62 V                      ; 9.95e-08 V                  ; 2.78 V             ; -0.0452 V          ; 0.248 V                             ; 0.108 V                             ; 2.67e-10 s                 ; 2.75e-10 s                 ; No                        ; Yes                       ;
; out[7]       ; 2.5 V        ; 0 s                 ; 0 s                 ; 2.62 V                       ; 9.95e-08 V                   ; 2.78 V              ; -0.0452 V           ; 0.248 V                              ; 0.108 V                              ; 2.67e-10 s                  ; 2.75e-10 s                  ; No                         ; Yes                        ; 2.62 V                      ; 9.95e-08 V                  ; 2.78 V             ; -0.0452 V          ; 0.248 V                             ; 0.108 V                             ; 2.67e-10 s                 ; 2.75e-10 s                 ; No                        ; Yes                       ;
; out[8]       ; 2.5 V        ; 0 s                 ; 0 s                 ; 2.62 V                       ; 9.94e-08 V                   ; 2.78 V              ; -0.0444 V           ; 0.25 V                               ; 0.107 V                              ; 2.67e-10 s                  ; 2.75e-10 s                  ; No                         ; Yes                        ; 2.62 V                      ; 9.94e-08 V                  ; 2.78 V             ; -0.0444 V          ; 0.25 V                              ; 0.107 V                             ; 2.67e-10 s                 ; 2.75e-10 s                 ; No                        ; Yes                       ;
; out[9]       ; 2.5 V        ; 0 s                 ; 0 s                 ; 2.62 V                       ; 9.94e-08 V                   ; 2.78 V              ; -0.0444 V           ; 0.25 V                               ; 0.107 V                              ; 2.67e-10 s                  ; 2.75e-10 s                  ; No                         ; Yes                        ; 2.62 V                      ; 9.94e-08 V                  ; 2.78 V             ; -0.0444 V          ; 0.25 V                              ; 0.107 V                             ; 2.67e-10 s                 ; 2.75e-10 s                 ; No                        ; Yes                       ;
; out[10]      ; 2.5 V        ; 0 s                 ; 0 s                 ; 2.62 V                       ; 9.95e-08 V                   ; 2.78 V              ; -0.0452 V           ; 0.248 V                              ; 0.108 V                              ; 2.67e-10 s                  ; 2.75e-10 s                  ; No                         ; Yes                        ; 2.62 V                      ; 9.95e-08 V                  ; 2.78 V             ; -0.0452 V          ; 0.248 V                             ; 0.108 V                             ; 2.67e-10 s                 ; 2.75e-10 s                 ; No                        ; Yes                       ;
; out[11]      ; 2.5 V        ; 0 s                 ; 0 s                 ; 2.62 V                       ; 9.94e-08 V                   ; 2.78 V              ; -0.0444 V           ; 0.25 V                               ; 0.107 V                              ; 2.67e-10 s                  ; 2.75e-10 s                  ; No                         ; Yes                        ; 2.62 V                      ; 9.94e-08 V                  ; 2.78 V             ; -0.0444 V          ; 0.25 V                              ; 0.107 V                             ; 2.67e-10 s                 ; 2.75e-10 s                 ; No                        ; Yes                       ;
; out[12]      ; 2.5 V        ; 0 s                 ; 0 s                 ; 2.62 V                       ; 9.95e-08 V                   ; 2.78 V              ; -0.0452 V           ; 0.248 V                              ; 0.108 V                              ; 2.67e-10 s                  ; 2.75e-10 s                  ; No                         ; Yes                        ; 2.62 V                      ; 9.95e-08 V                  ; 2.78 V             ; -0.0452 V          ; 0.248 V                             ; 0.108 V                             ; 2.67e-10 s                 ; 2.75e-10 s                 ; No                        ; Yes                       ;
; out[13]      ; 2.5 V        ; 0 s                 ; 0 s                 ; 2.62 V                       ; 9.94e-08 V                   ; 2.78 V              ; -0.0444 V           ; 0.25 V                               ; 0.107 V                              ; 2.67e-10 s                  ; 2.75e-10 s                  ; No                         ; Yes                        ; 2.62 V                      ; 9.94e-08 V                  ; 2.78 V             ; -0.0444 V          ; 0.25 V                              ; 0.107 V                             ; 2.67e-10 s                 ; 2.75e-10 s                 ; No                        ; Yes                       ;
; out[14]      ; 2.5 V        ; 0 s                 ; 0 s                 ; 2.62 V                       ; 9.94e-08 V                   ; 2.78 V              ; -0.0444 V           ; 0.25 V                               ; 0.107 V                              ; 2.67e-10 s                  ; 2.75e-10 s                  ; No                         ; Yes                        ; 2.62 V                      ; 9.94e-08 V                  ; 2.78 V             ; -0.0444 V          ; 0.25 V                              ; 0.107 V                             ; 2.67e-10 s                 ; 2.75e-10 s                 ; No                        ; Yes                       ;
; out[15]      ; 2.5 V        ; 0 s                 ; 0 s                 ; 2.62 V                       ; 9.94e-08 V                   ; 2.78 V              ; -0.0444 V           ; 0.25 V                               ; 0.107 V                              ; 2.67e-10 s                  ; 2.75e-10 s                  ; No                         ; Yes                        ; 2.62 V                      ; 9.94e-08 V                  ; 2.78 V             ; -0.0444 V          ; 0.25 V                              ; 0.107 V                             ; 2.67e-10 s                 ; 2.75e-10 s                 ; No                        ; Yes                       ;
; out[16]      ; 2.5 V        ; 0 s                 ; 0 s                 ; 2.62 V                       ; 9.94e-08 V                   ; 2.78 V              ; -0.0444 V           ; 0.25 V                               ; 0.107 V                              ; 2.67e-10 s                  ; 2.75e-10 s                  ; No                         ; Yes                        ; 2.62 V                      ; 9.94e-08 V                  ; 2.78 V             ; -0.0444 V          ; 0.25 V                              ; 0.107 V                             ; 2.67e-10 s                 ; 2.75e-10 s                 ; No                        ; Yes                       ;
; out[17]      ; 2.5 V        ; 0 s                 ; 0 s                 ; 2.62 V                       ; 9.94e-08 V                   ; 2.78 V              ; -0.0444 V           ; 0.25 V                               ; 0.107 V                              ; 2.67e-10 s                  ; 2.75e-10 s                  ; No                         ; Yes                        ; 2.62 V                      ; 9.94e-08 V                  ; 2.78 V             ; -0.0444 V          ; 0.25 V                              ; 0.107 V                             ; 2.67e-10 s                 ; 2.75e-10 s                 ; No                        ; Yes                       ;
; out[18]      ; 2.5 V        ; 0 s                 ; 0 s                 ; 2.62 V                       ; 9.94e-08 V                   ; 2.78 V              ; -0.0444 V           ; 0.25 V                               ; 0.107 V                              ; 2.67e-10 s                  ; 2.75e-10 s                  ; No                         ; Yes                        ; 2.62 V                      ; 9.94e-08 V                  ; 2.78 V             ; -0.0444 V          ; 0.25 V                              ; 0.107 V                             ; 2.67e-10 s                 ; 2.75e-10 s                 ; No                        ; Yes                       ;
; out[19]      ; 2.5 V        ; 0 s                 ; 0 s                 ; 2.62 V                       ; 9.94e-08 V                   ; 2.78 V              ; -0.0444 V           ; 0.25 V                               ; 0.107 V                              ; 2.67e-10 s                  ; 2.75e-10 s                  ; No                         ; Yes                        ; 2.62 V                      ; 9.94e-08 V                  ; 2.78 V             ; -0.0444 V          ; 0.25 V                              ; 0.107 V                             ; 2.67e-10 s                 ; 2.75e-10 s                 ; No                        ; Yes                       ;
; out[20]      ; 2.5 V        ; 0 s                 ; 0 s                 ; 2.62 V                       ; 9.94e-08 V                   ; 2.78 V              ; -0.0444 V           ; 0.25 V                               ; 0.107 V                              ; 2.67e-10 s                  ; 2.75e-10 s                  ; No                         ; Yes                        ; 2.62 V                      ; 9.94e-08 V                  ; 2.78 V             ; -0.0444 V          ; 0.25 V                              ; 0.107 V                             ; 2.67e-10 s                 ; 2.75e-10 s                 ; No                        ; Yes                       ;
; out[21]      ; 2.5 V        ; 0 s                 ; 0 s                 ; 2.62 V                       ; 9.94e-08 V                   ; 2.78 V              ; -0.0444 V           ; 0.25 V                               ; 0.107 V                              ; 2.67e-10 s                  ; 2.75e-10 s                  ; No                         ; Yes                        ; 2.62 V                      ; 9.94e-08 V                  ; 2.78 V             ; -0.0444 V          ; 0.25 V                              ; 0.107 V                             ; 2.67e-10 s                 ; 2.75e-10 s                 ; No                        ; Yes                       ;
; out[22]      ; 2.5 V        ; 0 s                 ; 0 s                 ; 2.62 V                       ; 9.95e-08 V                   ; 2.78 V              ; -0.0452 V           ; 0.248 V                              ; 0.108 V                              ; 2.67e-10 s                  ; 2.75e-10 s                  ; No                         ; Yes                        ; 2.62 V                      ; 9.95e-08 V                  ; 2.78 V             ; -0.0452 V          ; 0.248 V                             ; 0.108 V                             ; 2.67e-10 s                 ; 2.75e-10 s                 ; No                        ; Yes                       ;
; out[23]      ; 2.5 V        ; 0 s                 ; 0 s                 ; 2.62 V                       ; 9.95e-08 V                   ; 2.78 V              ; -0.0452 V           ; 0.248 V                              ; 0.108 V                              ; 2.67e-10 s                  ; 2.75e-10 s                  ; No                         ; Yes                        ; 2.62 V                      ; 9.95e-08 V                  ; 2.78 V             ; -0.0452 V          ; 0.248 V                             ; 0.108 V                             ; 2.67e-10 s                 ; 2.75e-10 s                 ; No                        ; Yes                       ;
; out[24]      ; 2.5 V        ; 0 s                 ; 0 s                 ; 2.62 V                       ; 9.94e-08 V                   ; 2.78 V              ; -0.0444 V           ; 0.25 V                               ; 0.107 V                              ; 2.67e-10 s                  ; 2.75e-10 s                  ; No                         ; Yes                        ; 2.62 V                      ; 9.94e-08 V                  ; 2.78 V             ; -0.0444 V          ; 0.25 V                              ; 0.107 V                             ; 2.67e-10 s                 ; 2.75e-10 s                 ; No                        ; Yes                       ;
; out[25]      ; 2.5 V        ; 0 s                 ; 0 s                 ; 2.62 V                       ; 9.95e-08 V                   ; 2.78 V              ; -0.0452 V           ; 0.248 V                              ; 0.108 V                              ; 2.67e-10 s                  ; 2.75e-10 s                  ; No                         ; Yes                        ; 2.62 V                      ; 9.95e-08 V                  ; 2.78 V             ; -0.0452 V          ; 0.248 V                             ; 0.108 V                             ; 2.67e-10 s                 ; 2.75e-10 s                 ; No                        ; Yes                       ;
; out[26]      ; 2.5 V        ; 0 s                 ; 0 s                 ; 2.62 V                       ; 9.95e-08 V                   ; 2.78 V              ; -0.0452 V           ; 0.248 V                              ; 0.108 V                              ; 2.67e-10 s                  ; 2.75e-10 s                  ; No                         ; Yes                        ; 2.62 V                      ; 9.95e-08 V                  ; 2.78 V             ; -0.0452 V          ; 0.248 V                             ; 0.108 V                             ; 2.67e-10 s                 ; 2.75e-10 s                 ; No                        ; Yes                       ;
; out[27]      ; 2.5 V        ; 0 s                 ; 0 s                 ; 2.62 V                       ; 9.94e-08 V                   ; 2.78 V              ; -0.0444 V           ; 0.25 V                               ; 0.107 V                              ; 2.67e-10 s                  ; 2.75e-10 s                  ; No                         ; Yes                        ; 2.62 V                      ; 9.94e-08 V                  ; 2.78 V             ; -0.0444 V          ; 0.25 V                              ; 0.107 V                             ; 2.67e-10 s                 ; 2.75e-10 s                 ; No                        ; Yes                       ;
; out[28]      ; 2.5 V        ; 0 s                 ; 0 s                 ; 2.62 V                       ; 9.95e-08 V                   ; 2.78 V              ; -0.0452 V           ; 0.248 V                              ; 0.108 V                              ; 2.67e-10 s                  ; 2.75e-10 s                  ; No                         ; Yes                        ; 2.62 V                      ; 9.95e-08 V                  ; 2.78 V             ; -0.0452 V          ; 0.248 V                             ; 0.108 V                             ; 2.67e-10 s                 ; 2.75e-10 s                 ; No                        ; Yes                       ;
; out[29]      ; 2.5 V        ; 0 s                 ; 0 s                 ; 2.62 V                       ; 9.95e-08 V                   ; 2.78 V              ; -0.0452 V           ; 0.248 V                              ; 0.108 V                              ; 2.67e-10 s                  ; 2.75e-10 s                  ; No                         ; Yes                        ; 2.62 V                      ; 9.95e-08 V                  ; 2.78 V             ; -0.0452 V          ; 0.248 V                             ; 0.108 V                             ; 2.67e-10 s                 ; 2.75e-10 s                 ; No                        ; Yes                       ;
; out[30]      ; 2.5 V        ; 0 s                 ; 0 s                 ; 2.62 V                       ; 9.95e-08 V                   ; 2.78 V              ; -0.0452 V           ; 0.248 V                              ; 0.108 V                              ; 2.67e-10 s                  ; 2.75e-10 s                  ; No                         ; Yes                        ; 2.62 V                      ; 9.95e-08 V                  ; 2.78 V             ; -0.0452 V          ; 0.248 V                             ; 0.108 V                             ; 2.67e-10 s                 ; 2.75e-10 s                 ; No                        ; Yes                       ;
; out[31]      ; 2.5 V        ; 0 s                 ; 0 s                 ; 2.62 V                       ; 9.94e-08 V                   ; 2.64 V              ; -0.00887 V          ; 0.249 V                              ; 0.203 V                              ; 3.12e-09 s                  ; 3.02e-09 s                  ; No                         ; Yes                        ; 2.62 V                      ; 9.94e-08 V                  ; 2.64 V             ; -0.00887 V         ; 0.249 V                             ; 0.203 V                             ; 3.12e-09 s                 ; 3.02e-09 s                 ; No                        ; Yes                       ;
; A[0]         ; 2.5 V        ; 0 s                 ; 0 s                 ; 2.62 V                       ; 9.94e-08 V                   ; 2.78 V              ; -0.0444 V           ; 0.25 V                               ; 0.107 V                              ; 2.67e-10 s                  ; 2.75e-10 s                  ; No                         ; Yes                        ; 2.62 V                      ; 9.94e-08 V                  ; 2.78 V             ; -0.0444 V          ; 0.25 V                              ; 0.107 V                             ; 2.67e-10 s                 ; 2.75e-10 s                 ; No                        ; Yes                       ;
; A[1]         ; 2.5 V        ; 0 s                 ; 0 s                 ; 2.62 V                       ; 9.94e-08 V                   ; 2.78 V              ; -0.0444 V           ; 0.25 V                               ; 0.107 V                              ; 2.67e-10 s                  ; 2.75e-10 s                  ; No                         ; Yes                        ; 2.62 V                      ; 9.94e-08 V                  ; 2.78 V             ; -0.0444 V          ; 0.25 V                              ; 0.107 V                             ; 2.67e-10 s                 ; 2.75e-10 s                 ; No                        ; Yes                       ;
; A[2]         ; 2.5 V        ; 0 s                 ; 0 s                 ; 2.62 V                       ; 9.94e-08 V                   ; 2.78 V              ; -0.0444 V           ; 0.25 V                               ; 0.107 V                              ; 2.67e-10 s                  ; 2.75e-10 s                  ; No                         ; Yes                        ; 2.62 V                      ; 9.94e-08 V                  ; 2.78 V             ; -0.0444 V          ; 0.25 V                              ; 0.107 V                             ; 2.67e-10 s                 ; 2.75e-10 s                 ; No                        ; Yes                       ;
; A[3]         ; 2.5 V        ; 0 s                 ; 0 s                 ; 2.62 V                       ; 9.94e-08 V                   ; 2.78 V              ; -0.0444 V           ; 0.25 V                               ; 0.107 V                              ; 2.67e-10 s                  ; 2.75e-10 s                  ; No                         ; Yes                        ; 2.62 V                      ; 9.94e-08 V                  ; 2.78 V             ; -0.0444 V          ; 0.25 V                              ; 0.107 V                             ; 2.67e-10 s                 ; 2.75e-10 s                 ; No                        ; Yes                       ;
; A[4]         ; 2.5 V        ; 0 s                 ; 0 s                 ; 2.62 V                       ; 9.95e-08 V                   ; 2.78 V              ; -0.0452 V           ; 0.248 V                              ; 0.108 V                              ; 2.67e-10 s                  ; 2.75e-10 s                  ; No                         ; Yes                        ; 2.62 V                      ; 9.95e-08 V                  ; 2.78 V             ; -0.0452 V          ; 0.248 V                             ; 0.108 V                             ; 2.67e-10 s                 ; 2.75e-10 s                 ; No                        ; Yes                       ;
; A[5]         ; 2.5 V        ; 0 s                 ; 0 s                 ; 2.62 V                       ; 9.94e-08 V                   ; 2.78 V              ; -0.0444 V           ; 0.25 V                               ; 0.107 V                              ; 2.67e-10 s                  ; 2.75e-10 s                  ; No                         ; Yes                        ; 2.62 V                      ; 9.94e-08 V                  ; 2.78 V             ; -0.0444 V          ; 0.25 V                              ; 0.107 V                             ; 2.67e-10 s                 ; 2.75e-10 s                 ; No                        ; Yes                       ;
; A[6]         ; 2.5 V        ; 0 s                 ; 0 s                 ; 2.62 V                       ; 9.95e-08 V                   ; 2.78 V              ; -0.0452 V           ; 0.248 V                              ; 0.108 V                              ; 2.67e-10 s                  ; 2.75e-10 s                  ; No                         ; Yes                        ; 2.62 V                      ; 9.95e-08 V                  ; 2.78 V             ; -0.0452 V          ; 0.248 V                             ; 0.108 V                             ; 2.67e-10 s                 ; 2.75e-10 s                 ; No                        ; Yes                       ;
; A[7]         ; 2.5 V        ; 0 s                 ; 0 s                 ; 2.62 V                       ; 9.95e-08 V                   ; 2.78 V              ; -0.0452 V           ; 0.248 V                              ; 0.108 V                              ; 2.67e-10 s                  ; 2.75e-10 s                  ; No                         ; Yes                        ; 2.62 V                      ; 9.95e-08 V                  ; 2.78 V             ; -0.0452 V          ; 0.248 V                             ; 0.108 V                             ; 2.67e-10 s                 ; 2.75e-10 s                 ; No                        ; Yes                       ;
; A[8]         ; 2.5 V        ; 0 s                 ; 0 s                 ; 2.62 V                       ; 9.95e-08 V                   ; 2.78 V              ; -0.0452 V           ; 0.248 V                              ; 0.108 V                              ; 2.67e-10 s                  ; 2.75e-10 s                  ; No                         ; Yes                        ; 2.62 V                      ; 9.95e-08 V                  ; 2.78 V             ; -0.0452 V          ; 0.248 V                             ; 0.108 V                             ; 2.67e-10 s                 ; 2.75e-10 s                 ; No                        ; Yes                       ;
; A[9]         ; 2.5 V        ; 0 s                 ; 0 s                 ; 2.62 V                       ; 9.94e-08 V                   ; 2.78 V              ; -0.0444 V           ; 0.25 V                               ; 0.107 V                              ; 2.67e-10 s                  ; 2.75e-10 s                  ; No                         ; Yes                        ; 2.62 V                      ; 9.94e-08 V                  ; 2.78 V             ; -0.0444 V          ; 0.25 V                              ; 0.107 V                             ; 2.67e-10 s                 ; 2.75e-10 s                 ; No                        ; Yes                       ;
; A[10]        ; 2.5 V        ; 0 s                 ; 0 s                 ; 2.62 V                       ; 9.95e-08 V                   ; 2.78 V              ; -0.0452 V           ; 0.248 V                              ; 0.108 V                              ; 2.67e-10 s                  ; 2.75e-10 s                  ; No                         ; Yes                        ; 2.62 V                      ; 9.95e-08 V                  ; 2.78 V             ; -0.0452 V          ; 0.248 V                             ; 0.108 V                             ; 2.67e-10 s                 ; 2.75e-10 s                 ; No                        ; Yes                       ;
; A[11]        ; 2.5 V        ; 0 s                 ; 0 s                 ; 2.62 V                       ; 9.95e-08 V                   ; 2.78 V              ; -0.0452 V           ; 0.248 V                              ; 0.108 V                              ; 2.67e-10 s                  ; 2.75e-10 s                  ; No                         ; Yes                        ; 2.62 V                      ; 9.95e-08 V                  ; 2.78 V             ; -0.0452 V          ; 0.248 V                             ; 0.108 V                             ; 2.67e-10 s                 ; 2.75e-10 s                 ; No                        ; Yes                       ;
; A[12]        ; 2.5 V        ; 0 s                 ; 0 s                 ; 2.62 V                       ; 9.94e-08 V                   ; 2.78 V              ; -0.0444 V           ; 0.25 V                               ; 0.107 V                              ; 2.67e-10 s                  ; 2.75e-10 s                  ; No                         ; Yes                        ; 2.62 V                      ; 9.94e-08 V                  ; 2.78 V             ; -0.0444 V          ; 0.25 V                              ; 0.107 V                             ; 2.67e-10 s                 ; 2.75e-10 s                 ; No                        ; Yes                       ;
; A[13]        ; 2.5 V        ; 0 s                 ; 0 s                 ; 2.62 V                       ; 9.94e-08 V                   ; 2.78 V              ; -0.0444 V           ; 0.25 V                               ; 0.107 V                              ; 2.67e-10 s                  ; 2.75e-10 s                  ; No                         ; Yes                        ; 2.62 V                      ; 9.94e-08 V                  ; 2.78 V             ; -0.0444 V          ; 0.25 V                              ; 0.107 V                             ; 2.67e-10 s                 ; 2.75e-10 s                 ; No                        ; Yes                       ;
; A[14]        ; 2.5 V        ; 0 s                 ; 0 s                 ; 2.62 V                       ; 9.95e-08 V                   ; 2.78 V              ; -0.0452 V           ; 0.248 V                              ; 0.108 V                              ; 2.67e-10 s                  ; 2.75e-10 s                  ; No                         ; Yes                        ; 2.62 V                      ; 9.95e-08 V                  ; 2.78 V             ; -0.0452 V          ; 0.248 V                             ; 0.108 V                             ; 2.67e-10 s                 ; 2.75e-10 s                 ; No                        ; Yes                       ;
; A[15]        ; 2.5 V        ; 0 s                 ; 0 s                 ; 2.62 V                       ; 9.94e-08 V                   ; 2.78 V              ; -0.0444 V           ; 0.25 V                               ; 0.107 V                              ; 2.67e-10 s                  ; 2.75e-10 s                  ; No                         ; Yes                        ; 2.62 V                      ; 9.94e-08 V                  ; 2.78 V             ; -0.0444 V          ; 0.25 V                              ; 0.107 V                             ; 2.67e-10 s                 ; 2.75e-10 s                 ; No                        ; Yes                       ;
; A[16]        ; 2.5 V        ; 0 s                 ; 0 s                 ; 2.62 V                       ; 9.94e-08 V                   ; 2.78 V              ; -0.0444 V           ; 0.25 V                               ; 0.107 V                              ; 2.67e-10 s                  ; 2.75e-10 s                  ; No                         ; Yes                        ; 2.62 V                      ; 9.94e-08 V                  ; 2.78 V             ; -0.0444 V          ; 0.25 V                              ; 0.107 V                             ; 2.67e-10 s                 ; 2.75e-10 s                 ; No                        ; Yes                       ;
; A[17]        ; 2.5 V        ; 0 s                 ; 0 s                 ; 2.62 V                       ; 9.94e-08 V                   ; 2.78 V              ; -0.0444 V           ; 0.25 V                               ; 0.107 V                              ; 2.67e-10 s                  ; 2.75e-10 s                  ; No                         ; Yes                        ; 2.62 V                      ; 9.94e-08 V                  ; 2.78 V             ; -0.0444 V          ; 0.25 V                              ; 0.107 V                             ; 2.67e-10 s                 ; 2.75e-10 s                 ; No                        ; Yes                       ;
; A[18]        ; 2.5 V        ; 0 s                 ; 0 s                 ; 2.62 V                       ; 9.95e-08 V                   ; 2.78 V              ; -0.0452 V           ; 0.248 V                              ; 0.108 V                              ; 2.67e-10 s                  ; 2.75e-10 s                  ; No                         ; Yes                        ; 2.62 V                      ; 9.95e-08 V                  ; 2.78 V             ; -0.0452 V          ; 0.248 V                             ; 0.108 V                             ; 2.67e-10 s                 ; 2.75e-10 s                 ; No                        ; Yes                       ;
; A[19]        ; 2.5 V        ; 0 s                 ; 0 s                 ; 2.62 V                       ; 9.95e-08 V                   ; 2.78 V              ; -0.0452 V           ; 0.248 V                              ; 0.108 V                              ; 2.67e-10 s                  ; 2.75e-10 s                  ; No                         ; Yes                        ; 2.62 V                      ; 9.95e-08 V                  ; 2.78 V             ; -0.0452 V          ; 0.248 V                             ; 0.108 V                             ; 2.67e-10 s                 ; 2.75e-10 s                 ; No                        ; Yes                       ;
; A[20]        ; 2.5 V        ; 0 s                 ; 0 s                 ; 2.62 V                       ; 9.95e-08 V                   ; 2.78 V              ; -0.0452 V           ; 0.248 V                              ; 0.108 V                              ; 2.67e-10 s                  ; 2.75e-10 s                  ; No                         ; Yes                        ; 2.62 V                      ; 9.95e-08 V                  ; 2.78 V             ; -0.0452 V          ; 0.248 V                             ; 0.108 V                             ; 2.67e-10 s                 ; 2.75e-10 s                 ; No                        ; Yes                       ;
; A[21]        ; 2.5 V        ; 0 s                 ; 0 s                 ; 2.62 V                       ; 9.95e-08 V                   ; 2.78 V              ; -0.0452 V           ; 0.248 V                              ; 0.108 V                              ; 2.67e-10 s                  ; 2.75e-10 s                  ; No                         ; Yes                        ; 2.62 V                      ; 9.95e-08 V                  ; 2.78 V             ; -0.0452 V          ; 0.248 V                             ; 0.108 V                             ; 2.67e-10 s                 ; 2.75e-10 s                 ; No                        ; Yes                       ;
; A[22]        ; 2.5 V        ; 0 s                 ; 0 s                 ; 2.62 V                       ; 9.95e-08 V                   ; 2.78 V              ; -0.0452 V           ; 0.248 V                              ; 0.108 V                              ; 2.67e-10 s                  ; 2.75e-10 s                  ; No                         ; Yes                        ; 2.62 V                      ; 9.95e-08 V                  ; 2.78 V             ; -0.0452 V          ; 0.248 V                             ; 0.108 V                             ; 2.67e-10 s                 ; 2.75e-10 s                 ; No                        ; Yes                       ;
; A[23]        ; 2.5 V        ; 0 s                 ; 0 s                 ; 2.62 V                       ; 9.95e-08 V                   ; 2.78 V              ; -0.0452 V           ; 0.248 V                              ; 0.108 V                              ; 2.67e-10 s                  ; 2.75e-10 s                  ; No                         ; Yes                        ; 2.62 V                      ; 9.95e-08 V                  ; 2.78 V             ; -0.0452 V          ; 0.248 V                             ; 0.108 V                             ; 2.67e-10 s                 ; 2.75e-10 s                 ; No                        ; Yes                       ;
; A[24]        ; 2.5 V        ; 0 s                 ; 0 s                 ; 2.62 V                       ; 9.95e-08 V                   ; 2.78 V              ; -0.0452 V           ; 0.248 V                              ; 0.108 V                              ; 2.67e-10 s                  ; 2.75e-10 s                  ; No                         ; Yes                        ; 2.62 V                      ; 9.95e-08 V                  ; 2.78 V             ; -0.0452 V          ; 0.248 V                             ; 0.108 V                             ; 2.67e-10 s                 ; 2.75e-10 s                 ; No                        ; Yes                       ;
; A[25]        ; 2.5 V        ; 0 s                 ; 0 s                 ; 2.62 V                       ; 9.95e-08 V                   ; 2.78 V              ; -0.0452 V           ; 0.248 V                              ; 0.108 V                              ; 2.67e-10 s                  ; 2.75e-10 s                  ; No                         ; Yes                        ; 2.62 V                      ; 9.95e-08 V                  ; 2.78 V             ; -0.0452 V          ; 0.248 V                             ; 0.108 V                             ; 2.67e-10 s                 ; 2.75e-10 s                 ; No                        ; Yes                       ;
; A[26]        ; 2.5 V        ; 0 s                 ; 0 s                 ; 2.62 V                       ; 9.94e-08 V                   ; 2.78 V              ; -0.0444 V           ; 0.25 V                               ; 0.107 V                              ; 2.67e-10 s                  ; 2.75e-10 s                  ; No                         ; Yes                        ; 2.62 V                      ; 9.94e-08 V                  ; 2.78 V             ; -0.0444 V          ; 0.25 V                              ; 0.107 V                             ; 2.67e-10 s                 ; 2.75e-10 s                 ; No                        ; Yes                       ;
; A[27]        ; 2.5 V        ; 0 s                 ; 0 s                 ; 2.62 V                       ; 9.95e-08 V                   ; 2.78 V              ; -0.0452 V           ; 0.248 V                              ; 0.108 V                              ; 2.67e-10 s                  ; 2.75e-10 s                  ; No                         ; Yes                        ; 2.62 V                      ; 9.95e-08 V                  ; 2.78 V             ; -0.0452 V          ; 0.248 V                             ; 0.108 V                             ; 2.67e-10 s                 ; 2.75e-10 s                 ; No                        ; Yes                       ;
; A[28]        ; 2.5 V        ; 0 s                 ; 0 s                 ; 2.62 V                       ; 9.94e-08 V                   ; 2.78 V              ; -0.0444 V           ; 0.25 V                               ; 0.107 V                              ; 2.67e-10 s                  ; 2.75e-10 s                  ; No                         ; Yes                        ; 2.62 V                      ; 9.94e-08 V                  ; 2.78 V             ; -0.0444 V          ; 0.25 V                              ; 0.107 V                             ; 2.67e-10 s                 ; 2.75e-10 s                 ; No                        ; Yes                       ;
; A[29]        ; 2.5 V        ; 0 s                 ; 0 s                 ; 2.62 V                       ; 9.94e-08 V                   ; 2.78 V              ; -0.0444 V           ; 0.25 V                               ; 0.107 V                              ; 2.67e-10 s                  ; 2.75e-10 s                  ; No                         ; Yes                        ; 2.62 V                      ; 9.94e-08 V                  ; 2.78 V             ; -0.0444 V          ; 0.25 V                              ; 0.107 V                             ; 2.67e-10 s                 ; 2.75e-10 s                 ; No                        ; Yes                       ;
; A[30]        ; 2.5 V        ; 0 s                 ; 0 s                 ; 2.62 V                       ; 9.95e-08 V                   ; 2.78 V              ; -0.0452 V           ; 0.248 V                              ; 0.108 V                              ; 2.67e-10 s                  ; 2.75e-10 s                  ; No                         ; Yes                        ; 2.62 V                      ; 9.95e-08 V                  ; 2.78 V             ; -0.0452 V          ; 0.248 V                             ; 0.108 V                             ; 2.67e-10 s                 ; 2.75e-10 s                 ; No                        ; Yes                       ;
; A[31]        ; 2.5 V        ; 0 s                 ; 0 s                 ; 2.62 V                       ; 9.94e-08 V                   ; 2.78 V              ; -0.0444 V           ; 0.25 V                               ; 0.107 V                              ; 2.67e-10 s                  ; 2.75e-10 s                  ; No                         ; Yes                        ; 2.62 V                      ; 9.94e-08 V                  ; 2.78 V             ; -0.0444 V          ; 0.25 V                              ; 0.107 V                             ; 2.67e-10 s                 ; 2.75e-10 s                 ; No                        ; Yes                       ;
; B[0]         ; 2.5 V        ; 0 s                 ; 0 s                 ; 2.62 V                       ; 9.94e-08 V                   ; 2.78 V              ; -0.0444 V           ; 0.25 V                               ; 0.107 V                              ; 2.67e-10 s                  ; 2.75e-10 s                  ; No                         ; Yes                        ; 2.62 V                      ; 9.94e-08 V                  ; 2.78 V             ; -0.0444 V          ; 0.25 V                              ; 0.107 V                             ; 2.67e-10 s                 ; 2.75e-10 s                 ; No                        ; Yes                       ;
; B[1]         ; 2.5 V        ; 0 s                 ; 0 s                 ; 2.62 V                       ; 9.95e-08 V                   ; 2.77 V              ; -0.0486 V           ; 0.285 V                              ; 0.06 V                               ; 2.8e-10 s                   ; 3.04e-10 s                  ; No                         ; Yes                        ; 2.62 V                      ; 9.95e-08 V                  ; 2.77 V             ; -0.0486 V          ; 0.285 V                             ; 0.06 V                              ; 2.8e-10 s                  ; 3.04e-10 s                 ; No                        ; Yes                       ;
; B[2]         ; 2.5 V        ; 0 s                 ; 0 s                 ; 2.62 V                       ; 9.94e-08 V                   ; 2.78 V              ; -0.0444 V           ; 0.25 V                               ; 0.107 V                              ; 2.67e-10 s                  ; 2.75e-10 s                  ; No                         ; Yes                        ; 2.62 V                      ; 9.94e-08 V                  ; 2.78 V             ; -0.0444 V          ; 0.25 V                              ; 0.107 V                             ; 2.67e-10 s                 ; 2.75e-10 s                 ; No                        ; Yes                       ;
; B[3]         ; 2.5 V        ; 0 s                 ; 0 s                 ; 2.62 V                       ; 9.95e-08 V                   ; 2.78 V              ; -0.0452 V           ; 0.248 V                              ; 0.108 V                              ; 2.67e-10 s                  ; 2.75e-10 s                  ; No                         ; Yes                        ; 2.62 V                      ; 9.95e-08 V                  ; 2.78 V             ; -0.0452 V          ; 0.248 V                             ; 0.108 V                             ; 2.67e-10 s                 ; 2.75e-10 s                 ; No                        ; Yes                       ;
; B[4]         ; 2.5 V        ; 0 s                 ; 0 s                 ; 2.62 V                       ; 9.95e-08 V                   ; 2.78 V              ; -0.0452 V           ; 0.248 V                              ; 0.108 V                              ; 2.67e-10 s                  ; 2.75e-10 s                  ; No                         ; Yes                        ; 2.62 V                      ; 9.95e-08 V                  ; 2.78 V             ; -0.0452 V          ; 0.248 V                             ; 0.108 V                             ; 2.67e-10 s                 ; 2.75e-10 s                 ; No                        ; Yes                       ;
; B[5]         ; 2.5 V        ; 0 s                 ; 0 s                 ; 2.62 V                       ; 9.95e-08 V                   ; 2.78 V              ; -0.0452 V           ; 0.248 V                              ; 0.108 V                              ; 2.67e-10 s                  ; 2.75e-10 s                  ; No                         ; Yes                        ; 2.62 V                      ; 9.95e-08 V                  ; 2.78 V             ; -0.0452 V          ; 0.248 V                             ; 0.108 V                             ; 2.67e-10 s                 ; 2.75e-10 s                 ; No                        ; Yes                       ;
; B[6]         ; 2.5 V        ; 0 s                 ; 0 s                 ; 2.62 V                       ; 9.95e-08 V                   ; 2.78 V              ; -0.0452 V           ; 0.248 V                              ; 0.108 V                              ; 2.67e-10 s                  ; 2.75e-10 s                  ; No                         ; Yes                        ; 2.62 V                      ; 9.95e-08 V                  ; 2.78 V             ; -0.0452 V          ; 0.248 V                             ; 0.108 V                             ; 2.67e-10 s                 ; 2.75e-10 s                 ; No                        ; Yes                       ;
; B[7]         ; 2.5 V        ; 0 s                 ; 0 s                 ; 2.62 V                       ; 9.95e-08 V                   ; 2.78 V              ; -0.0452 V           ; 0.248 V                              ; 0.108 V                              ; 2.67e-10 s                  ; 2.75e-10 s                  ; No                         ; Yes                        ; 2.62 V                      ; 9.95e-08 V                  ; 2.78 V             ; -0.0452 V          ; 0.248 V                             ; 0.108 V                             ; 2.67e-10 s                 ; 2.75e-10 s                 ; No                        ; Yes                       ;
; B[8]         ; 2.5 V        ; 0 s                 ; 0 s                 ; 2.62 V                       ; 9.94e-08 V                   ; 2.78 V              ; -0.0444 V           ; 0.25 V                               ; 0.107 V                              ; 2.67e-10 s                  ; 2.75e-10 s                  ; No                         ; Yes                        ; 2.62 V                      ; 9.94e-08 V                  ; 2.78 V             ; -0.0444 V          ; 0.25 V                              ; 0.107 V                             ; 2.67e-10 s                 ; 2.75e-10 s                 ; No                        ; Yes                       ;
; B[9]         ; 2.5 V        ; 0 s                 ; 0 s                 ; 2.62 V                       ; 9.94e-08 V                   ; 2.77 V              ; -0.0485 V           ; 0.289 V                              ; 0.058 V                              ; 2.81e-10 s                  ; 3.04e-10 s                  ; No                         ; Yes                        ; 2.62 V                      ; 9.94e-08 V                  ; 2.77 V             ; -0.0485 V          ; 0.289 V                             ; 0.058 V                             ; 2.81e-10 s                 ; 3.04e-10 s                 ; No                        ; Yes                       ;
; B[10]        ; 2.5 V        ; 0 s                 ; 0 s                 ; 2.62 V                       ; 9.94e-08 V                   ; 2.78 V              ; -0.0444 V           ; 0.25 V                               ; 0.107 V                              ; 2.67e-10 s                  ; 2.75e-10 s                  ; No                         ; Yes                        ; 2.62 V                      ; 9.94e-08 V                  ; 2.78 V             ; -0.0444 V          ; 0.25 V                              ; 0.107 V                             ; 2.67e-10 s                 ; 2.75e-10 s                 ; No                        ; Yes                       ;
; B[11]        ; 2.5 V        ; 0 s                 ; 0 s                 ; 2.62 V                       ; 9.95e-08 V                   ; 2.78 V              ; -0.0452 V           ; 0.248 V                              ; 0.108 V                              ; 2.67e-10 s                  ; 2.75e-10 s                  ; No                         ; Yes                        ; 2.62 V                      ; 9.95e-08 V                  ; 2.78 V             ; -0.0452 V          ; 0.248 V                             ; 0.108 V                             ; 2.67e-10 s                 ; 2.75e-10 s                 ; No                        ; Yes                       ;
; B[12]        ; 2.5 V        ; 0 s                 ; 0 s                 ; 2.62 V                       ; 9.94e-08 V                   ; 2.78 V              ; -0.0444 V           ; 0.25 V                               ; 0.107 V                              ; 2.67e-10 s                  ; 2.75e-10 s                  ; No                         ; Yes                        ; 2.62 V                      ; 9.94e-08 V                  ; 2.78 V             ; -0.0444 V          ; 0.25 V                              ; 0.107 V                             ; 2.67e-10 s                 ; 2.75e-10 s                 ; No                        ; Yes                       ;
; B[13]        ; 2.5 V        ; 0 s                 ; 0 s                 ; 2.62 V                       ; 9.94e-08 V                   ; 2.78 V              ; -0.0444 V           ; 0.25 V                               ; 0.107 V                              ; 2.67e-10 s                  ; 2.75e-10 s                  ; No                         ; Yes                        ; 2.62 V                      ; 9.94e-08 V                  ; 2.78 V             ; -0.0444 V          ; 0.25 V                              ; 0.107 V                             ; 2.67e-10 s                 ; 2.75e-10 s                 ; No                        ; Yes                       ;
; B[14]        ; 2.5 V        ; 0 s                 ; 0 s                 ; 2.62 V                       ; 9.94e-08 V                   ; 2.78 V              ; -0.0444 V           ; 0.25 V                               ; 0.107 V                              ; 2.67e-10 s                  ; 2.75e-10 s                  ; No                         ; Yes                        ; 2.62 V                      ; 9.94e-08 V                  ; 2.78 V             ; -0.0444 V          ; 0.25 V                              ; 0.107 V                             ; 2.67e-10 s                 ; 2.75e-10 s                 ; No                        ; Yes                       ;
; B[15]        ; 2.5 V        ; 0 s                 ; 0 s                 ; 2.62 V                       ; 9.95e-08 V                   ; 2.64 V              ; -0.00888 V          ; 0.249 V                              ; 0.203 V                              ; 3.12e-09 s                  ; 3.02e-09 s                  ; No                         ; Yes                        ; 2.62 V                      ; 9.95e-08 V                  ; 2.64 V             ; -0.00888 V         ; 0.249 V                             ; 0.203 V                             ; 3.12e-09 s                 ; 3.02e-09 s                 ; No                        ; Yes                       ;
; B[16]        ; 2.5 V        ; 0 s                 ; 0 s                 ; 2.62 V                       ; 9.94e-08 V                   ; 2.77 V              ; -0.0485 V           ; 0.289 V                              ; 0.058 V                              ; 2.81e-10 s                  ; 3.04e-10 s                  ; No                         ; Yes                        ; 2.62 V                      ; 9.94e-08 V                  ; 2.77 V             ; -0.0485 V          ; 0.289 V                             ; 0.058 V                             ; 2.81e-10 s                 ; 3.04e-10 s                 ; No                        ; Yes                       ;
; B[17]        ; 2.5 V        ; 0 s                 ; 0 s                 ; 2.62 V                       ; 9.95e-08 V                   ; 2.78 V              ; -0.0452 V           ; 0.248 V                              ; 0.108 V                              ; 2.67e-10 s                  ; 2.75e-10 s                  ; No                         ; Yes                        ; 2.62 V                      ; 9.95e-08 V                  ; 2.78 V             ; -0.0452 V          ; 0.248 V                             ; 0.108 V                             ; 2.67e-10 s                 ; 2.75e-10 s                 ; No                        ; Yes                       ;
; B[18]        ; 2.5 V        ; 0 s                 ; 0 s                 ; 2.62 V                       ; 9.94e-08 V                   ; 2.78 V              ; -0.0444 V           ; 0.25 V                               ; 0.107 V                              ; 2.67e-10 s                  ; 2.75e-10 s                  ; No                         ; Yes                        ; 2.62 V                      ; 9.94e-08 V                  ; 2.78 V             ; -0.0444 V          ; 0.25 V                              ; 0.107 V                             ; 2.67e-10 s                 ; 2.75e-10 s                 ; No                        ; Yes                       ;
; B[19]        ; 2.5 V        ; 0 s                 ; 0 s                 ; 2.62 V                       ; 9.95e-08 V                   ; 2.77 V              ; -0.0486 V           ; 0.285 V                              ; 0.06 V                               ; 2.8e-10 s                   ; 3.04e-10 s                  ; No                         ; Yes                        ; 2.62 V                      ; 9.95e-08 V                  ; 2.77 V             ; -0.0486 V          ; 0.285 V                             ; 0.06 V                              ; 2.8e-10 s                  ; 3.04e-10 s                 ; No                        ; Yes                       ;
; B[20]        ; 2.5 V        ; 0 s                 ; 0 s                 ; 2.62 V                       ; 9.94e-08 V                   ; 2.78 V              ; -0.0444 V           ; 0.25 V                               ; 0.107 V                              ; 2.67e-10 s                  ; 2.75e-10 s                  ; No                         ; Yes                        ; 2.62 V                      ; 9.94e-08 V                  ; 2.78 V             ; -0.0444 V          ; 0.25 V                              ; 0.107 V                             ; 2.67e-10 s                 ; 2.75e-10 s                 ; No                        ; Yes                       ;
; B[21]        ; 2.5 V        ; 0 s                 ; 0 s                 ; 2.62 V                       ; 9.95e-08 V                   ; 2.78 V              ; -0.0452 V           ; 0.248 V                              ; 0.108 V                              ; 2.67e-10 s                  ; 2.75e-10 s                  ; No                         ; Yes                        ; 2.62 V                      ; 9.95e-08 V                  ; 2.78 V             ; -0.0452 V          ; 0.248 V                             ; 0.108 V                             ; 2.67e-10 s                 ; 2.75e-10 s                 ; No                        ; Yes                       ;
; B[22]        ; 2.5 V        ; 0 s                 ; 0 s                 ; 2.62 V                       ; 9.94e-08 V                   ; 2.78 V              ; -0.0444 V           ; 0.25 V                               ; 0.107 V                              ; 2.67e-10 s                  ; 2.75e-10 s                  ; No                         ; Yes                        ; 2.62 V                      ; 9.94e-08 V                  ; 2.78 V             ; -0.0444 V          ; 0.25 V                              ; 0.107 V                             ; 2.67e-10 s                 ; 2.75e-10 s                 ; No                        ; Yes                       ;
; B[23]        ; 2.5 V        ; 0 s                 ; 0 s                 ; 2.62 V                       ; 9.94e-08 V                   ; 2.77 V              ; -0.0485 V           ; 0.289 V                              ; 0.058 V                              ; 2.81e-10 s                  ; 3.04e-10 s                  ; No                         ; Yes                        ; 2.62 V                      ; 9.94e-08 V                  ; 2.77 V             ; -0.0485 V          ; 0.289 V                             ; 0.058 V                             ; 2.81e-10 s                 ; 3.04e-10 s                 ; No                        ; Yes                       ;
; B[24]        ; 2.5 V        ; 0 s                 ; 0 s                 ; 2.62 V                       ; 9.95e-08 V                   ; 2.64 V              ; -0.00888 V          ; 0.249 V                              ; 0.203 V                              ; 3.12e-09 s                  ; 3.02e-09 s                  ; No                         ; Yes                        ; 2.62 V                      ; 9.95e-08 V                  ; 2.64 V             ; -0.00888 V         ; 0.249 V                             ; 0.203 V                             ; 3.12e-09 s                 ; 3.02e-09 s                 ; No                        ; Yes                       ;
; B[25]        ; 2.5 V        ; 0 s                 ; 0 s                 ; 2.62 V                       ; 9.94e-08 V                   ; 2.78 V              ; -0.0444 V           ; 0.25 V                               ; 0.107 V                              ; 2.67e-10 s                  ; 2.75e-10 s                  ; No                         ; Yes                        ; 2.62 V                      ; 9.94e-08 V                  ; 2.78 V             ; -0.0444 V          ; 0.25 V                              ; 0.107 V                             ; 2.67e-10 s                 ; 2.75e-10 s                 ; No                        ; Yes                       ;
; B[26]        ; 2.5 V        ; 0 s                 ; 0 s                 ; 2.62 V                       ; 9.95e-08 V                   ; 2.78 V              ; -0.0452 V           ; 0.248 V                              ; 0.108 V                              ; 2.67e-10 s                  ; 2.75e-10 s                  ; No                         ; Yes                        ; 2.62 V                      ; 9.95e-08 V                  ; 2.78 V             ; -0.0452 V          ; 0.248 V                             ; 0.108 V                             ; 2.67e-10 s                 ; 2.75e-10 s                 ; No                        ; Yes                       ;
; B[27]        ; 2.5 V        ; 0 s                 ; 0 s                 ; 2.62 V                       ; 9.95e-08 V                   ; 2.77 V              ; -0.0486 V           ; 0.285 V                              ; 0.06 V                               ; 2.8e-10 s                   ; 3.04e-10 s                  ; No                         ; Yes                        ; 2.62 V                      ; 9.95e-08 V                  ; 2.77 V             ; -0.0486 V          ; 0.285 V                             ; 0.06 V                              ; 2.8e-10 s                  ; 3.04e-10 s                 ; No                        ; Yes                       ;
; B[28]        ; 2.5 V        ; 0 s                 ; 0 s                 ; 2.62 V                       ; 9.95e-08 V                   ; 2.64 V              ; -0.00888 V          ; 0.249 V                              ; 0.203 V                              ; 3.12e-09 s                  ; 3.02e-09 s                  ; No                         ; Yes                        ; 2.62 V                      ; 9.95e-08 V                  ; 2.64 V             ; -0.00888 V         ; 0.249 V                             ; 0.203 V                             ; 3.12e-09 s                 ; 3.02e-09 s                 ; No                        ; Yes                       ;
; B[29]        ; 2.5 V        ; 0 s                 ; 0 s                 ; 2.62 V                       ; 9.94e-08 V                   ; 2.78 V              ; -0.0444 V           ; 0.25 V                               ; 0.107 V                              ; 2.67e-10 s                  ; 2.75e-10 s                  ; No                         ; Yes                        ; 2.62 V                      ; 9.94e-08 V                  ; 2.78 V             ; -0.0444 V          ; 0.25 V                              ; 0.107 V                             ; 2.67e-10 s                 ; 2.75e-10 s                 ; No                        ; Yes                       ;
; B[30]        ; 2.5 V        ; 0 s                 ; 0 s                 ; 2.62 V                       ; 9.95e-08 V                   ; 2.78 V              ; -0.0452 V           ; 0.248 V                              ; 0.108 V                              ; 2.67e-10 s                  ; 2.75e-10 s                  ; No                         ; Yes                        ; 2.62 V                      ; 9.95e-08 V                  ; 2.78 V             ; -0.0452 V          ; 0.248 V                             ; 0.108 V                             ; 2.67e-10 s                 ; 2.75e-10 s                 ; No                        ; Yes                       ;
; B[31]        ; 2.5 V        ; 0 s                 ; 0 s                 ; 2.62 V                       ; 9.94e-08 V                   ; 2.78 V              ; -0.0444 V           ; 0.25 V                               ; 0.107 V                              ; 2.67e-10 s                  ; 2.75e-10 s                  ; No                         ; Yes                        ; 2.62 V                      ; 9.94e-08 V                  ; 2.78 V             ; -0.0444 V          ; 0.25 V                              ; 0.107 V                             ; 2.67e-10 s                 ; 2.75e-10 s                 ; No                        ; Yes                       ;
; instruc[0]   ; 2.5 V        ; 0 s                 ; 0 s                 ; 2.62 V                       ; 9.95e-08 V                   ; 2.78 V              ; -0.0452 V           ; 0.248 V                              ; 0.108 V                              ; 2.67e-10 s                  ; 2.75e-10 s                  ; No                         ; Yes                        ; 2.62 V                      ; 9.95e-08 V                  ; 2.78 V             ; -0.0452 V          ; 0.248 V                             ; 0.108 V                             ; 2.67e-10 s                 ; 2.75e-10 s                 ; No                        ; Yes                       ;
; instruc[1]   ; 2.5 V        ; 0 s                 ; 0 s                 ; 2.62 V                       ; 9.94e-08 V                   ; 2.77 V              ; -0.0485 V           ; 0.289 V                              ; 0.058 V                              ; 2.81e-10 s                  ; 3.04e-10 s                  ; No                         ; Yes                        ; 2.62 V                      ; 9.94e-08 V                  ; 2.77 V             ; -0.0485 V          ; 0.289 V                             ; 0.058 V                             ; 2.81e-10 s                 ; 3.04e-10 s                 ; No                        ; Yes                       ;
; instruc[2]   ; 2.5 V        ; 0 s                 ; 0 s                 ; 2.62 V                       ; 9.94e-08 V                   ; 2.77 V              ; -0.0485 V           ; 0.289 V                              ; 0.058 V                              ; 2.81e-10 s                  ; 3.04e-10 s                  ; No                         ; Yes                        ; 2.62 V                      ; 9.94e-08 V                  ; 2.77 V             ; -0.0485 V          ; 0.289 V                             ; 0.058 V                             ; 2.81e-10 s                 ; 3.04e-10 s                 ; No                        ; Yes                       ;
; instruc[3]   ; 2.5 V        ; 0 s                 ; 0 s                 ; 2.62 V                       ; 9.95e-08 V                   ; 2.78 V              ; -0.0452 V           ; 0.248 V                              ; 0.108 V                              ; 2.67e-10 s                  ; 2.75e-10 s                  ; No                         ; Yes                        ; 2.62 V                      ; 9.95e-08 V                  ; 2.78 V             ; -0.0452 V          ; 0.248 V                             ; 0.108 V                             ; 2.67e-10 s                 ; 2.75e-10 s                 ; No                        ; Yes                       ;
; instruc[4]   ; 2.5 V        ; 0 s                 ; 0 s                 ; 2.62 V                       ; 9.95e-08 V                   ; 2.78 V              ; -0.0452 V           ; 0.248 V                              ; 0.108 V                              ; 2.67e-10 s                  ; 2.75e-10 s                  ; No                         ; Yes                        ; 2.62 V                      ; 9.95e-08 V                  ; 2.78 V             ; -0.0452 V          ; 0.248 V                             ; 0.108 V                             ; 2.67e-10 s                 ; 2.75e-10 s                 ; No                        ; Yes                       ;
; instruc[5]   ; 2.5 V        ; 0 s                 ; 0 s                 ; 2.62 V                       ; 9.94e-08 V                   ; 2.77 V              ; -0.0485 V           ; 0.289 V                              ; 0.058 V                              ; 2.81e-10 s                  ; 3.04e-10 s                  ; No                         ; Yes                        ; 2.62 V                      ; 9.94e-08 V                  ; 2.77 V             ; -0.0485 V          ; 0.289 V                             ; 0.058 V                             ; 2.81e-10 s                 ; 3.04e-10 s                 ; No                        ; Yes                       ;
; instruc[6]   ; 2.5 V        ; 0 s                 ; 0 s                 ; 2.62 V                       ; 9.95e-08 V                   ; 2.78 V              ; -0.0452 V           ; 0.248 V                              ; 0.108 V                              ; 2.67e-10 s                  ; 2.75e-10 s                  ; No                         ; Yes                        ; 2.62 V                      ; 9.95e-08 V                  ; 2.78 V             ; -0.0452 V          ; 0.248 V                             ; 0.108 V                             ; 2.67e-10 s                 ; 2.75e-10 s                 ; No                        ; Yes                       ;
; instruc[7]   ; 2.5 V        ; 0 s                 ; 0 s                 ; 2.62 V                       ; 9.94e-08 V                   ; 2.78 V              ; -0.0444 V           ; 0.25 V                               ; 0.107 V                              ; 2.67e-10 s                  ; 2.75e-10 s                  ; No                         ; Yes                        ; 2.62 V                      ; 9.94e-08 V                  ; 2.78 V             ; -0.0444 V          ; 0.25 V                              ; 0.107 V                             ; 2.67e-10 s                 ; 2.75e-10 s                 ; No                        ; Yes                       ;
; instruc[8]   ; 2.5 V        ; 0 s                 ; 0 s                 ; 2.62 V                       ; 9.95e-08 V                   ; 2.78 V              ; -0.0452 V           ; 0.248 V                              ; 0.108 V                              ; 2.67e-10 s                  ; 2.75e-10 s                  ; No                         ; Yes                        ; 2.62 V                      ; 9.95e-08 V                  ; 2.78 V             ; -0.0452 V          ; 0.248 V                             ; 0.108 V                             ; 2.67e-10 s                 ; 2.75e-10 s                 ; No                        ; Yes                       ;
; instruc[9]   ; 2.5 V        ; 0 s                 ; 0 s                 ; 2.62 V                       ; 9.95e-08 V                   ; 2.78 V              ; -0.0452 V           ; 0.248 V                              ; 0.108 V                              ; 2.67e-10 s                  ; 2.75e-10 s                  ; No                         ; Yes                        ; 2.62 V                      ; 9.95e-08 V                  ; 2.78 V             ; -0.0452 V          ; 0.248 V                             ; 0.108 V                             ; 2.67e-10 s                 ; 2.75e-10 s                 ; No                        ; Yes                       ;
; instruc[10]  ; 2.5 V        ; 0 s                 ; 0 s                 ; 2.62 V                       ; 9.95e-08 V                   ; 2.78 V              ; -0.0452 V           ; 0.248 V                              ; 0.108 V                              ; 2.67e-10 s                  ; 2.75e-10 s                  ; No                         ; Yes                        ; 2.62 V                      ; 9.95e-08 V                  ; 2.78 V             ; -0.0452 V          ; 0.248 V                             ; 0.108 V                             ; 2.67e-10 s                 ; 2.75e-10 s                 ; No                        ; Yes                       ;
; instruc[11]  ; 2.5 V        ; 0 s                 ; 0 s                 ; 2.62 V                       ; 9.94e-08 V                   ; 2.77 V              ; -0.0485 V           ; 0.289 V                              ; 0.058 V                              ; 2.81e-10 s                  ; 3.04e-10 s                  ; No                         ; Yes                        ; 2.62 V                      ; 9.94e-08 V                  ; 2.77 V             ; -0.0485 V          ; 0.289 V                             ; 0.058 V                             ; 2.81e-10 s                 ; 3.04e-10 s                 ; No                        ; Yes                       ;
; instruc[12]  ; 2.5 V        ; 0 s                 ; 0 s                 ; 2.62 V                       ; 9.94e-08 V                   ; 2.78 V              ; -0.0444 V           ; 0.25 V                               ; 0.107 V                              ; 2.67e-10 s                  ; 2.75e-10 s                  ; No                         ; Yes                        ; 2.62 V                      ; 9.94e-08 V                  ; 2.78 V             ; -0.0444 V          ; 0.25 V                              ; 0.107 V                             ; 2.67e-10 s                 ; 2.75e-10 s                 ; No                        ; Yes                       ;
; instruc[13]  ; 2.5 V        ; 0 s                 ; 0 s                 ; 2.62 V                       ; 9.94e-08 V                   ; 2.77 V              ; -0.0485 V           ; 0.289 V                              ; 0.058 V                              ; 2.81e-10 s                  ; 3.04e-10 s                  ; No                         ; Yes                        ; 2.62 V                      ; 9.94e-08 V                  ; 2.77 V             ; -0.0485 V          ; 0.289 V                             ; 0.058 V                             ; 2.81e-10 s                 ; 3.04e-10 s                 ; No                        ; Yes                       ;
; instruc[14]  ; 2.5 V        ; 0 s                 ; 0 s                 ; 2.62 V                       ; 9.95e-08 V                   ; 2.64 V              ; -0.00888 V          ; 0.249 V                              ; 0.203 V                              ; 3.12e-09 s                  ; 3.02e-09 s                  ; No                         ; Yes                        ; 2.62 V                      ; 9.95e-08 V                  ; 2.64 V             ; -0.00888 V         ; 0.249 V                             ; 0.203 V                             ; 3.12e-09 s                 ; 3.02e-09 s                 ; No                        ; Yes                       ;
; instruc[15]  ; 2.5 V        ; 0 s                 ; 0 s                 ; 2.62 V                       ; 9.95e-08 V                   ; 2.78 V              ; -0.0452 V           ; 0.248 V                              ; 0.108 V                              ; 2.67e-10 s                  ; 2.75e-10 s                  ; No                         ; Yes                        ; 2.62 V                      ; 9.95e-08 V                  ; 2.78 V             ; -0.0452 V          ; 0.248 V                             ; 0.108 V                             ; 2.67e-10 s                 ; 2.75e-10 s                 ; No                        ; Yes                       ;
; instruc[16]  ; 2.5 V        ; 0 s                 ; 0 s                 ; 2.62 V                       ; 9.95e-08 V                   ; 2.78 V              ; -0.0452 V           ; 0.248 V                              ; 0.108 V                              ; 2.67e-10 s                  ; 2.75e-10 s                  ; No                         ; Yes                        ; 2.62 V                      ; 9.95e-08 V                  ; 2.78 V             ; -0.0452 V          ; 0.248 V                             ; 0.108 V                             ; 2.67e-10 s                 ; 2.75e-10 s                 ; No                        ; Yes                       ;
; instruc[17]  ; 2.5 V        ; 0 s                 ; 0 s                 ; 2.62 V                       ; 9.95e-08 V                   ; 2.77 V              ; -0.0486 V           ; 0.285 V                              ; 0.06 V                               ; 2.8e-10 s                   ; 3.04e-10 s                  ; No                         ; Yes                        ; 2.62 V                      ; 9.95e-08 V                  ; 2.77 V             ; -0.0486 V          ; 0.285 V                             ; 0.06 V                              ; 2.8e-10 s                  ; 3.04e-10 s                 ; No                        ; Yes                       ;
; instruc[18]  ; 2.5 V        ; 0 s                 ; 0 s                 ; 2.62 V                       ; 9.94e-08 V                   ; 2.77 V              ; -0.0485 V           ; 0.289 V                              ; 0.058 V                              ; 2.81e-10 s                  ; 3.04e-10 s                  ; No                         ; Yes                        ; 2.62 V                      ; 9.94e-08 V                  ; 2.77 V             ; -0.0485 V          ; 0.289 V                             ; 0.058 V                             ; 2.81e-10 s                 ; 3.04e-10 s                 ; No                        ; Yes                       ;
; instruc[19]  ; 2.5 V        ; 0 s                 ; 0 s                 ; 2.62 V                       ; 9.95e-08 V                   ; 2.78 V              ; -0.0452 V           ; 0.248 V                              ; 0.108 V                              ; 2.67e-10 s                  ; 2.75e-10 s                  ; No                         ; Yes                        ; 2.62 V                      ; 9.95e-08 V                  ; 2.78 V             ; -0.0452 V          ; 0.248 V                             ; 0.108 V                             ; 2.67e-10 s                 ; 2.75e-10 s                 ; No                        ; Yes                       ;
; instruc[20]  ; 2.5 V        ; 0 s                 ; 0 s                 ; 2.62 V                       ; 9.94e-08 V                   ; 2.77 V              ; -0.0485 V           ; 0.289 V                              ; 0.058 V                              ; 2.81e-10 s                  ; 3.04e-10 s                  ; No                         ; Yes                        ; 2.62 V                      ; 9.94e-08 V                  ; 2.77 V             ; -0.0485 V          ; 0.289 V                             ; 0.058 V                             ; 2.81e-10 s                 ; 3.04e-10 s                 ; No                        ; Yes                       ;
; instruc[21]  ; 2.5 V        ; 0 s                 ; 0 s                 ; 2.62 V                       ; 9.94e-08 V                   ; 2.78 V              ; -0.0444 V           ; 0.25 V                               ; 0.107 V                              ; 2.67e-10 s                  ; 2.75e-10 s                  ; No                         ; Yes                        ; 2.62 V                      ; 9.94e-08 V                  ; 2.78 V             ; -0.0444 V          ; 0.25 V                              ; 0.107 V                             ; 2.67e-10 s                 ; 2.75e-10 s                 ; No                        ; Yes                       ;
; instruc[22]  ; 2.5 V        ; 0 s                 ; 0 s                 ; 2.62 V                       ; 9.94e-08 V                   ; 2.78 V              ; -0.0444 V           ; 0.25 V                               ; 0.107 V                              ; 2.67e-10 s                  ; 2.75e-10 s                  ; No                         ; Yes                        ; 2.62 V                      ; 9.94e-08 V                  ; 2.78 V             ; -0.0444 V          ; 0.25 V                              ; 0.107 V                             ; 2.67e-10 s                 ; 2.75e-10 s                 ; No                        ; Yes                       ;
; instruc[23]  ; 2.5 V        ; 0 s                 ; 0 s                 ; 2.62 V                       ; 9.94e-08 V                   ; 2.78 V              ; -0.0444 V           ; 0.25 V                               ; 0.107 V                              ; 2.67e-10 s                  ; 2.75e-10 s                  ; No                         ; Yes                        ; 2.62 V                      ; 9.94e-08 V                  ; 2.78 V             ; -0.0444 V          ; 0.25 V                              ; 0.107 V                             ; 2.67e-10 s                 ; 2.75e-10 s                 ; No                        ; Yes                       ;
; instruc[24]  ; 2.5 V        ; 0 s                 ; 0 s                 ; 2.62 V                       ; 9.95e-08 V                   ; 2.77 V              ; -0.0486 V           ; 0.285 V                              ; 0.06 V                               ; 2.8e-10 s                   ; 3.04e-10 s                  ; No                         ; Yes                        ; 2.62 V                      ; 9.95e-08 V                  ; 2.77 V             ; -0.0486 V          ; 0.285 V                             ; 0.06 V                              ; 2.8e-10 s                  ; 3.04e-10 s                 ; No                        ; Yes                       ;
; instruc[25]  ; 2.5 V        ; 0 s                 ; 0 s                 ; 2.62 V                       ; 9.94e-08 V                   ; 2.78 V              ; -0.0444 V           ; 0.25 V                               ; 0.107 V                              ; 2.67e-10 s                  ; 2.75e-10 s                  ; No                         ; Yes                        ; 2.62 V                      ; 9.94e-08 V                  ; 2.78 V             ; -0.0444 V          ; 0.25 V                              ; 0.107 V                             ; 2.67e-10 s                 ; 2.75e-10 s                 ; No                        ; Yes                       ;
; instruc[26]  ; 2.5 V        ; 0 s                 ; 0 s                 ; 2.62 V                       ; 9.95e-08 V                   ; 2.78 V              ; -0.0452 V           ; 0.248 V                              ; 0.108 V                              ; 2.67e-10 s                  ; 2.75e-10 s                  ; No                         ; Yes                        ; 2.62 V                      ; 9.95e-08 V                  ; 2.78 V             ; -0.0452 V          ; 0.248 V                             ; 0.108 V                             ; 2.67e-10 s                 ; 2.75e-10 s                 ; No                        ; Yes                       ;
; instruc[27]  ; 2.5 V        ; 0 s                 ; 0 s                 ; 2.62 V                       ; 9.94e-08 V                   ; 2.78 V              ; -0.0444 V           ; 0.25 V                               ; 0.107 V                              ; 2.67e-10 s                  ; 2.75e-10 s                  ; No                         ; Yes                        ; 2.62 V                      ; 9.94e-08 V                  ; 2.78 V             ; -0.0444 V          ; 0.25 V                              ; 0.107 V                             ; 2.67e-10 s                 ; 2.75e-10 s                 ; No                        ; Yes                       ;
; instruc[28]  ; 2.5 V        ; 0 s                 ; 0 s                 ; 2.62 V                       ; 9.94e-08 V                   ; 2.78 V              ; -0.0444 V           ; 0.25 V                               ; 0.107 V                              ; 2.67e-10 s                  ; 2.75e-10 s                  ; No                         ; Yes                        ; 2.62 V                      ; 9.94e-08 V                  ; 2.78 V             ; -0.0444 V          ; 0.25 V                              ; 0.107 V                             ; 2.67e-10 s                 ; 2.75e-10 s                 ; No                        ; Yes                       ;
; instruc[29]  ; 2.5 V        ; 0 s                 ; 0 s                 ; 2.62 V                       ; 9.95e-08 V                   ; 2.78 V              ; -0.0452 V           ; 0.248 V                              ; 0.108 V                              ; 2.67e-10 s                  ; 2.75e-10 s                  ; No                         ; Yes                        ; 2.62 V                      ; 9.95e-08 V                  ; 2.78 V             ; -0.0452 V          ; 0.248 V                             ; 0.108 V                             ; 2.67e-10 s                 ; 2.75e-10 s                 ; No                        ; Yes                       ;
; instruc[30]  ; 2.5 V        ; 0 s                 ; 0 s                 ; 2.62 V                       ; 9.94e-08 V                   ; 2.78 V              ; -0.0444 V           ; 0.25 V                               ; 0.107 V                              ; 2.67e-10 s                  ; 2.75e-10 s                  ; No                         ; Yes                        ; 2.62 V                      ; 9.94e-08 V                  ; 2.78 V             ; -0.0444 V          ; 0.25 V                              ; 0.107 V                             ; 2.67e-10 s                 ; 2.75e-10 s                 ; No                        ; Yes                       ;
; instruc[31]  ; 2.5 V        ; 0 s                 ; 0 s                 ; 2.62 V                       ; 9.95e-08 V                   ; 2.77 V              ; -0.0486 V           ; 0.285 V                              ; 0.06 V                               ; 2.8e-10 s                   ; 3.04e-10 s                  ; No                         ; Yes                        ; 2.62 V                      ; 9.95e-08 V                  ; 2.77 V             ; -0.0486 V          ; 0.285 V                             ; 0.06 V                              ; 2.8e-10 s                  ; 3.04e-10 s                 ; No                        ; Yes                       ;
; adA[0]       ; 2.5 V        ; 0 s                 ; 0 s                 ; 2.62 V                       ; 9.94e-08 V                   ; 2.78 V              ; -0.0444 V           ; 0.25 V                               ; 0.107 V                              ; 2.67e-10 s                  ; 2.75e-10 s                  ; No                         ; Yes                        ; 2.62 V                      ; 9.94e-08 V                  ; 2.78 V             ; -0.0444 V          ; 0.25 V                              ; 0.107 V                             ; 2.67e-10 s                 ; 2.75e-10 s                 ; No                        ; Yes                       ;
; adA[1]       ; 2.5 V        ; 0 s                 ; 0 s                 ; 2.62 V                       ; 9.95e-08 V                   ; 2.77 V              ; -0.0486 V           ; 0.285 V                              ; 0.06 V                               ; 2.8e-10 s                   ; 3.04e-10 s                  ; No                         ; Yes                        ; 2.62 V                      ; 9.95e-08 V                  ; 2.77 V             ; -0.0486 V          ; 0.285 V                             ; 0.06 V                              ; 2.8e-10 s                  ; 3.04e-10 s                 ; No                        ; Yes                       ;
; adA[2]       ; 2.5 V        ; 0 s                 ; 0 s                 ; 2.62 V                       ; 9.95e-08 V                   ; 2.78 V              ; -0.0452 V           ; 0.248 V                              ; 0.108 V                              ; 2.67e-10 s                  ; 2.75e-10 s                  ; No                         ; Yes                        ; 2.62 V                      ; 9.95e-08 V                  ; 2.78 V             ; -0.0452 V          ; 0.248 V                             ; 0.108 V                             ; 2.67e-10 s                 ; 2.75e-10 s                 ; No                        ; Yes                       ;
; adA[3]       ; 2.5 V        ; 0 s                 ; 0 s                 ; 2.62 V                       ; 9.95e-08 V                   ; 2.78 V              ; -0.0452 V           ; 0.248 V                              ; 0.108 V                              ; 2.67e-10 s                  ; 2.75e-10 s                  ; No                         ; Yes                        ; 2.62 V                      ; 9.95e-08 V                  ; 2.78 V             ; -0.0452 V          ; 0.248 V                             ; 0.108 V                             ; 2.67e-10 s                 ; 2.75e-10 s                 ; No                        ; Yes                       ;
; adA[4]       ; 2.5 V        ; 0 s                 ; 0 s                 ; 2.62 V                       ; 9.94e-08 V                   ; 2.78 V              ; -0.0444 V           ; 0.25 V                               ; 0.107 V                              ; 2.67e-10 s                  ; 2.75e-10 s                  ; No                         ; Yes                        ; 2.62 V                      ; 9.94e-08 V                  ; 2.78 V             ; -0.0444 V          ; 0.25 V                              ; 0.107 V                             ; 2.67e-10 s                 ; 2.75e-10 s                 ; No                        ; Yes                       ;
; adB[0]       ; 2.5 V        ; 0 s                 ; 0 s                 ; 2.62 V                       ; 9.95e-08 V                   ; 2.78 V              ; -0.0452 V           ; 0.248 V                              ; 0.108 V                              ; 2.67e-10 s                  ; 2.75e-10 s                  ; No                         ; Yes                        ; 2.62 V                      ; 9.95e-08 V                  ; 2.78 V             ; -0.0452 V          ; 0.248 V                             ; 0.108 V                             ; 2.67e-10 s                 ; 2.75e-10 s                 ; No                        ; Yes                       ;
; adB[1]       ; 2.5 V        ; 0 s                 ; 0 s                 ; 2.62 V                       ; 9.95e-08 V                   ; 2.78 V              ; -0.0452 V           ; 0.248 V                              ; 0.108 V                              ; 2.67e-10 s                  ; 2.75e-10 s                  ; No                         ; Yes                        ; 2.62 V                      ; 9.95e-08 V                  ; 2.78 V             ; -0.0452 V          ; 0.248 V                             ; 0.108 V                             ; 2.67e-10 s                 ; 2.75e-10 s                 ; No                        ; Yes                       ;
; adB[2]       ; 2.5 V        ; 0 s                 ; 0 s                 ; 2.62 V                       ; 9.94e-08 V                   ; 2.78 V              ; -0.0444 V           ; 0.25 V                               ; 0.107 V                              ; 2.67e-10 s                  ; 2.75e-10 s                  ; No                         ; Yes                        ; 2.62 V                      ; 9.94e-08 V                  ; 2.78 V             ; -0.0444 V          ; 0.25 V                              ; 0.107 V                             ; 2.67e-10 s                 ; 2.75e-10 s                 ; No                        ; Yes                       ;
; adB[3]       ; 2.5 V        ; 0 s                 ; 0 s                 ; 2.62 V                       ; 9.94e-08 V                   ; 2.78 V              ; -0.0444 V           ; 0.25 V                               ; 0.107 V                              ; 2.67e-10 s                  ; 2.75e-10 s                  ; No                         ; Yes                        ; 2.62 V                      ; 9.94e-08 V                  ; 2.78 V             ; -0.0444 V          ; 0.25 V                              ; 0.107 V                             ; 2.67e-10 s                 ; 2.75e-10 s                 ; No                        ; Yes                       ;
; adB[4]       ; 2.5 V        ; 0 s                 ; 0 s                 ; 2.62 V                       ; 9.94e-08 V                   ; 2.78 V              ; -0.0444 V           ; 0.25 V                               ; 0.107 V                              ; 2.67e-10 s                  ; 2.75e-10 s                  ; No                         ; Yes                        ; 2.62 V                      ; 9.94e-08 V                  ; 2.78 V             ; -0.0444 V          ; 0.25 V                              ; 0.107 V                             ; 2.67e-10 s                 ; 2.75e-10 s                 ; No                        ; Yes                       ;
; ~ALTERA_TDO~ ; 2.5 V        ; 0 s                 ; 0 s                 ; 2.62 V                       ; 1.68e-07 V                   ; 2.73 V              ; -0.0395 V           ; 0.361 V                              ; 0.109 V                              ; 3.1e-10 s                   ; 4.41e-10 s                  ; No                         ; Yes                        ; 2.62 V                      ; 1.68e-07 V                  ; 2.73 V             ; -0.0395 V          ; 0.361 V                             ; 0.109 V                             ; 3.1e-10 s                  ; 4.41e-10 s                 ; No                        ; Yes                       ;
+--------------+--------------+---------------------+---------------------+------------------------------+------------------------------+---------------------+---------------------+--------------------------------------+--------------------------------------+-----------------------------+-----------------------------+----------------------------+----------------------------+-----------------------------+-----------------------------+--------------------+--------------------+-------------------------------------+-------------------------------------+----------------------------+----------------------------+---------------------------+---------------------------+


+-------------------------------------------------------------------+
; Setup Transfers                                                   ;
+------------+----------+----------+----------+----------+----------+
; From Clock ; To Clock ; RR Paths ; FR Paths ; RF Paths ; FF Paths ;
+------------+----------+----------+----------+----------+----------+
; clk        ; clk      ; 528      ; 0        ; 0        ; 0        ;
+------------+----------+----------+----------+----------+----------+
Entries labeled "false path" only account for clock-to-clock false paths and not path-based false paths. As a result, actual path counts may be lower than reported.


+-------------------------------------------------------------------+
; Hold Transfers                                                    ;
+------------+----------+----------+----------+----------+----------+
; From Clock ; To Clock ; RR Paths ; FR Paths ; RF Paths ; FF Paths ;
+------------+----------+----------+----------+----------+----------+
; clk        ; clk      ; 528      ; 0        ; 0        ; 0        ;
+------------+----------+----------+----------+----------+----------+
Entries labeled "false path" only account for clock-to-clock false paths and not path-based false paths. As a result, actual path counts may be lower than reported.


---------------
; Report TCCS ;
---------------
No dedicated SERDES Transmitter circuitry present in device or used in design


---------------
; Report RSKM ;
---------------
No non-DPA dedicated SERDES Receiver circuitry present in device or used in design


+------------------------------------------------+
; Unconstrained Paths Summary                    ;
+---------------------------------+-------+------+
; Property                        ; Setup ; Hold ;
+---------------------------------+-------+------+
; Illegal Clocks                  ; 0     ; 0    ;
; Unconstrained Clocks            ; 0     ; 0    ;
; Unconstrained Input Ports       ; 2     ; 2    ;
; Unconstrained Input Port Paths  ; 95    ; 95   ;
; Unconstrained Output Ports      ; 65    ; 65   ;
; Unconstrained Output Port Paths ; 592   ; 592  ;
+---------------------------------+-------+------+


+-------------------------------------+
; Clock Status Summary                ;
+--------+-------+------+-------------+
; Target ; Clock ; Type ; Status      ;
+--------+-------+------+-------------+
; clk    ; clk   ; Base ; Constrained ;
+--------+-------+------+-------------+


+----------------------------------------------------------------------------------------------------+
; Unconstrained Input Ports                                                                          ;
+-------------+--------------------------------------------------------------------------------------+
; Input Port  ; Comment                                                                              ;
+-------------+--------------------------------------------------------------------------------------+
; addr[0]     ; No input delay, min/max delays, false-path exceptions, or max skew assignments found ;
; buttonWrite ; No input delay, min/max delays, false-path exceptions, or max skew assignments found ;
+-------------+--------------------------------------------------------------------------------------+


+-----------------------------------------------------------------------------------------------------+
; Unconstrained Output Ports                                                                          ;
+-------------+---------------------------------------------------------------------------------------+
; Output Port ; Comment                                                                               ;
+-------------+---------------------------------------------------------------------------------------+
; A[0]        ; No output delay, min/max delays, false-path exceptions, or max skew assignments found ;
; A[1]        ; No output delay, min/max delays, false-path exceptions, or max skew assignments found ;
; A[2]        ; No output delay, min/max delays, false-path exceptions, or max skew assignments found ;
; A[3]        ; No output delay, min/max delays, false-path exceptions, or max skew assignments found ;
; A[4]        ; No output delay, min/max delays, false-path exceptions, or max skew assignments found ;
; A[5]        ; No output delay, min/max delays, false-path exceptions, or max skew assignments found ;
; A[6]        ; No output delay, min/max delays, false-path exceptions, or max skew assignments found ;
; A[7]        ; No output delay, min/max delays, false-path exceptions, or max skew assignments found ;
; A[8]        ; No output delay, min/max delays, false-path exceptions, or max skew assignments found ;
; A[9]        ; No output delay, min/max delays, false-path exceptions, or max skew assignments found ;
; A[10]       ; No output delay, min/max delays, false-path exceptions, or max skew assignments found ;
; A[11]       ; No output delay, min/max delays, false-path exceptions, or max skew assignments found ;
; A[12]       ; No output delay, min/max delays, false-path exceptions, or max skew assignments found ;
; A[13]       ; No output delay, min/max delays, false-path exceptions, or max skew assignments found ;
; A[14]       ; No output delay, min/max delays, false-path exceptions, or max skew assignments found ;
; A[15]       ; No output delay, min/max delays, false-path exceptions, or max skew assignments found ;
; A[16]       ; No output delay, min/max delays, false-path exceptions, or max skew assignments found ;
; A[17]       ; No output delay, min/max delays, false-path exceptions, or max skew assignments found ;
; A[18]       ; No output delay, min/max delays, false-path exceptions, or max skew assignments found ;
; A[19]       ; No output delay, min/max delays, false-path exceptions, or max skew assignments found ;
; A[20]       ; No output delay, min/max delays, false-path exceptions, or max skew assignments found ;
; A[21]       ; No output delay, min/max delays, false-path exceptions, or max skew assignments found ;
; A[22]       ; No output delay, min/max delays, false-path exceptions, or max skew assignments found ;
; A[23]       ; No output delay, min/max delays, false-path exceptions, or max skew assignments found ;
; A[24]       ; No output delay, min/max delays, false-path exceptions, or max skew assignments found ;
; A[25]       ; No output delay, min/max delays, false-path exceptions, or max skew assignments found ;
; A[26]       ; No output delay, min/max delays, false-path exceptions, or max skew assignments found ;
; A[27]       ; No output delay, min/max delays, false-path exceptions, or max skew assignments found ;
; A[28]       ; No output delay, min/max delays, false-path exceptions, or max skew assignments found ;
; A[29]       ; No output delay, min/max delays, false-path exceptions, or max skew assignments found ;
; A[30]       ; No output delay, min/max delays, false-path exceptions, or max skew assignments found ;
; A[31]       ; No output delay, min/max delays, false-path exceptions, or max skew assignments found ;
; instruc[0]  ; No output delay, min/max delays, false-path exceptions, or max skew assignments found ;
; out[0]      ; No output delay, min/max delays, false-path exceptions, or max skew assignments found ;
; out[1]      ; No output delay, min/max delays, false-path exceptions, or max skew assignments found ;
; out[2]      ; No output delay, min/max delays, false-path exceptions, or max skew assignments found ;
; out[3]      ; No output delay, min/max delays, false-path exceptions, or max skew assignments found ;
; out[4]      ; No output delay, min/max delays, false-path exceptions, or max skew assignments found ;
; out[5]      ; No output delay, min/max delays, false-path exceptions, or max skew assignments found ;
; out[6]      ; No output delay, min/max delays, false-path exceptions, or max skew assignments found ;
; out[7]      ; No output delay, min/max delays, false-path exceptions, or max skew assignments found ;
; out[8]      ; No output delay, min/max delays, false-path exceptions, or max skew assignments found ;
; out[9]      ; No output delay, min/max delays, false-path exceptions, or max skew assignments found ;
; out[10]     ; No output delay, min/max delays, false-path exceptions, or max skew assignments found ;
; out[11]     ; No output delay, min/max delays, false-path exceptions, or max skew assignments found ;
; out[12]     ; No output delay, min/max delays, false-path exceptions, or max skew assignments found ;
; out[13]     ; No output delay, min/max delays, false-path exceptions, or max skew assignments found ;
; out[14]     ; No output delay, min/max delays, false-path exceptions, or max skew assignments found ;
; out[15]     ; No output delay, min/max delays, false-path exceptions, or max skew assignments found ;
; out[16]     ; No output delay, min/max delays, false-path exceptions, or max skew assignments found ;
; out[17]     ; No output delay, min/max delays, false-path exceptions, or max skew assignments found ;
; out[18]     ; No output delay, min/max delays, false-path exceptions, or max skew assignments found ;
; out[19]     ; No output delay, min/max delays, false-path exceptions, or max skew assignments found ;
; out[20]     ; No output delay, min/max delays, false-path exceptions, or max skew assignments found ;
; out[21]     ; No output delay, min/max delays, false-path exceptions, or max skew assignments found ;
; out[22]     ; No output delay, min/max delays, false-path exceptions, or max skew assignments found ;
; out[23]     ; No output delay, min/max delays, false-path exceptions, or max skew assignments found ;
; out[24]     ; No output delay, min/max delays, false-path exceptions, or max skew assignments found ;
; out[25]     ; No output delay, min/max delays, false-path exceptions, or max skew assignments found ;
; out[26]     ; No output delay, min/max delays, false-path exceptions, or max skew assignments found ;
; out[27]     ; No output delay, min/max delays, false-path exceptions, or max skew assignments found ;
; out[28]     ; No output delay, min/max delays, false-path exceptions, or max skew assignments found ;
; out[29]     ; No output delay, min/max delays, false-path exceptions, or max skew assignments found ;
; out[30]     ; No output delay, min/max delays, false-path exceptions, or max skew assignments found ;
; out[31]     ; No output delay, min/max delays, false-path exceptions, or max skew assignments found ;
+-------------+---------------------------------------------------------------------------------------+


+----------------------------------------------------------------------------------------------------+
; Unconstrained Input Ports                                                                          ;
+-------------+--------------------------------------------------------------------------------------+
; Input Port  ; Comment                                                                              ;
+-------------+--------------------------------------------------------------------------------------+
; addr[0]     ; No input delay, min/max delays, false-path exceptions, or max skew assignments found ;
; buttonWrite ; No input delay, min/max delays, false-path exceptions, or max skew assignments found ;
+-------------+--------------------------------------------------------------------------------------+


+-----------------------------------------------------------------------------------------------------+
; Unconstrained Output Ports                                                                          ;
+-------------+---------------------------------------------------------------------------------------+
; Output Port ; Comment                                                                               ;
+-------------+---------------------------------------------------------------------------------------+
; A[0]        ; No output delay, min/max delays, false-path exceptions, or max skew assignments found ;
; A[1]        ; No output delay, min/max delays, false-path exceptions, or max skew assignments found ;
; A[2]        ; No output delay, min/max delays, false-path exceptions, or max skew assignments found ;
; A[3]        ; No output delay, min/max delays, false-path exceptions, or max skew assignments found ;
; A[4]        ; No output delay, min/max delays, false-path exceptions, or max skew assignments found ;
; A[5]        ; No output delay, min/max delays, false-path exceptions, or max skew assignments found ;
; A[6]        ; No output delay, min/max delays, false-path exceptions, or max skew assignments found ;
; A[7]        ; No output delay, min/max delays, false-path exceptions, or max skew assignments found ;
; A[8]        ; No output delay, min/max delays, false-path exceptions, or max skew assignments found ;
; A[9]        ; No output delay, min/max delays, false-path exceptions, or max skew assignments found ;
; A[10]       ; No output delay, min/max delays, false-path exceptions, or max skew assignments found ;
; A[11]       ; No output delay, min/max delays, false-path exceptions, or max skew assignments found ;
; A[12]       ; No output delay, min/max delays, false-path exceptions, or max skew assignments found ;
; A[13]       ; No output delay, min/max delays, false-path exceptions, or max skew assignments found ;
; A[14]       ; No output delay, min/max delays, false-path exceptions, or max skew assignments found ;
; A[15]       ; No output delay, min/max delays, false-path exceptions, or max skew assignments found ;
; A[16]       ; No output delay, min/max delays, false-path exceptions, or max skew assignments found ;
; A[17]       ; No output delay, min/max delays, false-path exceptions, or max skew assignments found ;
; A[18]       ; No output delay, min/max delays, false-path exceptions, or max skew assignments found ;
; A[19]       ; No output delay, min/max delays, false-path exceptions, or max skew assignments found ;
; A[20]       ; No output delay, min/max delays, false-path exceptions, or max skew assignments found ;
; A[21]       ; No output delay, min/max delays, false-path exceptions, or max skew assignments found ;
; A[22]       ; No output delay, min/max delays, false-path exceptions, or max skew assignments found ;
; A[23]       ; No output delay, min/max delays, false-path exceptions, or max skew assignments found ;
; A[24]       ; No output delay, min/max delays, false-path exceptions, or max skew assignments found ;
; A[25]       ; No output delay, min/max delays, false-path exceptions, or max skew assignments found ;
; A[26]       ; No output delay, min/max delays, false-path exceptions, or max skew assignments found ;
; A[27]       ; No output delay, min/max delays, false-path exceptions, or max skew assignments found ;
; A[28]       ; No output delay, min/max delays, false-path exceptions, or max skew assignments found ;
; A[29]       ; No output delay, min/max delays, false-path exceptions, or max skew assignments found ;
; A[30]       ; No output delay, min/max delays, false-path exceptions, or max skew assignments found ;
; A[31]       ; No output delay, min/max delays, false-path exceptions, or max skew assignments found ;
; instruc[0]  ; No output delay, min/max delays, false-path exceptions, or max skew assignments found ;
; out[0]      ; No output delay, min/max delays, false-path exceptions, or max skew assignments found ;
; out[1]      ; No output delay, min/max delays, false-path exceptions, or max skew assignments found ;
; out[2]      ; No output delay, min/max delays, false-path exceptions, or max skew assignments found ;
; out[3]      ; No output delay, min/max delays, false-path exceptions, or max skew assignments found ;
; out[4]      ; No output delay, min/max delays, false-path exceptions, or max skew assignments found ;
; out[5]      ; No output delay, min/max delays, false-path exceptions, or max skew assignments found ;
; out[6]      ; No output delay, min/max delays, false-path exceptions, or max skew assignments found ;
; out[7]      ; No output delay, min/max delays, false-path exceptions, or max skew assignments found ;
; out[8]      ; No output delay, min/max delays, false-path exceptions, or max skew assignments found ;
; out[9]      ; No output delay, min/max delays, false-path exceptions, or max skew assignments found ;
; out[10]     ; No output delay, min/max delays, false-path exceptions, or max skew assignments found ;
; out[11]     ; No output delay, min/max delays, false-path exceptions, or max skew assignments found ;
; out[12]     ; No output delay, min/max delays, false-path exceptions, or max skew assignments found ;
; out[13]     ; No output delay, min/max delays, false-path exceptions, or max skew assignments found ;
; out[14]     ; No output delay, min/max delays, false-path exceptions, or max skew assignments found ;
; out[15]     ; No output delay, min/max delays, false-path exceptions, or max skew assignments found ;
; out[16]     ; No output delay, min/max delays, false-path exceptions, or max skew assignments found ;
; out[17]     ; No output delay, min/max delays, false-path exceptions, or max skew assignments found ;
; out[18]     ; No output delay, min/max delays, false-path exceptions, or max skew assignments found ;
; out[19]     ; No output delay, min/max delays, false-path exceptions, or max skew assignments found ;
; out[20]     ; No output delay, min/max delays, false-path exceptions, or max skew assignments found ;
; out[21]     ; No output delay, min/max delays, false-path exceptions, or max skew assignments found ;
; out[22]     ; No output delay, min/max delays, false-path exceptions, or max skew assignments found ;
; out[23]     ; No output delay, min/max delays, false-path exceptions, or max skew assignments found ;
; out[24]     ; No output delay, min/max delays, false-path exceptions, or max skew assignments found ;
; out[25]     ; No output delay, min/max delays, false-path exceptions, or max skew assignments found ;
; out[26]     ; No output delay, min/max delays, false-path exceptions, or max skew assignments found ;
; out[27]     ; No output delay, min/max delays, false-path exceptions, or max skew assignments found ;
; out[28]     ; No output delay, min/max delays, false-path exceptions, or max skew assignments found ;
; out[29]     ; No output delay, min/max delays, false-path exceptions, or max skew assignments found ;
; out[30]     ; No output delay, min/max delays, false-path exceptions, or max skew assignments found ;
; out[31]     ; No output delay, min/max delays, false-path exceptions, or max skew assignments found ;
+-------------+---------------------------------------------------------------------------------------+


+--------------------------+
; Timing Analyzer Messages ;
+--------------------------+
Info: *******************************************************************
Info: Running Quartus Prime Timing Analyzer
    Info: Version 22.1std.1 Build 917 02/14/2023 SC Lite Edition
    Info: Processing started: Thu Oct 24 14:06:02 2024
Info: Command: quartus_sta mips_suma -c mips_suma
Info: qsta_default_script.tcl version: #1
Warning (18236): Number of processors has not been specified which may cause overloading on shared machines.  Set the global assignment NUM_PARALLEL_PROCESSORS in your QSF to an appropriate value for best performance.
Info (20030): Parallel compilation is enabled and will use 2 of the 2 processors detected
Info (21077): Low junction temperature is 0 degrees C
Info (21077): High junction temperature is 85 degrees C
Critical Warning (332012): Synopsys Design Constraints File file not found: 'mips_suma.sdc'. A Synopsys Design Constraints File is required by the Timing Analyzer to get proper timing constraints. Without it, the Compiler will not properly optimize the design.
Info (332142): No user constrained base clocks found in the design. Calling "derive_clocks -period 1.0"
Info (332105): Deriving Clocks
    Info (332105): create_clock -period 1.000 -name clk clk
Info (332143): No user constrained clock uncertainty found in the design. Calling "derive_clock_uncertainty"
Info (332123): Deriving Clock Uncertainty. Please refer to report_sdc in the Timing Analyzer to see clock uncertainties.
Info: Found TIMING_ANALYZER_REPORT_SCRIPT_INCLUDE_DEFAULT_ANALYSIS = ON
Info: Analyzing Slow 1200mV 85C Model
Info: Can't run Report Timing Closure Recommendations. The current device family is not supported.
Critical Warning (332148): Timing requirements not met
Info (332146): Worst-case setup slack is -2.326
    Info (332119):     Slack       End Point TNS Clock 
    Info (332119): ========= =================== =====================
    Info (332119):    -2.326             -52.551 clk 
Info (332146): Worst-case hold slack is 0.505
    Info (332119):     Slack       End Point TNS Clock 
    Info (332119): ========= =================== =====================
    Info (332119):     0.505               0.000 clk 
Info (332140): No Recovery paths to report
Info (332140): No Removal paths to report
Info (332146): Worst-case minimum pulse width slack is -3.000
    Info (332119):     Slack       End Point TNS Clock 
    Info (332119): ========= =================== =====================
    Info (332119):    -3.000             -47.896 clk 
Info: Analyzing Slow 1200mV 0C Model
Info (334003): Started post-fitting delay annotation
Info (334004): Delay annotation completed successfully
Info (332123): Deriving Clock Uncertainty. Please refer to report_sdc in the Timing Analyzer to see clock uncertainties.
Critical Warning (332148): Timing requirements not met
Info (332146): Worst-case setup slack is -2.030
    Info (332119):     Slack       End Point TNS Clock 
    Info (332119): ========= =================== =====================
    Info (332119):    -2.030             -43.947 clk 
Info (332146): Worst-case hold slack is 0.463
    Info (332119):     Slack       End Point TNS Clock 
    Info (332119): ========= =================== =====================
    Info (332119):     0.463               0.000 clk 
Info (332140): No Recovery paths to report
Info (332140): No Removal paths to report
Info (332146): Worst-case minimum pulse width slack is -3.000
    Info (332119):     Slack       End Point TNS Clock 
    Info (332119): ========= =================== =====================
    Info (332119):    -3.000             -47.896 clk 
Info: Analyzing Fast 1200mV 0C Model
Info (332123): Deriving Clock Uncertainty. Please refer to report_sdc in the Timing Analyzer to see clock uncertainties.
Critical Warning (332148): Timing requirements not met
Info (332146): Worst-case setup slack is -0.350
    Info (332119):     Slack       End Point TNS Clock 
    Info (332119): ========= =================== =====================
    Info (332119):    -0.350              -3.408 clk 
Info (332146): Worst-case hold slack is 0.179
    Info (332119):     Slack       End Point TNS Clock 
    Info (332119): ========= =================== =====================
    Info (332119):     0.179               0.000 clk 
Info (332140): No Recovery paths to report
Info (332140): No Removal paths to report
Info (332146): Worst-case minimum pulse width slack is -3.000
    Info (332119):     Slack       End Point TNS Clock 
    Info (332119): ========= =================== =====================
    Info (332119):    -3.000             -36.272 clk 
Info (332102): Design is not fully constrained for setup requirements
Info (332102): Design is not fully constrained for hold requirements
Info: Quartus Prime Timing Analyzer was successful. 0 errors, 5 warnings
    Info: Peak virtual memory: 4822 megabytes
    Info: Processing ended: Thu Oct 24 14:06:05 2024
    Info: Elapsed time: 00:00:03
    Info: Total CPU time (on all processors): 00:00:04


